dist_ema_50,rel_h1,rel_h4,dist_to_bull_ob,dist_to_bear_ob,dist_to_fvg,is_near_ob,spread,rsi,stoch_k,bb_pctb,bb_bw,atr,macro_bias,live_prob_buy,label
-0.001318397504236675,-0.0016428454082470395,0.0012039359633571557,0.8299999999999272,4.649999999999636,0.0,1.0,0.2800000000002001,,,,,,,,-1.0
-0.0014314173411741201,-0.001819711249592188,0.0010275727945810995,0.1299999999996544,0.7000000000002728,0.7000000000002728,1.0,0.2899999999999636,,,,,,,,-1.0
-0.0012582055978113426,-0.001682143531471452,0.0011647495298090056,0.599999999999909,0.2300000000000182,0.2300000000000182,1.0,0.33999999999969077,,,,,,,,-1.0
-0.0013858629193268495,-0.0018639374698029645,0.0009834722702512547,0.13000000000010914,0.9600000000000364,0.9600000000000364,1.0,0.3900000000003274,,,,,,,,-1.0
-0.00198509005398151,-0.0025745490244201206,0.00027488035341757046,2.580000000000382,3.8700000000003456,3.8700000000003456,1.0,0.38999999999987267,,,,,,,,-1.0
-0.0016320201287095396,-0.0022744447606803174,0.0005741316871619471,1.2600000000002183,2.6100000000001273,0.23999999999978172,1.0,0.3900000000003274,,,,,,,,-1.0
-0.0017409884783279195,-0.002463833912072532,0.0003852808009913518,0.29000000000041837,1.2099999999995816,1.2099999999995816,1.0,0.38000000000010914,,,,,,,,-1.0
-0.0015179119151529875,-0.0022891997860469047,0.000559418597233269,1.0299999999997453,0.2699999999999818,0.2699999999999818,1.0,0.2300000000000182,,,,,,,,-1.0
-0.0016462106978666878,-0.002493355551029087,0.0003558430658456471,0.13999999999987267,0.8899999999998727,1.1599999999998545,1.0,0.32999999999992724,,,,,,,,-1.0
-0.0014587002642679474,-0.002367900592343126,0.0004809414674603926,0.8299999999999272,0.1999999999998181,0.4699999999997999,1.0,0.3799999999996544,,,,,,,,-1.0
-0.0009683328890836684,-0.0018934237860136316,0.0009540697574602302,0.19000000000005457,1.0199999999999818,1.0199999999999818,1.0,0.38999999999987267,,,,,,,,-1.0
-0.0011213779317225515,-0.0020974183356064916,0.0007506549832697023,0.6000000000003638,0.4800000000000182,0.08999999999969077,1.0,0.3400000000001455,,,,,,,,-1.0
-0.0010286288464321609,-0.002053171499919024,0.0007947760644847402,0.330000000000382,0.75,0.3599999999996726,1.0,0.32999999999992724,,,,,,,,-1.0
-0.0009563878160757578,-0.0020113864094053946,0.0008364423970819823,0.02999999999974534,0.45000000000027285,0.7199999999997999,1.0,0.38999999999987267,,,,,,,,-1.0
-0.0011262181833733462,-0.0022375590978122193,0.0006109125168368427,1.0900000000001455,0.009999999999763531,0.009999999999763531,1.0,0.32999999999992724,,,,,,,,-1.0
-0.0012305616551899564,-0.002399876325391758,0.00044905661303342093,0.5399999999999636,0.4899999999997817,0.6700000000000728,1.0,0.2300000000000182,,,,,,,,-1.0
-0.0012967777208593564,-0.0025253392887819876,0.00032395022946467446,0.02999999999974534,1.0,1.180000000000291,1.0,0.3100000000004002,,,,,,,,-1.0
-0.0009404223510279619,-0.0021908411554294677,0.0006574976815846274,1.0100000000002183,0.07000000000016371,0.07000000000016371,1.0,0.34999999999990905,,,,,,,,-1.0
-0.0008602460647810233,-0.002141669079008592,0.0007065300054461955,0.7200000000002547,0.36000000000012733,0.03000000000020009,1.0,0.25999999999976353,,,,,,,,-1.0
-0.0007921588604398103,-0.002104793188123846,0.0007433010909108125,0.6200000000003456,0.4600000000000364,0.06999999999970896,1.0,0.3200000000001637,,,,,,,,-1.0
-0.0007350263223735283,-0.0020703781383767154,0.0007776183292244846,0.49000000000023647,0.5900000000001455,0.1999999999998181,1.0,0.3599999999996726,,,,,,,,-1.0
-0.000956120441939544,-0.0023408457961697393,0.0005079193708669495,0.7399999999997817,0.2899999999999636,0.47000000000025466,1.0,0.3400000000001455,,,,,,,,-1.0
-0.0009574504024006921,-0.002377739062154835,0.0004711309596839675,0.6599999999998545,0.36999999999989086,0.15999999999985448,1.0,0.34999999999990905,,,,,,,,-1.0
-0.00103098135595919,-0.0024982759932364543,0.00035093660808720807,0.17000000000007276,0.8599999999996726,0.4600000000000364,1.0,0.38999999999987267,,,,,,,,-1.0
-0.0010508348172722905,-0.0025647066908165875,0.00028469471400448997,0.04000000000041837,1.1899999999995998,0.7899999999999636,1.0,0.2899999999999636,,,,,,,,-1.0
-0.001145159293581873,-0.0027197458952210353,0.00013009614841755104,0.5700000000001637,1.9800000000000182,1.580000000000382,1.0,0.3500000000003638,,,,,,,,-1.0
-0.0009896880856318166,-0.002604077184749501,0.0002454361154335138,0.02999999999974534,1.3099999999999454,0.9100000000003092,1.0,0.30999999999994543,,,,,,,,-1.0
-0.0008480505022379782,3.190340630217658e-05,3.190340630217658e-05,0.0,1.0299999999997453,0.6300000000001091,1.0,0.3599999999996726,,,,,,,,-1.0
-0.000993118566090536,-0.00017918771508662823,-0.00017918771508662823,0.2300000000000182,1.5700000000001637,1.3500000000003638,1.0,0.30999999999994543,,,,,,,,-1.0
-0.0012397684783457897,-0.00048616516356511744,-0.00048616516356511744,1.1899999999995998,2.9899999999997817,2.769999999999982,1.0,0.38999999999987267,,,,,,,,1.0
-0.0011756290027089885,-0.00047633896673731247,-0.00047633896673731247,1.0499999999997272,2.849999999999909,2.630000000000109,1.0,0.32999999999992724,,,,,,,,1.0
-0.00036532227938469096,0.0003532780028017042,0.0003532780028017042,1.2399999999997817,0.21000000000003638,0.02999999999974534,1.0,0.38999999999987267,,,,,,,,-1.0
-0.0002537677545135899,0.0004587223478734149,0.0004587223478734149,1.8699999999998909,0.44000000000005457,0.1799999999998363,1.0,0.32999999999992724,,,,,,,,-1.0
-0.00042536136270695493,0.00026988765313055177,0.00026988765313055177,0.9600000000000364,0.11000000000012733,0.14000000000032742,1.0,0.38999999999987267,,,,,,,,-1.0
-0.0002395681767281658,0.00045627040644865294,0.00045627040644865294,1.4600000000000364,0.13999999999987267,0.1999999999998181,1.0,0.38999999999987267,,,,,,,,-1.0
-0.0002320389899554834,0.00045381845299419823,0.00045381845299419823,1.6100000000001273,0.010000000000218279,0.34999999999990905,1.0,0.36000000000012733,,,,,,,,-1.0
5.0300280254843925e-05,0.0007455164786117609,0.0007455164786117609,2.5599999999999454,0.09000000000014552,1.2999999999997272,1.0,0.34999999999990905,,,,,,,,-1.0
-6.425194002745427e-05,0.0006523877145092142,0.0006523877145092142,2.300000000000182,0.13000000000010914,0.0,1.0,0.38000000000010914,,,,,,,,-1.0
-0.00029238122548282656,0.00039987243333417785,0.00039987243333417785,0.9800000000000182,0.5599999999999454,0.13999999999987267,1.0,0.38999999999987267,,,,,,,,-1.0
-1.4893903277617272e-05,0.0006793478260869521,0.0006793478260869521,1.4600000000000364,0.08000000000038199,0.04999999999972715,1.0,0.30999999999994543,,,,,,,,-1.0
1.8727709656655535e-05,0.0007087571979320654,0.0007087571979320654,1.6100000000001273,0.06999999999970896,0.1999999999998181,1.0,0.36000000000012733,,,,,,,,-1.0
-0.0002764631202738078,0.0003827065695507725,0.0003827065695507725,0.09000000000014552,0.5599999999999454,0.13999999999987267,1.0,0.3400000000001455,,,,,,,,-1.0
-0.00011446141879205045,0.0005445327197937153,0.0005445327197937153,0.75,0.13000000000010914,0.07999999999992724,1.0,0.3200000000001637,,,,,,,,-1.0
-0.00037141347901111107,0.0002625290131361934,0.0002625290131361934,0.22999999999956344,0.24000000000023647,0.1799999999998363,1.0,0.3000000000001819,,,,,,,,-1.0
-0.0006697450987643717,-7.363101534720261e-05,-7.363101534720261e-05,0.6600000000003092,1.1399999999998727,0.9200000000000728,1.0,0.3900000000003274,,,,,,,,-1.0
-0.0006568924557909893,-9.81770967560056e-05,-9.81770967560056e-05,0.5300000000002001,1.2699999999999818,0.32999999999992724,1.0,0.32999999999992724,,,,,,,,-1.0
-0.0006272221375967666,-0.00010308645763025655,-0.00010308645763025655,0.5400000000004184,1.2599999999997635,0.31999999999970896,1.0,0.34999999999990905,,,,,,,,-1.0
-0.0006008134218322553,-0.00010799586670366046,-0.00010799586670366046,0.6400000000003274,1.1599999999998545,0.2199999999997999,1.0,0.36000000000012733,,,,,,,,-1.0
-0.0009290565354467935,-0.0004886217429310028,-0.0004886217429310028,0.1299999999996544,1.800000000000182,1.9200000000000728,1.0,0.2899999999999636,,,,,,,,-1.0
-0.0011288024971217942,-0.0007367984144098122,-0.0007367984144098122,0.830000000000382,2.7600000000002183,0.9800000000000182,1.0,0.38999999999987267,,,,,,,,-1.0
-0.000890856778361751,-0.0005254718811156388,-0.0005254718811156388,0.0,1.9299999999998363,0.1499999999996362,1.0,0.32999999999992724,,,,,,,,-1.0
-0.0008770706556938323,-0.0005500401480197908,-0.0005500401480197908,0.14000000000032742,2.0700000000001637,0.2899999999999636,1.0,0.330000000000382,,,,,,,,-1.0
-0.0009927238249760413,-0.0007023903374666616,-0.0007023903374666616,0.31999999999970896,2.6100000000001273,0.8299999999999272,1.0,0.32999999999992724,,,,,,,,-1.0
-0.0008576161912989592,-0.0006090089116666998,-0.0006090089116666998,0.3900000000003274,2.3200000000001637,0.5399999999999636,1.0,0.32999999999992724,,,,,,,,-1.0
-0.0006499538660146567,-0.0004173858388351186,-0.0004173858388351186,0.38999999999987267,1.5399999999999636,0.24000000000023647,1.0,0.3400000000001455,,,,,,,,-1.0
-0.0006809614013523671,-0.0004787954978491703,-0.0004787954978491703,0.25999999999976353,1.6700000000000728,0.11000000000012733,1.0,0.2600000000002183,,,,,,,,-1.0
-0.0006844704984404372,-0.0005181016363172372,-0.0005181016363172372,0.010000000000218279,1.9400000000000546,0.15999999999985448,1.0,0.38000000000010914,,,,,,,,-1.0
-0.0004260824180867537,-0.00027003341049740374,-0.00027003341049740374,1.069999999999709,1.0300000000002,0.75,1.0,0.34999999999990905,,,,,,,,-1.0
-0.0001829338952608856,-2.454246705785127e-05,-2.454246705785127e-05,0.569999999999709,0.07000000000016371,0.04999999999972715,1.0,0.32999999999992724,,,,,,,,-1.0
-0.00014867097691345893,7.362505215045364e-06,7.362505215045364e-06,0.27999999999974534,0.36000000000012733,0.24000000000023647,1.0,0.3500000000003638,,,,,,,,-1.0
-5.699929701693881e-05,0.00010797254552639182,0.00010797254552639182,0.009999999999763531,0.4299999999998363,0.5100000000002183,1.0,0.38999999999987267,,,,,,,,-1.0
-0.00018008385988775504,-2.6996780020450632e-05,-2.6996780020450632e-05,0.4099999999998545,0.2300000000000182,0.11000000000012733,1.0,0.36999999999989086,,,,,,,,-1.0
-0.000187378448665423,-4.663171742162302e-05,-4.663171742162302e-05,0.6100000000001273,0.02999999999974534,0.08000000000038199,1.0,0.38999999999987267,,,,,,,,-1.0
-0.00043863101919311924,-0.00032405759387240567,-0.00032405759387240567,0.9800000000000182,1.1199999999998909,0.2300000000000182,1.0,0.38999999999987267,,,,,,,,-1.0
-0.0005403059374559302,-0.0004542307295681884,-0.0004542307295681884,0.4600000000000364,1.6399999999998727,0.14000000000032742,1.0,0.34999999999990905,,,,,,,,-1.0
-0.00040931818389671924,-0.00033388079964454643,-0.00033388079964454643,0.5099999999997635,1.1300000000001091,0.24000000000023647,1.0,0.2899999999999636,,,,,,,,-1.0
-0.00038424273064268326,-0.00032405759387240567,-0.00032405759387240567,0.5299999999997453,1.1100000000001273,0.22000000000025466,1.0,0.36999999999989086,,,,,,,,-1.0
-0.0002934469845592883,-0.00024056813355950458,-0.00024056813355950458,0.8699999999998909,0.7699999999999818,0.11999999999989086,1.0,0.34999999999990905,,,,,,,,-1.0
-0.0005892912524324385,-0.0005746096215189205,-0.0005746096215189205,0.1799999999998363,1.1900000000000546,0.13999999999987267,1.0,0.38999999999987267,,,,,,,,-1.0
-0.00041937703112856443,-0.0004149296092787233,-0.0004149296092787233,0.2300000000000182,0.6799999999998363,0.08999999999969077,1.0,0.30999999999994543,,,,,,,,-1.0
-0.00026021092384292905,-0.00026266692851535835,-0.00026266692851535835,0.7599999999997635,0.15000000000009095,0.009999999999763531,1.0,0.2899999999999636,,,,,,,,-1.0
-0.0002850375207334355,-0.0002970447727484832,-0.0002970447727484832,0.6999999999998181,0.21000000000003638,0.0500000000001819,1.0,0.38999999999987267,,,,,,,,-1.0
-0.0004998644388428419,-0.0005352990430916444,-0.0005352990430916444,0.13999999999987267,1.2300000000000182,0.1799999999998363,1.0,0.3200000000001637,,,,,,,,-1.0
-0.0009033070918878939,-0.0009924753662209445,-0.0009924753662209445,0.9200000000000728,3.119999999999891,1.8799999999996544,1.0,0.25999999999976353,,,,,,,,-1.0
-0.0012072724289408335,-0.0013540878215651925,-0.0013540878215651925,2.4600000000000364,4.6599999999998545,1.949999999999818,1.0,0.3500000000003638,,,,,,,,-1.0
-0.0012593843487070417,-0.0014648377495569938,-0.0014648377495569938,2.9100000000003092,5.110000000000127,0.6700000000000728,1.0,0.3200000000001637,,,,,,,,-1.0
-0.0012135464436534731,-0.001472221949133438,-0.001472221949133438,2.950000000000273,5.150000000000091,0.7100000000000364,1.0,0.38000000000010914,,,,,,,,-1.0
-0.000995170761055387,-0.0012901101385455421,-0.0012901101385455421,1.3399999999996908,4.360000000000127,0.07999999999992724,1.0,0.3400000000001455,,,,,,,,-1.0
-0.0010955953527836187,-0.0014525309922433012,-0.0014525309922433012,0.5399999999999636,1.1799999999998363,0.7199999999997999,1.0,0.31999999999970896,,,,,,,,-1.0
-0.0009378859863470586,-0.0013270193425356613,-0.0013270193425356613,0.6999999999998181,0.4800000000000182,0.01999999999998181,1.0,0.3000000000001819,,,,,,,,-1.0
-0.000615904826063952,-0.0010293626304514589,-0.0010293626304514589,1.7699999999999818,0.7100000000000364,0.5599999999999454,1.0,0.25,,,,,,,,-1.0
-0.0006895312003458241,-0.001130201691862771,-0.001130201691862771,1.5299999999997453,0.34999999999990905,0.8099999999999454,1.0,0.38999999999987267,,,,,,,,-1.0
-0.0006163425204843937,-0.0010859283827774886,-0.0010859283827774886,1.5499999999997272,0.3400000000001455,0.8299999999999272,1.0,0.38000000000010914,,,,,,,,-1.0
-0.0005350322921223781,-0.0010170665736402562,-0.0010170665736402562,1.4800000000000182,0.2899999999999636,0.2699999999999818,1.0,0.32999999999992724,,,,,,,,-1.0
-0.0007317078440982933,-0.0012556640029880693,-0.0012556640029880693,0.919999999999618,0.2600000000002183,0.1999999999998181,1.0,0.30999999999994543,,,,,,,,-1.0
-0.0009577128833372017,-0.001533761180602895,-0.001533761180602895,0.13000000000010914,1.3099999999999454,0.849999999999909,1.0,0.3400000000001455,,,,,,,,-1.0
-0.0009991926244604576,-0.0016248531240935797,-0.0016248531240935797,0.010000000000218279,1.7300000000000182,0.8699999999998909,1.0,0.34999999999990905,,,,,,,,-1.0
-0.0011554909674850837,-2.212829988275579e-05,-0.0018391075902527343,0.75,2.4699999999998,1.6099999999996726,1.0,0.34999999999990905,,,,,,,,-1.0
-0.0011229228400644281,-2.9504617472719444e-05,-0.0018464973101624275,0.9200000000000728,2.6399999999998727,1.7799999999997453,1.0,0.3700000000003456,,,,,,,,-1.0
-0.0008755304484383353,0.00018927987610771298,-0.001627315298484505,0.03999999999996362,1.6799999999998363,0.819999999999709,1.0,0.29999999999972715,,,,,,,,-1.0
-0.0012223595846743785,-0.00021886734917219634,-0.0020362041024102953,0.42000000000007276,2.0100000000002183,2.5799999999999272,1.0,0.3000000000001819,,,,,,,,1.0
-0.0013644863479949528,-0.0004181445205850759,-0.0022358433483045826,1.2600000000002183,2.850000000000364,0.9400000000000546,1.0,0.30999999999994543,,,,,,,,1.0
-0.0013538655759259503,-0.00047474387199141307,-0.002292545537284653,1.3800000000001091,2.9700000000002547,0.36000000000012733,1.0,0.3000000000001819,,,,,,,,1.0
-0.0010622132819535963,-0.00021640763328745552,-0.0020337399173716263,0.32999999999992724,1.9200000000000728,0.009999999999763531,1.0,0.34999999999990905,,,,,,,,1.0
-0.001029940172413658,-0.00022870633368999004,-0.002046060963763612,0.38000000000010914,1.9700000000002547,0.05999999999994543,1.0,0.38000000000010914,,,,,,,,1.0
-0.0013177254505737925,-0.0005830387388651521,-0.002401037169334676,0.07000000000016371,3.230000000000018,0.6199999999998909,1.0,0.38000000000010914,,,,,,,,1.0
-0.000831144112083106,-0.00011556969713368824,-0.0019327187648304513,0.01999999999998181,1.6100000000001273,0.3000000000001819,1.0,0.34999999999990905,,,,,,,,1.0
-0.0008485301723250976,-0.00017213481598794882,-0.001989386659059983,0.07000000000016371,1.6600000000003092,0.25,1.0,0.3000000000001819,,,,,,,,1.0
-0.000752108620422434,-0.00011556969713368824,-0.0019327187648304513,0.07999999999992724,1.5100000000002183,0.40000000000009095,1.0,0.30999999999994543,,,,,,,,1.0
-0.0007035141244913052,-9.589637290419151e-05,-0.001913009695369238,0.40000000000009095,1.1900000000000546,0.7200000000002547,1.0,0.3900000000003274,,,,,,,,-1.0
-0.0005775958261041872,1.4751655873358369e-05,-0.0018021606258635686,0.5,0.7899999999999636,1.1200000000003456,1.0,0.2899999999999636,,,,,,,,-1.0
-8.2467420615733e-05,0.0005234173995738091,-0.0012925706674923928,0.9099999999998545,0.2699999999999818,0.5900000000001455,1.0,0.3900000000003274,,,,,,,,-1.0
-7.151348394272826e-05,0.0005185052305135837,-0.0012974917616645739,0.9099999999998545,0.2699999999999818,0.15000000000009095,1.0,0.36000000000012733,,,,,,,,-1.0
-0.00011350038213149411,0.00047674984395033935,-0.0013393230152216576,0.7100000000000364,0.4699999999997999,0.04999999999972715,1.0,0.29000000000041837,,,,,,,,-1.0
-0.0002218432487335696,0.0003490058249562804,-0.0014672991373166503,0.03999999999996362,0.2899999999999636,0.6099999999996726,1.0,0.3000000000001819,,,,,,,,-1.0
-0.00040168851313084503,0.00014995489061888904,-0.0016667117350764647,0.09000000000014552,0.38000000000010914,0.599999999999909,1.0,0.38000000000010914,,,,,,,,-1.0
-0.00027070501709435793,0.0002703778899709243,-0.0015460699344702225,0.19000000000005457,0.05999999999994543,0.31999999999970896,1.0,0.33999999999969077,,,,,,,,-1.0
-0.0003510221681264225,0.00017699115044242868,-0.0016396263520157505,0.40000000000009095,0.15000000000009095,0.5299999999997453,1.0,0.3000000000001819,,,,,,,,-1.0
-0.0006938677908287509,-0.0002016495920284876,-0.002018955061650683,0.4099999999998545,2.0,0.5,1.0,0.38999999999987267,,,,,,,,1.0
-0.0006727095263858268,-0.00021394792950055346,-0.0020312757444527776,0.4699999999997999,2.0599999999999454,0.3799999999996544,1.0,0.2800000000002001,,,,,,,,1.0
-0.0008615012633209242,-0.0004452129766055094,-0.0022629609860607197,0.49000000000023647,2.8099999999999454,1.1299999999996544,1.0,0.29000000000041837,,,,,,,,1.0
-0.0009721657728047845,-0.0006002696293089161,-0.00241829936725675,0.2199999999997999,3.519999999999982,0.8399999999996908,1.0,0.2699999999999818,,,,,,,,1.0
-0.0007586289045609455,-0.0004156838244879721,-0.002233378181272565,0.5799999999999272,2.7200000000002547,0.03999999999996362,1.0,0.30999999999994543,,,,,,,,1.0
-0.0008782357350454508,-0.0005805772315322632,-0.002398571189592907,0.0500000000001819,0.7800000000002001,0.6700000000000728,1.0,0.32999999999992724,,,,,,,,1.0
-0.0005485623790791258,-0.00026314430390957767,-0.002080561505677286,1.099999999999909,0.4800000000000182,0.4099999999998545,1.0,0.32999999999992724,,,,,,,,1.0
-0.0002764745581679496,1.4751655873358369e-05,-0.0018021606258635686,0.010000000000218279,0.9800000000000182,0.7000000000002728,1.0,0.25,,,,,,,,1.0
-0.00044006208440712123,-0.00017213481598794882,-0.001989386659059983,0.6900000000000546,0.8899999999998727,0.0,1.0,0.3000000000001819,,,,,,,,1.0
-0.00044522445522762267,-0.0001967303417206483,-0.0020140268733646926,0.9299999999998363,0.650000000000091,0.11999999999989086,1.0,0.25999999999976353,,,,,,,,1.0
-0.0004978324767349994,-0.0002729841595408277,-0.002090419239726819,1.050000000000182,0.3200000000001637,0.4099999999998545,1.0,0.36000000000012733,,,,,,,,1.0
-0.00039146273953154123,-0.00018443242764715862,-0.002001706614730464,0.7899999999999636,0.7899999999999636,0.01999999999998181,1.0,0.2899999999999636,,,,,,,,1.0
-1.4072764399444024e-05,0.00020648358455495187,-0.0016100803319469884,0.7100000000000364,0.2800000000002001,1.400000000000091,1.0,0.30999999999994543,,,,,,,,1.0
0.00014147887243004398,0.0003735745182854851,-0.0014426858041682782,1.6300000000001091,0.6399999999998727,1.0700000000001637,1.0,0.33999999999969077,,,,,,,,1.0
0.000432121412803108,0.000692857669344662,-0.0011228225350728887,2.7800000000002,0.34999999999990905,1.4600000000000364,1.0,0.38000000000010914,,,,,,,,-1.0
0.00017836503243338992,0.0004325344553014381,-0.0013836187405383356,1.7100000000000364,0.7199999999997999,0.0,1.0,0.30999999999994543,,,,,,,,1.0
1.6130370368972297e-05,0.0002703778899709243,-0.0015460699344702225,1.3200000000001637,0.32999999999992724,0.0,1.0,0.38999999999987267,,,,,,,,1.0
0.0003182687772914928,0.0005995498461809658,-0.0012162998928673897,1.0599999999999454,0.40000000000009095,0.6700000000000728,1.0,0.38000000000010914,,,,,,,,-1.0
0.00012745427440988556,0.000400598686134531,-0.0014156125350524387,0.02999999999974534,0.3599999999996726,0.02999999999974534,1.0,0.3500000000003638,,,,,,,,1.0
6.412210474718244e-05,0.0003318070210365428,-0.001484529190415438,0.11000000000012733,0.44000000000005457,0.11000000000012733,1.0,0.33999999999969077,,,,,,,,1.0
1.7870514682434818e-05,0.000285121569938319,-0.0015312994661344443,0.21000000000003638,0.11999999999989086,0.21000000000003638,1.0,0.2899999999999636,,,,,,,,1.0
-2.593325001142546e-05,0.00025563377512092546,-0.00156084083847876,0.19000000000005457,0.13999999999987267,0.19000000000005457,1.0,0.38999999999987267,,,,,,,,1.0
0.00015772046236725538,0.0004570990430409552,-0.0013590095204392574,0.5499999999997272,0.6200000000003456,0.15999999999985448,1.0,0.25,,,,,,,,1.0
0.00010327256313241189,0.0004055120142149499,-0.001410690279754195,0.7899999999999636,0.38000000000010914,0.40000000000009095,1.0,0.3900000000003274,,,,,,,,1.0
2.0081519554023562e-05,0.00032443592390495724,-0.0014919136803814982,0.03999999999996362,0.2899999999999636,0.03999999999996362,1.0,0.34999999999990905,,,,,,,,1.0
-0.0002816094046901985,0.0,-0.0018169390845970458,0.01999999999998181,0.18000000000029104,0.5399999999999636,1.0,0.36999999999989086,,,,,,,,1.0
-2.2096243268850162e-07,0.00029740763772298365,-0.0015189910753130255,0.16000000000030923,0.169999999999618,0.11000000000012733,1.0,0.2800000000002001,,,,,,,,1.0
7.809419571876696e-05,0.0003809448907916347,-0.001435302040144254,0.1799999999998363,0.5099999999997635,0.1799999999998363,1.0,0.30999999999994543,,,,,,,,1.0
9.092392630897004e-05,0.0003932286034485925,-0.001422996008729666,0.38000000000010914,0.7100000000000364,0.009999999999763531,1.0,0.38999999999987267,,,,,,,,1.0
0.00040654167120812457,0.0007419600520846084,-0.0010736309362945951,1.2899999999999636,0.11999999999989086,0.900000000000091,1.0,0.30999999999994543,,,,,,,,1.0
0.0005327199816729119,0.0008966010223707203,-0.0009187089927854905,2.2799999999997453,0.819999999999709,0.6299999999996544,1.0,0.3500000000003638,,,,,,,,-1.0
0.0005056664974021353,0.0008843296781039748,-0.0009310026333372547,2.4099999999998545,0.9499999999998181,0.7599999999997635,1.0,0.31999999999970896,,,,,,,,-1.0
0.0009769220316117769,0.0014190804947630884,-0.00039528020701883287,4.339999999999691,2.8799999999996544,2.6899999999996,1.0,0.3200000000001637,,,,,,,,-1.0
0.0010536057348740845,0.0015391979968332244,-0.00027494445876444153,4.980000000000018,3.519999999999982,0.930000000000291,1.0,0.33999999999969077,,,,,,,,-1.0
0.0009955753333096365,0.0015146865678968978,-0.0002995004234740219,4.829999999999927,3.369999999999891,0.7800000000002001,1.0,0.25,,,,,,,,-1.0
0.0008660012790378054,0.0014166288162433512,-0.0003977363400890956,4.460000000000036,3.0,0.41000000000030923,1.0,0.30999999999994543,,,,,,,,-1.0
0.0011415066518957405,0.0017499466180378642,-6.381292015291006e-05,2.550000000000182,4.119999999999891,1.5300000000002,1.0,0.3900000000003274,,,,,,,,-1.0
0.0009606816125826576,0.0016029220803129615,-0.0002111045925068001,2.1100000000001273,0.5399999999999636,0.0,1.0,0.3200000000001637,,,,,,,,-1.0
0.0008704927887587007,0.0015391979968332244,-0.00027494445876444153,2.0100000000002183,0.6399999999998727,0.09999999999990905,1.0,0.32999999999992724,,,,,,,,-1.0
0.0004096548280193877,-1.7192047449979483e-05,-0.0007417140471307656,0.03999999999996362,1.6099999999996726,0.9800000000000182,1.0,0.38999999999987267,,,,,,,,-1.0
0.0004479880872162144,4.911687852420304e-05,-0.0006753570797068705,0.5300000000002001,2.0799999999999272,0.2600000000002183,1.0,0.38999999999987267,,,,,,,,-1.0
0.00028757918913659765,-0.00010807411919583026,-0.0008326619638049636,0.569999999999709,1.0,0.8600000000001273,1.0,0.33999999999969077,,,,,,,,-1.0
0.0004981297867448567,0.00012769384908551114,-0.0005967231793804616,0.3200000000001637,0.47000000000025466,0.47000000000025466,1.0,0.3900000000003274,,,,,,,,-1.0
0.00034632761192025633,-1.473600447973196e-05,-0.000739256224733946,0.06999999999970896,0.4299999999998363,0.900000000000091,1.0,0.3900000000003274,,,,,,,,-1.0
0.00027179135382469905,-7.859704278619368e-05,-0.0008031635309721427,0.3799999999996544,0.8000000000001819,0.9899999999997817,1.0,0.36000000000012733,,,,,,,,-1.0
-0.00015720172077641375,-0.0005307699112434402,-0.0012556640029880693,1.0899999999996908,0.08000000000038199,0.5100000000002183,1.0,0.34999999999990905,,,,,,,,-1.0
-0.0005016957145832262,-0.0009119938249904945,-0.001637164117098988,0.6300000000001091,1.800000000000182,1.6900000000000546,1.0,0.30999999999994543,,,,,,,,-1.0
-0.0005223512097990742,-0.0009513625133669853,-0.0016765613284659374,0.7699999999999818,1.9800000000000182,0.9899999999997817,1.0,0.38999999999987267,,,,,,,,-1.0
-0.0005899524103622247,-0.001039953386486511,-0.0017652163865185388,0.569999999999709,2.180000000000291,1.1900000000000546,1.0,0.3100000000004002,,,,,,,,-1.0
-0.0008342169180060272,-0.0013304445553831003,-0.0020559180190394062,0.9700000000002547,3.7200000000002547,1.3899999999998727,1.0,0.2800000000002001,,,,,,,,1.0
-0.0008768653405790277,-0.0014067879980324152,-0.002132316773241533,0.6700000000000728,3.4200000000000728,1.0199999999999818,1.0,0.38999999999987267,,,,,,,,1.0
-0.001040782457641571,-0.0016235683079466065,-0.002349254142559182,1.9400000000000546,2.2899999999999636,2.2899999999999636,1.0,0.3900000000003274,,,,,,,,1.0
-0.0007788916565812211,-0.0013846225735287842,-0.002110135289676305,0.9500000000002728,1.300000000000182,1.300000000000182,1.0,0.34999999999990905,,,,,,,,1.0
-0.00036078345578191014,-0.0009710480189390792,-0.0016962610963746946,0.6099999999996726,0.25999999999976353,0.19000000000005457,1.0,0.38000000000010914,,,,,,,,1.0
-0.0003033411912739638,-0.0009267567202153375,-0.0016519377081823166,0.8699999999998909,0.5199999999999818,0.2800000000002001,1.0,0.3700000000003456,,,,,,,,1.0
-0.00042611156890505914,-0.001071948389127019,-0.0017972345698438164,0.11999999999989086,0.2300000000000182,0.2300000000000182,1.0,0.34999999999990905,,,,,,,,1.0
-0.0003434647018178537,-0.0010005777291555835,-0.0017258122011480786,0.5599999999999454,0.21000000000003638,0.02999999999974534,1.0,0.38999999999987267,,,,,,,,1.0
-0.0004181718362690607,-0.0010940999736923829,-0.0018194022034436097,0.23999999999978172,0.11000000000012733,0.11000000000012733,1.0,0.38999999999987267,,,,,,,,1.0
-0.00043274235525613615,-0.001133482989149463,-0.0018588137522712552,0.01999999999998181,0.32999999999992724,0.32999999999992724,1.0,0.33999999999969077,,,,,,,,1.0
-0.0002643331523042267,-0.000966126569955636,-0.001691336081754493,1.4800000000000182,0.44000000000005457,0.20000000000027285,1.0,0.36999999999989086,,,,,,,,1.0
-0.00015838480296794349,-0.000860327120952161,-0.001585459980040478,1.7999999999997272,0.20000000000027285,0.5199999999999818,1.0,0.3500000000003638,,,,,,,,1.0
-0.0002158228493839718,-0.0009292172450920479,-0.0016544000157327832,1.599999999999909,0.40000000000009095,0.3200000000001637,1.0,0.38999999999987267,,,,,,,,1.0
0.000149505172593936,-0.0005455215628455092,-0.0012704263423025121,1.180000000000291,1.2999999999997272,0.849999999999909,1.0,0.38999999999987267,,,,,,,,1.0
0.00046002345323348687,-0.00021125757210998966,-0.0009359201741155297,0.04999999999972715,1.1300000000001091,1.4899999999997817,1.0,0.38999999999987267,,,,,,,,-1.0
0.0005699423232587092,-8.105339945324011e-05,-0.0008056216672930375,0.4299999999998363,0.75,0.7100000000000364,1.0,0.3900000000003274,,,,,,,,-1.0
0.0006563799279191103,3.4382321592669545e-05,-0.0006901023119655256,0.11000000000012733,0.21000000000003638,0.4499999999998181,1.0,0.38999999999987267,,,,,,,,-1.0
0.0006715517633464778,7.612910513930402e-05,-0.0006483252824757854,0.07000000000016371,0.25,0.25,1.0,0.38999999999987267,,,,,,,,-1.0
0.0005529369622554999,-1.964810248448469e-05,-0.0007441718816005836,0.03999999999996362,0.36000000000012733,0.13999999999987267,1.0,0.3900000000003274,,,,,,,,-1.0
0.0004001274656319652,-0.00016457670625504917,-0.0008892054875277608,0.29999999999972715,0.8800000000001091,0.22000000000025466,1.0,0.33999999999969077,,,,,,,,-1.0
0.0005918448366987278,6.38510012328691e-05,-0.0006606122819856813,0.9200000000000728,0.03999999999996362,0.4600000000000364,1.0,0.38999999999987267,,,,,,,,-1.0
0.00024164479798428835,-0.00028497307495770963,-0.0010096890845485947,0.3200000000001637,1.5,0.03999999999996362,1.0,0.38999999999987267,,,,,,,,-1.0
-0.00017073615104261738,-0.0007250348385383834,-0.0014500696770768785,1.3299999999999272,0.2300000000000182,0.8099999999999454,1.0,0.38999999999987267,,,,,,,,1.0
-0.0002737585929204782,-0.0008455661852182248,-0.001570688349867726,0.8299999999999272,0.2699999999999818,1.4099999999998545,1.0,0.38999999999987267,,,,,,,,1.0
-0.00022861807781911951,-0.0008062058184463198,-0.0015312994661344443,1.0599999999999454,0.03999999999996362,1.1799999999998363,1.0,0.38999999999987267,,,,,,,,1.0
8.493415451523082e-05,-0.00048160088064150747,-0.0012064593489542023,1.0399999999999636,1.4400000000000546,0.3000000000001819,1.0,0.38999999999987267,,,,,,,,1.0
5.47584486690203e-05,-0.0005160186946201142,-0.001240902098967516,1.2600000000002183,1.2199999999998,0.07999999999992724,1.0,0.45000000000027285,,,,,,,,1.0
-0.0001949713624005588,-0.000786526795984736,-0.0015116061860332727,1.2300000000000182,0.13000000000010914,0.6599999999998545,1.0,0.4499999999998181,,,,,,,,1.0
-6.279607540690465e-06,-0.0005946968766125914,-0.0013196372840537415,1.1299999999996544,0.8399999999996908,0.04999999999972715,1.0,0.4499999999998181,,,,,,,,1.0
0.0002129167723237082,-0.00035869944426144315,-0.0010834688693105241,0.8699999999998909,1.8299999999999272,0.44000000000005457,1.0,0.4499999999998181,,,,,,,,1.0
4.409392374576161e-05,-0.0005307699112434402,-0.0012556640029880693,1.1900000000000546,0.900000000000091,0.11000000000012733,1.0,0.45000000000027285,,,,,,,,1.0
0.00013267012376476267,-0.0004422691355111961,-0.0011670991075991666,1.2399999999997817,0.4099999999998545,0.3200000000001637,1.0,0.4499999999998181,,,,,,,,1.0
0.00017141609983123833,-0.0003980246185597137,-0.0011228225350728887,0.9099999999998545,0.07999999999992724,0.4800000000000182,1.0,0.45000000000027285,,,,,,,,1.0
0.00011997170075184118,-0.00044718543453148947,-0.0011720189685250207,1.1900000000000546,0.36000000000012733,0.36999999999989086,1.0,0.4499999999998181,,,,,,,,1.0
0.0001330370516090303,-0.00042260442260437346,-0.0011474201474201654,1.0599999999999454,0.2300000000000182,0.5,1.0,0.4499999999998181,,,,,,,,1.0
0.00024738738614870726,-0.00029234522285785875,-0.0010170665736402562,0.4600000000000364,0.36999999999989086,0.03000000000020009,1.0,0.4499999999998181,,,,,,,,1.0
0.00047218837333614023,-4.4209316376564225e-05,-0.0007687508903265372,0.47000000000025466,0.4899999999997817,0.010000000000218279,1.0,0.4499999999998181,,,,,,,,1.0
0.000801476362452537,0.0003412625733162933,-0.00038299972257070035,2.0900000000001455,0.6100000000001273,1.6300000000001091,1.0,0.4499999999998181,,,,,,,,1.0
0.000817914173358498,0.0003927999764320907,-0.00033142498011447887,2.230000000000018,0.75,0.5,1.0,0.4499999999998181,,,,,,,,1.0
0.0009605003415646443,0.0005817249987114535,-0.00014236307985339726,2.900000000000091,1.4200000000000728,1.1700000000000728,1.0,0.4499999999998181,,,,,,,,1.0
0.00130423707484758,0.0009961283484389246,0.0002723405090559665,4.650000000000091,3.1700000000000728,1.7400000000002365,1.0,0.4499999999998181,,,,,,,,-1.0
0.0007528731293197909,0.0004615082482325484,-0.00026266692851535835,3.0700000000001637,1.5900000000001455,0.16000000000030923,1.0,0.45000000000027285,,,,,,,,1.0
0.0010598843144388683,0.0008318793848510414,0.00010797254552639182,1.3200000000001637,1.3099999999999454,0.7400000000002365,1.0,0.4499999999998181,,,,,,,,0.0
0.0014936188433039878,0.0013465090098376674,0.0006229750245878833,3.7600000000002183,1.1300000000001091,3.180000000000291,1.0,0.4499999999998181,,,,,,,,0.0
0.0017382108996359886,0.001669719237078163,0.0009464194207226935,4.690000000000055,2.0599999999999454,1.0099999999997635,1.0,0.4499999999998181,,,,,,,,-1.0
-0.00016460352370298528,-0.0013679182502476367,-0.005853704224032968,,,9999.0,,0.38999999999987267,50.0,50.0,0.5,0.0,0.0,NEUTRAL,,1.0
0.00025405893058750233,-0.0009189274416862979,-0.005402702090128869,,,9999.0,,0.38999999999987267,50.0,50.0,0.5,0.0,0.0,NEUTRAL,,-1.0
0.00036866148044128994,-0.0007833226180710646,-0.005266489803257959,,,9999.0,,0.38999999999987267,50.0,50.0,0.5,0.0,0.0,NEUTRAL,,-1.0
0.00035151438136503643,-0.0007882530587913169,-0.0052714423306672534,,,9999.0,,0.38999999999987267,50.0,50.0,0.5,0.0,0.0,NEUTRAL,,-1.0
0.00014336600576251158,-0.0009978417053483643,-0.005481969862716691,,,9999.0,,0.38999999999987267,50.0,50.0,0.5,0.0,0.0,NEUTRAL,,-1.0
3.9857895239765845e-05,-0.0011039023440676382,-0.005588505616842467,,,9999.0,,0.38999999999987267,50.0,50.0,0.5,0.0,0.0,NEUTRAL,,-1.0
0.00016745914235633043,-0.0009633151839167889,-0.005447288674271386,,,9999.0,,0.38999999999987267,50.0,50.0,0.5,0.0,0.0,NEUTRAL,,-1.0
0.00031641669481905643,-0.000790718297369208,-0.0052739186126712755,,,9999.0,,0.38999999999987267,50.0,50.0,0.5,0.0,0.0,NEUTRAL,,-1.0
0.0007555396048936124,-0.00030283781188601927,-0.004783852589386468,,,9999.0,,0.38999999999987267,50.0,50.0,0.5,0.0,0.0,NEUTRAL,,-1.0
-0.00021639970344902355,-0.0013259624934996068,-0.005811560519836542,,,9999.0,,0.3900000000003274,50.0,50.0,0.5,0.0,0.0,NEUTRAL,,-1.0
-0.0002801816173071493,-0.0014049409555076933,-0.00589089277835703,,,9999.0,,0.38999999999987267,50.0,50.0,0.5,0.0,0.0,NEUTRAL,,-1.0
-0.0007032680246586216,-0.0018766028802525469,-0.006364667587295423,,,9999.0,,0.3900000000003274,40.4460966542754,50.0,0.5,0.0,2.9350000000000427,NEUTRAL,,-1.0
-0.0006051686067140256,-0.001800020219405137,-0.00628774186230585,,,9999.0,,0.38999999999987267,42.20779220779204,50.0,0.5,0.0,2.9014285714286285,NEUTRAL,,-1.0
-0.001429071229755235,-0.0027222603398999318,-0.007214113303288929,,,9999.0,,0.38999999999987267,31.590909090907985,12.835829493086655,0.5,0.0,3.09928571428577,NEUTRAL,,-1.0
-0.0011432951341159368,-0.002477317982515653,-0.006968073687872797,,,1.4400000000000546,,0.38999999999987267,35.508849557521046,13.564516129031395,0.5,0.0,3.1378571428571638,NEUTRAL,,-1.0
-0.0013622284456639576,-0.002764333191003038,-0.007256374626383114,,,2.269999999999982,,0.38999999999987267,27.51015670342369,10.05952380952389,0.5,0.0,3.1071428571428896,NEUTRAL,,-1.0
-0.001356072807697623,-0.00281631041121584,-0.007308584686774974,,,2.4600000000000364,,0.38999999999987267,25.45561434450316,11.176856335754891,0.5,0.0,2.9650000000000483,NEUTRAL,,-1.0
-0.00157463941332825,-0.0031134264974569475,-0.007607031751518543,,,3.8200000000001637,,0.3900000000003274,23.92265193370139,7.205726352816687,0.020042372439262806,0.0033747352311381848,3.0457142857143418,NEUTRAL,,1.0
-0.0012452159055730773,-0.0028237361682591456,-0.007316043708671469,,,2.4899999999997817,,0.3900000000003274,29.947089947090717,9.315040762619995,0.15853248582640056,0.0035532554740196195,3.059285714285774,NEUTRAL,,-1.0
-0.0018154539794597523,-0.003499940720834669,-0.00799527742649392,,,5.599999999999909,,0.3900000000003274,26.362366092222274,5.921409535090393,0.028083505514511248,0.003940767917057154,3.0700000000000336,NEUTRAL,,1.0
-0.0014022062950407388,-0.0031332404965778928,-0.0076269345105824836,,,4.110000000000127,,0.3900000000003274,29.261744966443743,8.66883821932655,0.1623846911631899,0.004131779129522258,3.0335714285714466,NEUTRAL,,1.0
-0.0014244583421351073,-0.0032174587261529627,-0.007711530009037532,,,4.050000000000182,,0.38999999999987267,26.017781937296164,7.951515151513431,0.19946172815449736,0.004201812492764509,3.0271428571428975,NEUTRAL,,1.0
-0.0007034840786883503,-0.0024971068598880967,-0.0069879512126513905,,,1.2399999999997817,,0.38999999999987267,30.566534914361966,18.52121212121071,0.3817559332758287,0.004075749353527972,2.964285714285747,NEUTRAL,,1.0
-0.00048339388513674156,-0.0022868899776491616,-0.006776792630638961,,,0.11999999999989086,,0.38999999999987267,40.80808080808142,33.193051149581144,0.46554294240441013,0.003915634507030748,2.7764285714285637,NEUTRAL,,1.0
-0.00034969333493696904,-0.0021632741660171043,-0.006652623062426679,,,0.15999999999985448,,0.38999999999987267,42.179616548939784,50.33218244082479,0.4986562405481122,0.003763151864527136,2.867142857142848,NEUTRAL,,1.0
0.0008245336786204845,-0.0009041324024300893,-0.005387840774154216,,,5.320000000000164,,0.3900000000003274,58.68055555555523,69.57400161455921,0.8300408828272894,0.003812438748065815,3.109999999999997,NEUTRAL,,1.0
0.0009807035385358868,-0.0006970477687082024,-0.005179828472061488,,,2.1100000000001273,,0.38999999999987267,59.9157894736839,82.00658400002217,0.8887503704269232,0.003906670410413196,3.164999999999996,NEUTRAL,,1.0
0.001093706817583736,-0.0005343985184601621,-0.005016450608771116,,,2.349999999999909,,0.3900000000003274,72.49498997995941,92.43850833002614,0.89846220048497,0.003945142129263641,2.8878571428571314,NEUTRAL,,1.0
0.0010952568930757778,-0.00048758505034685474,-0.0049694274323230205,,,2.5700000000001637,,0.38999999999987267,71.58385093167671,94.41881429786814,0.9213537522469939,0.0038804139948468777,2.780714285714274,NEUTRAL,,1.0
0.0010048988311401974,-0.000539326506789617,-0.005021400672803741,,,2.4700000000002547,,0.3900000000003274,74.39483593329713,94.41472157960926,0.8844722996114737,0.0040831123930130196,2.7478571428571286,NEUTRAL,,1.0
0.0017753177980328932,0.0003395510544536818,-0.004138586040514878,,,6.0900000000001455,,0.38999999999987267,79.24613987284255,95.55597714078947,1.0152185578899413,0.004608193094422592,2.884999999999991,NEUTRAL,,1.0
0.0012764126521260073,-0.00012800661695742594,-0.004608238210467558,,,3.9900000000002365,,0.38999999999987267,76.66959578207428,89.69936830448334,0.8613129118910705,0.004898301024301835,2.973571428571404,NEUTRAL,,1.0
0.002213214422420589,0.0009418094544882083,-0.0035336297287196176,,,8.440000000000055,,0.3900000000003274,79.48222565687783,92.05420128516373,0.9938264098040419,0.005529768653014466,3.110714285714234,NEUTRAL,,1.0
0.0019813641429940825,0.0007845548450565801,-0.0036915887850467828,,,7.890000000000327,,0.38999999999987267,88.2075471698129,89.02190002798785,0.909025579391612,0.005905933280948395,3.0228571428570894,NEUTRAL,,1.0
0.002679932541020118,0.001626763453358306,-0.0028456073700740356,,,11.329999999999927,,0.3900000000003274,89.11753066877861,95.52552676605357,0.9691954995591562,0.006505451513797554,3.1142857142856752,NEUTRAL,,-1.0
0.0019739386207995695,0.0009737457490834339,-0.003501550370441465,,,8.519999999999982,,0.38999999999987267,80.15703069236376,90.2351750563965,0.8245235680282442,0.006695857155632771,3.2971428571427817,NEUTRAL,,1.0
0.0018856663053563759,0.0009614628004878267,-0.003513888342448071,,,8.550000000000182,,0.3900000000003274,77.97147385103113,87.97265778342062,0.7933508964262161,0.006786966217225551,3.1871428571427844,NEUTRAL,,1.0
0.0014408692181834613,0.0005584145945467204,-0.0039187420665768675,,,6.869999999999891,,0.38999999999987267,71.93798449612409,79.07933295757375,0.7103707597223066,0.0066155987413858055,3.2249999999999415,NEUTRAL,,1.0
0.0013749240459501272,0.0005485800877728185,-0.003928620628579363,,,0.5700000000001637,,0.38999999999987267,71.72979304959048,74.55304417313171,0.692759774723912,0.0064534028451897025,3.2378571428571052,NEUTRAL,,1.0
0.0015216575371887458,0.0007722672438175267,-0.003703931430539087,,,0.9099999999998545,,0.3900000000003274,66.98586411308716,71.10693886367214,0.7310117347094237,0.005982134765694829,2.9299999999999664,NEUTRAL,,1.0
0.0014281677019401771,0.0007354026267893739,-0.003740961188450006,,,0.13000000000010914,,0.38999999999987267,62.85317276516993,67.75889842396084,0.6815541610321912,0.005460870940484578,2.898571428571391,NEUTRAL,,1.0
0.0012584675538412405,0.0006149592527999095,-0.0038619441075834985,,,0.05999999999994543,,0.38999999999987267,61.88486536676059,63.53116428299779,0.6577910285464288,0.004749363751289371,2.880714285714248,NEUTRAL,,1.0
0.0011526048399421152,0.0005534973653525409,-0.003923681323276969,,,0.6100000000001273,,0.38999999999987267,59.945130315500734,56.462194372936125,0.6104182377817862,0.004168077653752213,2.875714285714269,NEUTRAL,,1.0
0.0016137489188101832,0.0011014705123067246,-0.003373253443939393,,,1.5499999999997272,,0.34999999999990905,63.811115754282994,59.97081543039462,0.7277640400552016,0.0036230627643403478,2.974999999999974,NEUTRAL,,1.0
0.0019522485766477022,0.0015408888495679568,-0.0029318666627346454,,,2.6299999999996544,,0.38999999999987267,61.64747564216095,72.4832322588841,0.8947510014127547,0.0030211644133151154,2.8678571428570843,NEUTRAL,,1.0
0.0020189464183705177,0.0016954525015296154,-0.0027766106184470593,,,1.650000000000091,,0.38999999999987267,68.23244552058081,86.4469097375084,0.8772248421529342,0.002928642099798193,2.699285714285679,NEUTRAL,,-1.0
0.0027793096416105765,0.0026046908985570176,-0.0018632991442080968,,,3.650000000000091,,0.38999999999987267,67.06827309236988,95.65798564974757,1.0779131471318522,0.0032151152991540624,2.6492857142856923,NEUTRAL,,-1.0
0.002103770639199026,0.0019921786721429375,-0.0024785552160200017,,,0.02999999999974534,,0.38999999999987267,61.6520535302252,89.51890058854745,0.8673582876638223,0.003163070095228371,2.6385714285714,NEUTRAL,,-1.0
0.0023606269245360577,0.0023597762509761093,-0.0021093109256904116,,,1.3799999999996544,,0.38999999999987267,57.5587334014298,88.54076172489827,0.9287574131837245,0.0031478632139998694,2.537857142857092,NEUTRAL,,-1.0
0.0015750631914334915,-1.4744333261236515e-05,-0.002862858041559383,,,0.2899999999999636,,0.38999999999987267,57.034412955465854,74.55726629312683,0.6790029397389629,0.0028259651400038967,2.5649999999999573,NEUTRAL,,-1.0
0.0002934529305431645,-0.0013385892647109618,-0.0041904733783139185,,,1.6900000000000546,,0.38999999999987267,44.620881302104046,53.06265001851679,0.2065947366060231,0.0028406665171435606,3.0057142857142156,NEUTRAL,,-1.0
0.0002778670287431462,-0.0013435171606019833,-0.004195415309205844,,,1.1700000000000728,,0.38999999999987267,47.707979626485766,30.331581967279174,0.1780262292004061,0.002695461023374845,3.104999999999921,NEUTRAL,,-1.0
-0.00044995120829693767,-0.002122734436564197,-0.004976851851851861,,,4.4099999999998545,,0.38999999999987267,41.74466491950609,13.255602986877937,-0.017321422721908435,0.003077677680975525,3.2142857142856167,NEUTRAL,,1.0
-0.0001289985886268595,-0.0017946249873834572,-0.00464780792342936,,,3.049999999999727,,0.38999999999987267,41.48176006017352,16.6848760337995,0.13041995674030596,0.003270988913568361,3.3357142857141753,NEUTRAL,,1.0
0.00045062145362441386,-0.001171069658962919,-0.004022476664714974,,,0.4099999999998545,,0.3900000000003274,48.04920913883987,22.681524671885228,0.3460201040578689,0.003253798532395,3.399999999999896,NEUTRAL,,1.0
0.0014268331617387706,-9.584593871263486e-05,-0.0029441906301993395,,,0.7200000000002547,,0.38999999999987267,54.8297213622289,42.27436060029789,0.6422222748875359,0.0032832454730717165,3.8207142857141725,NEUTRAL,,1.0
0.0023499480431739823,0.0009672604434668319,-0.0018780564448023476,,,2.4099999999998545,,0.38999999999987267,61.51315789473696,66.39188332276643,0.9306707561072688,0.0035912831463631193,4.100714285714178,NEUTRAL,,-1.0
0.001034576987180258,-0.00035398404121948844,-0.0032030639285346046,,,0.2800000000002001,,0.38999999999987267,51.73469387755117,74.61424645952373,0.5849039127082428,0.0035675807069969244,4.352857142857017,NEUTRAL,,-1.0
0.00046990146273560553,-0.0009223572006581941,-0.0037730558554924885,,,0.6100000000001273,,0.38999999999987267,45.25125628140738,68.23081800887907,0.3844611569045518,0.003550469148836696,4.438571428571322,NEUTRAL,,-1.0
-0.0004449680306648705,-0.0018957485991157128,-0.0047492195424599475,,,1.5199999999999818,,0.3900000000003274,40.833142595559906,43.26780807440442,0.14210226040741916,0.0037661181765045915,4.688571428571322,NEUTRAL,,-1.0
8.650193734614599e-06,-0.0014223700918388933,-0.004274492819245884,,,0.5099999999997635,,0.3900000000003274,38.4523809523805,32.91058972733172,0.28534023001090775,0.003832661497402621,4.689999999999892,NEUTRAL,,-1.0
-0.00047788293890548526,-0.001950018466083977,-0.004803643973901321,,,1.6700000000000728,,0.38999999999987267,38.562559694364715,24.01183682096934,0.17395334934982892,0.004012544261237674,4.8199999999999035,NEUTRAL,,-1.0
-0.0007016842882139323,-0.0022140512211761406,-0.005068428713215197,,,2.8099999999999454,,0.3900000000003274,35.51715862730987,21.28514056225033,0.13930107240747483,0.004244256422381905,4.830714285714196,NEUTRAL,,-1.0
-0.0014136036371268173,-0.0030168737891836787,-0.0058735377774711455,,,6.0300000000002,,0.3900000000003274,35.32219570405694,12.106264392751923,0.034148535219931456,0.004720510547530521,4.827142857142787,NEUTRAL,,-1.0
-0.0018847292490929474,-0.0035882777992883082,-0.006446569187175009,,,2.549999999999727,,0.3900000000003274,38.24289405684747,7.3515846709634,0.009271716547685452,0.005248692843247435,4.533571428571349,NEUTRAL,,1.0
-0.0011168421485250664,-0.0028339641984070655,-0.00569010724706257,,,0.6400000000003274,,0.38999999999987267,42.997131931166614,10.239483135937576,0.19368779834126304,0.005382372180328576,4.506428571428485,NEUTRAL,,1.0
-0.0012162687804975942,-0.002989680303848162,-0.005846266843139203,,,0.1499999999996362,,0.38999999999987267,45.67149022594579,13.992782152231499,0.1856981585576736,0.005234846378646449,4.402857142857036,NEUTRAL,,1.0
-0.0009589451000192834,-0.002762301605880434,-0.0056182405543331124,,,0.7899999999999636,,0.38999999999987267,45.085963561713505,19.47178477690299,0.2541221639145714,0.005108218604870991,4.382142857142753,NEUTRAL,,1.0
-0.0007426587403117788,-0.00256960475389205,-0.005424994887890938,,,1.4600000000000364,,0.3700000000003456,42.16216216216173,20.816929133857908,0.3046614337328578,0.004733566692058728,4.332857142857035,NEUTRAL,,1.0
-0.0009038729275834382,-0.002774656494569021,-0.005630630630630721,,,0.900000000000091,,0.3900000000003274,34.48687350835266,22.539370078739378,0.2964643593913007,0.0045489939049292325,4.125714285714204,NEUTRAL,,1.0
-0.0005037205073677335,-0.0023794510020296407,-0.005234299564506276,,,2.2899999999999636,,0.38999999999987267,27.236580516897405,24.99999999999925,0.3833792742134882,0.004555656429247586,3.9421428571427635,NEUTRAL,,1.0
-0.0005424705367246697,-0.0024436506958985275,-0.005298682103707407,,,2.019999999999982,,0.38999999999987267,32.14704732107835,29.164104194918433,0.3809929916635309,0.0045597209642805146,3.664999999999931,NEUTRAL,,1.0
-0.0003376374984517474,-0.0022461394478240256,-0.005100608329433794,,,2.7200000000002547,,0.38999999999987267,38.119658119657814,39.567385925287596,0.420376764293064,0.004567123694759713,3.539999999999931,NEUTRAL,,1.0
0.00016691332648340323,-0.0017107818642353723,-0.004563726009053709,,,0.47000000000025466,,0.3900000000003274,52.39835541343028,57.48580974590544,0.5560268841948707,0.004572400248668193,3.391428571428508,NEUTRAL,,-1.0
-0.00018216489947175284,-0.0020832512509357482,-0.00493725621527919,,,0.11999999999989086,,0.38999999999987267,43.6027713625864,67.69070756762626,0.4694692518604691,0.004520193285393046,3.3021428571427935,NEUTRAL,,-1.0
0.0005102026410651679,-0.0013410532065936199,-0.004192944337679761,,,0.7399999999997817,,0.3900000000003274,55.22321428571469,79.16137983509242,0.6518387426024055,0.004239044400434171,3.305714285714235,NEUTRAL,,-1.0
0.0006390340670645419,-0.00118092220182949,-0.004032357268330207,,,0.07999999999992724,,0.3900000000003274,59.443430656934176,80.65746055386668,0.7805676364581098,0.003266868750256231,3.2699999999999494,NEUTRAL,,-1.0
-0.00012993183276013544,-0.0019894911531661784,-0.004843229082027132,,,0.4499999999998181,,0.38999999999987267,59.335154826958075,78.1574078079118,0.5748589203167644,0.002727364071171209,3.267142857142809,NEUTRAL,,-1.0
1.5525023271273388e-05,-0.0018365518124255375,-0.004689854159075959,,,1.0100000000002183,,0.38999999999987267,67.46341463414598,70.39448531541397,0.6806558585758468,0.002471028395508783,3.1528571428571337,NEUTRAL,,-1.0
-0.0006115660936679018,-0.002515267749143315,-0.00537050312745588,,,1.4400000000000546,,0.38999999999987267,53.19999999999936,53.3374985862959,0.4235127226841128,0.0024553574082808688,3.115000000000009,NEUTRAL,,1.0
-0.0009458186134961674,-0.002903165386776599,-0.00575950552537937,,,0.3200000000001637,,0.3900000000003274,51.129264776549256,40.10825060295039,0.28446694080854645,0.002361088210570301,3.2107142857143054,NEUTRAL,,1.0
-0.0007796869396938793,-0.002762301605880434,-0.0056182405543331124,,,0.4099999999998545,,0.38999999999987267,50.22026431718098,27.11952792644441,0.3588297349239263,0.002349502865222539,3.103571428571448,NEUTRAL,,1.0
-0.000348897300769058,-0.0023276034059365644,-0.005182304302741257,,,0.19000000000005457,,0.3900000000003274,52.63157894736865,29.07963954073466,0.539960747447505,0.002345501571504492,3.0771428571428845,NEUTRAL,,1.0
-0.0006701523970991592,-0.002690649254650751,-0.005546384132068552,,,0.1499999999996362,,0.38999999999987267,50.53667262969641,31.47614473262909,0.3771637380777095,0.002288052966329857,2.9407142857142907,NEUTRAL,,1.0
-0.00024563657767039023,-0.002263418574809815,-0.005117936668612419,,,0.07999999999992724,,0.38999999999987267,50.0677200902939,36.087095741274865,0.4747570744623371,0.00199542127859137,2.9028571428571337,NEUTRAL,,1.0
0.0003784335336299032,-0.001597369386132726,-0.004449990524080007,,,0.19000000000005457,,0.3900000000003274,56.82272909163721,45.18091578610415,0.8214544251948003,0.002042660028587457,3.0299999999999727,NEUTRAL,,-1.0
0.0004217112236930788,-0.001533278040160568,-0.004385716641358185,,,0.25999999999976353,,0.38999999999987267,56.386418755052304,60.35862952289521,0.8406131991378122,0.002034992838731386,3.034285714285683,NEUTRAL,,-1.0
-2.5567623530790735e-05,-0.0020018270057051107,-0.004855600067958765,,,0.6199999999998909,,0.38999999999987267,46.93289419514248,65.0336215177721,0.5706410354760773,0.00196969284393775,3.01499999999997,NEUTRAL,,1.0
0.00034870564578153663,-0.001597369386132726,-0.004449990524080007,,,0.17000000000007276,,0.3900000000003274,54.07529995862691,65.09766250400322,0.752641002902433,0.001984051995522898,2.9785714285714158,NEUTRAL,,-1.0
0.00012992923672398707,-0.001824220029000385,-0.004677487253847233,,,0.2199999999997999,,0.38999999999987267,45.04664593513984,59.65417867435276,0.5778941737501293,0.0019015112406757719,2.8942857142856804,NEUTRAL,,1.0
0.0002658761515487785,-0.0016713311327883572,-0.0045241629190943084,,,0.42000000000007276,,0.38999999999987267,45.911674682991034,65.5602460192273,0.6904096225079084,0.0019087548161438152,2.8528571428571143,NEUTRAL,,-1.0
0.001134077612658288,-0.0007180622156645944,-0.0035681790237305343,,,2.75,,0.38999999999987267,61.16794543904588,75.87084480244808,1.0580865007952769,0.002194638584366496,2.843571428571392,NEUTRAL,,-1.0
0.00046983139721311806,-0.0013903345907864105,-0.004242366078788966,,,0.09999999999990905,,0.38999999999987267,53.53615171868827,81.96857560500864,0.7365474587180352,0.0022278829186011388,2.962857142857079,NEUTRAL,,-1.0
0.00029546144535338775,-0.001560392608562998,-0.0044129084339959565,,,0.03000000000020009,,0.38999999999987267,57.83183952198073,80.9479839950751,0.6447133081061766,0.0022363811673948137,2.9621428571428106,NEUTRAL,,-1.0
0.0003700810138100805,-0.0014667303234189672,-0.004318979391946809,,,0.24000000000023647,,0.38999999999987267,62.869955156950596,70.878193366959,0.6802247900084548,0.0022614894771927703,2.76214285714283,NEUTRAL,,-1.0
-0.0006747874396882583,-0.002586895036117982,-0.005442334414080628,,,0.03000000000020009,,0.38999999999987267,50.830815709969926,49.792584608220885,0.19817017818687946,0.002308508164691,3.023571428571391,NEUTRAL,,-1.0
-0.0014030869779938003,-0.0034051597663483286,-0.006262929620944837,,,3.0,,0.38999999999987267,42.26618705035918,27.32413277688745,-0.02553429944486954,0.0025399923699832537,3.1235714285713976,NEUTRAL,,1.0
-0.0007821782607937722,-0.0027919538502103026,-0.005647977250381355,,,0.7100000000000364,,0.3599999999996726,49.022346368714366,12.705788795196833,0.2221384141926527,0.002631638075746793,3.1749999999999545,NEUTRAL,,1.0
0.00014260215709042671,-0.001824220029000385,-0.004677487253847233,,,0.11000000000012733,,0.38999999999987267,53.48837209302336,28.783952001296722,0.5904111676908818,0.0026296749915413167,3.338571428571413,NEUTRAL,,-1.0
-0.0003086580334835293,-0.002300447281826995,-0.005155070836042711,,,0.20000000000027285,,0.38999999999987267,45.313017555482,43.19698288366609,0.4077667431744424,0.0026124111348108728,3.230000000000018,NEUTRAL,,1.0
-0.0004693815315406854,-0.002485631865357127,-0.00534078283854732,,,0.13999999999987267,,0.38999999999987267,43.54838709677409,47.20046417174306,0.3345998961894623,0.0025316305603843778,3.2500000000000324,NEUTRAL,,1.0
-0.0007181162569492895,-0.0027771275088402307,-0.005633108682527784,,,0.569999999999709,,0.38999999999987267,44.817073170731796,36.20539599651814,0.21580164492929843,0.00254083689739847,3.192857142857162,NEUTRAL,,1.0
-0.0005654907365121677,-0.002643710162638688,-0.005499311354156184,,,0.08000000000038199,,0.38999999999987267,42.84210526315802,32.63707571801496,0.2880391548849034,0.0025808188686985613,3.174999999999987,NEUTRAL,,1.0
-0.00042334640269551106,-0.002517737485218825,-0.005372979897516851,,,0.19000000000005457,,0.3900000000003274,45.36194979992688,31.679721496953363,0.3089096359439428,0.0025592027063505536,3.1792857142856974,NEUTRAL,,1.0
0.0002018277086177805,-0.0018538168192639881,-0.0047071683378920514,,,0.11000000000012733,,0.3900000000003274,48.82453151618389,42.67478967217829,0.57581536308485,0.002547934437791861,3.2578571428571195,NEUTRAL,,1.0
-9.627102381524997e-05,-0.002167156739611237,-0.005021400672803741,,,0.47000000000025466,,0.3900000000003274,38.6145910095802,47.0263997679138,0.42899133069055995,0.0025228291010750063,3.099999999999974,NEUTRAL,,1.0
0.00021099019127750188,-0.0018316190626246447,-0.0046849073604498795,,,0.09000000000014552,,0.38999999999987267,46.342397548832096,56.138214073989865,0.5956435755391888,0.0024768112386379703,3.0907142857142844,NEUTRAL,,1.0
4.9510032346889976e-05,-0.00201663042969742,-0.004870445653164238,,,0.4499999999998181,,0.38999999999987267,46.826625386997115,60.19961770449529,0.5410914861074222,0.0024779720170042714,2.973571428571404,NEUTRAL,,1.0
0.00011316414220489131,-0.0019450845988694112,-0.0047986960546790944,,,0.13000000000010914,,0.38999999999987267,46.51615414558195,70.23366401461311,0.5798214582679613,0.0024448862322272546,3.007142857142818,NEUTRAL,,1.0
0.00010768452507743223,4.185676614615349e-05,4.185676614615349e-05,,,0.5099999999997635,,0.3900000000003274,56.02437880918947,75.80368953644417,0.54306820312619,0.002441471813606423,2.7199999999999624,NEUTRAL,,1.0
0.0005510436795577808,0.000526647372669431,0.000526647372669431,,,1.4200000000000728,,0.38999999999987267,68.61097380128653,81.93869433864775,0.7321145039455836,0.0024676565195416787,2.7728571428571223,NEUTRAL,,-1.0
0.0013790082248046063,0.001426077549113552,0.001426077549113552,,,3.730000000000018,,0.38999999999987267,70.71033210332209,89.43452404404438,1.0883751564964952,0.0025280933826963728,2.835000000000004,NEUTRAL,,-1.0
0.00124454899280685,0.0013425921372296461,0.0013425921372296461,,,1.5299999999997453,,0.38999999999987267,63.26304106548311,93.82344020998077,1.0010025840532504,0.0027651510410391014,2.681428571428569,NEUTRAL,,-1.0
0.0010242437475391746,0.0011534706184716638,0.0011534706184716638,,,0.8899999999998727,,0.3900000000003274,68.05970149253797,86.30010592108773,0.9034255129515055,0.0029498244462133026,2.798571428571417,NEUTRAL,,-1.0
0.000991829025817879,0.0011608403303475635,0.0011608403303475635,,,0.8400000000001455,,0.38999999999987267,70.54455445544906,76.07878513483804,0.8700898180702091,0.0030976688543373327,2.9064285714285427,NEUTRAL,,-1.0
0.0010495799238834044,0.0012590927646430744,0.0012590927646430744,,,1.2699999999999818,,0.38999999999987267,77.06840390879798,68.23172571298869,0.8586635136392555,0.0032265974916120283,2.925714285714256,NEUTRAL,,-1.0
0.0003944060190120898,0.0006004321142591799,0.0006004321142591799,,,0.49000000000023647,,0.3900000000003274,64.2159678345789,61.297554047541134,0.6335049199899737,0.002930027067372501,3.041428571428566,NEUTRAL,,-1.0
0.0002420445707629783,0.0004380913001958478,0.0004380913001958478,,,0.04999999999972715,,0.38999999999987267,61.7297908422852,50.78404375413296,0.5700289890840436,0.0027734245510430957,2.992142857142848,NEUTRAL,,-1.0
-0.0003646339406302704,-0.00020194656789349134,-0.00020194656789349134,,,0.8999999999996362,,0.38999999999987267,45.75981787137058,30.796743258019536,0.3336167141520761,0.002805875031064776,3.0278571428571337,NEUTRAL,,1.0
-3.941536531786148e-05,0.00013540628038941053,0.00013540628038941053,,,0.0,,0.38999999999987267,54.60299194476416,22.361225374129365,0.45178280096739,0.002756810789584303,3.007857142857152,NEUTRAL,,1.0
0.0006995137926731953,0.0009470745236952902,0.0009470745236952902,,,0.09000000000014552,,0.38999999999987267,58.386075949367246,27.386398292162955,0.7148215684833736,0.002720689300406366,3.008571428571421,NEUTRAL,,-1.0
0.0007593705412123429,0.0010453690152623875,0.0010453690152623875,,,0.21000000000003638,,0.38999999999987267,60.73717948718007,42.48246416590538,0.7221050127988752,0.002561977896174786,3.0649999999999897,NEUTRAL,,-1.0
0.0004816176437307438,0.0007774710539653126,0.0007774710539653126,,,0.09000000000014552,,0.38999999999987267,56.98813821557534,50.13723696248878,0.6079867101715379,0.0023735855631805847,3.0749999999999806,NEUTRAL,,-1.0
-0.00017843284190671116,0.00010586621956649908,0.00010586621956649908,,,0.3900000000003274,,0.38999999999987267,50.43359196713739,39.18877706617878,0.2785785008277005,0.0022017475613173966,3.2464285714285586,NEUTRAL,,1.0
-0.0003679293303077185,-0.00010096308937211035,-0.00010096308937211035,,,0.9400000000000546,,0.3900000000003274,44.422795908426714,24.833851038149287,0.2281742240847179,0.002247083512348365,3.0814285714285297,NEUTRAL,,1.0
-4.050060654501162e-06,0.00027815863904107996,0.00027815863904107996,,,0.5,,0.3900000000003274,37.41086121777376,18.013660292112608,0.3682458716459189,0.0021423776844091426,2.950714285714249,NEUTRAL,,1.0
0.00091758942551553,0.0012762849533626297,0.0012762849533626297,,,1.9200000000000728,,0.36000000000012733,49.31756141947287,32.64346190028285,0.7966926934991824,0.002196260916793972,3.112142857142804,NEUTRAL,,1.0
0.0012389916582601775,0.001661725736591831,0.001661725736591831,,,2.199999999999818,,0.38999999999987267,54.12844036697223,59.40614780719407,0.912734251421267,0.002306267514074317,3.009285714285657,NEUTRAL,,-1.0
0.001341880213721164,0.001843295320487613,0.001843295320487613,,,1.7699999999999818,,0.38999999999987267,55.86993243243183,83.97412419115575,0.9363159711344032,0.002454636345614769,2.8664285714285143,NEUTRAL,,-1.0
0.0009977517552840277,0.00151691346217664,0.00151691346217664,,,0.40000000000009095,,0.3900000000003274,51.9902518277823,90.9616856001666,0.7715784833178295,0.0024250456635867288,2.8149999999999573,NEUTRAL,,-1.0
0.0006127488146522496,0.0011632968768061273,0.0011632968768061273,,,0.1999999999998181,,0.38999999999987267,54.74764756201827,82.97022512708902,0.6092221995700479,0.002412297851927097,2.813571428571387,NEUTRAL,,1.0
0.0008540275655400855,0.001448174292324645,0.001448174292324645,,,0.1999999999998181,,0.38999999999987267,58.35752799668115,77.26942628903458,0.73632330185305,0.0024239337098280233,2.769285714285713,NEUTRAL,,-1.0
0.0013497120375222291,0.0020370602443980754,0.0020370602443980754,,,2.4900000000002365,,0.38999999999987267,69.20473773265668,82.82498184458932,0.9232105949180482,0.0026029365932995693,2.717142857142887,NEUTRAL,,-1.0
0.0006901753571182552,0.0013671481191877628,0.0013671481191877628,,,0.11000000000012733,,0.38999999999987267,60.14521984671151,82.71789569562888,0.6719045512169328,0.0026266276077015426,2.8371428571428754,NEUTRAL,,-1.0
0.0008754432343662362,0.0015954609259572843,0.0015954609259572843,,,0.599999999999909,,0.38999999999987267,55.69506726457363,80.35892323030906,0.7263297201753375,0.0026791573915228117,2.682857142857139,NEUTRAL,,-1.0
0.0008598231816276126,0.001607732850849582,0.001607732850849582,,,0.8400000000001455,,0.38999999999987267,55.57553956834508,72.51578597540798,0.7372065212286676,0.002731520421210941,2.615000000000009,NEUTRAL,,-1.0
0.0006872806367257905,0.0014629049111807284,0.0014629049111807284,,,0.7300000000000182,,0.38999999999987267,57.86516853932576,75.30741110003466,0.7068639887697807,0.002762219253570702,2.562857142857183,NEUTRAL,,-1.0
0.0012386258244808412,0.0020959106400021,0.0020959106400021,,,2.7899999999999636,,0.38999999999987267,70.27290448343032,82.5690771613868,0.8471727927475196,0.002870663110601612,2.462142857142908,NEUTRAL,,-1.0
0.0013185946875033728,0.00223074995454968,0.00223074995454968,,,1.2100000000000364,,0.38999999999987267,72.91361639824146,89.88831133835777,0.8635071924713745,0.002758247964636359,2.396428571428617,NEUTRAL,,-1.0
0.0009289206536973815,0.001862920508837795,0.001862920508837795,,,0.34999999999990905,,0.38999999999987267,65.50218340611244,90.95416140719867,0.704348862191978,0.0026143057124978167,2.400714285714327,NEUTRAL,,-1.0
0.0013390794502594788,0.002343496673905131,0.002343496673905131,,,1.7100000000000364,,0.38999999999987267,61.876675603216086,87.62976329659502,0.8531633404445673,0.00274668907174393,2.3235714285714755,NEUTRAL,,-1.0
0.0010856728685813262,0.002137592137592093,0.002137592137592093,,,0.9800000000000182,,0.38999999999987267,56.02916432978108,79.71808355243876,0.7606366739004458,0.0028102689515949997,2.274285714285757,NEUTRAL,,-1.0
0.0012006919400302204,0.002318988685103839,0.002318988685103839,,,1.599999999999909,,0.3900000000003274,55.479840999431346,81.59509202453795,0.784012466393139,0.0028414920358103292,2.2914285714286313,NEUTRAL,,-1.0
0.000676703772330143,0.0018040426284949495,0.0018040426284949495,,,0.4499999999998181,,0.3900000000003274,53.417167851284695,70.5521472392626,0.5861107800257974,0.002493711268417669,2.3164285714286246,NEUTRAL,,-1.0
0.000627598063703849,0.001799135824923367,0.001799135824923367,,,0.22999999999956344,,0.3900000000003274,58.30869308101795,62.728893737261274,0.5729923772621037,0.0019279555717604932,2.2000000000000455,NEUTRAL,,-1.0
0.0002455092916234008,0.0014015244652077251,0.0014015244652077251,,,0.01999999999998181,,0.38999999999987267,49.481566820276996,38.48346421253092,0.2608062606286763,0.00141860265626694,2.1857142857143117,NEUTRAL,,-1.0
-0.00045344678126951884,0.0006619110775370018,0.0006619110775370018,,,1.7899999999999636,,0.3900000000003274,34.71074380165285,21.56741168587439,-0.1370787738715292,0.001673915981229219,2.2271428571428453,NEUTRAL,,-1.0
-0.0010593899628321105,-2.7085657159632357e-05,-2.7085657159632357e-05,,,3.080000000000382,,0.38999999999987267,34.48275862068982,6.236226969985897,-0.22355748008214707,0.0022840893010011697,2.217857142857156,NEUTRAL,,1.0
-0.0011472477899027082,-0.00019455684138198492,-0.00019455684138198492,,,1.6900000000000546,,0.38999999999987267,30.43004899292346,3.6066760910833247,-0.12258887457043904,0.002809578574539646,2.2742857142857247,NEUTRAL,,1.0
-0.0012033046813314523,-0.0003029504417411567,-0.0003029504417411567,,,1.9299999999998363,,0.38999999999987267,29.12357103973838,3.6690370824753025,-0.030264854803752086,0.0032427089374835716,2.3185714285714636,NEUTRAL,,1.0
-0.0009456345519003468,-8.864942599499804e-05,-8.864942599499804e-05,,,0.9499999999998181,,0.38999999999987267,32.9002079002079,5.422622702260352,0.09385901634636694,0.0034959830921599613,2.3907142857143038,NEUTRAL,,1.0
-0.0007435023122308007,9.601914474021224e-05,9.601914474021224e-05,,,0.4899999999997817,,0.30999999999994543,26.814058956916398,9.024252679076938,0.16400117874184153,0.003684879776918412,2.332857142857165,NEUTRAL,,1.0
-0.0010312644133163918,-0.00023150656592027665,-0.00023150656592027665,,,1.5,,0.3599999999996726,23.221180364037565,10.236886632827163,0.142331398256261,0.0038508363184681514,2.4150000000000285,NEUTRAL,,1.0
-0.0010357431642489712,-0.0002586047657164416,-0.0002586047657164416,,,1.6900000000000546,,0.38999999999987267,25.119331742243332,8.150028200790429,0.16808759720588803,0.0040506950751555415,2.3257142857142816,NEUTRAL,,1.0
-0.0009675437108357905,-0.00020687311289857444,-0.00020687311289857444,,,1.7799999999997453,,0.38999999999987267,14.536849222448254,8.42891471829798,0.19640111219450904,0.004206868063192716,2.3528571428571468,NEUTRAL,,1.0
-0.0009366276811500782,-0.00023889683843437718,-0.00023889683843437718,,,1.849999999999909,,0.3200000000001637,15.21585279547115,11.376731769088906,0.222149162186174,0.004323128233499369,2.3728571428571286,NEUTRAL,,1.0
0.0004085358221159255,0.0011632968768061273,0.0011632968768061273,,,0.9899999999997817,,0.38999999999987267,37.766233766235146,29.96669228798369,0.5541721277651313,0.004286753381131586,2.682857142857139,NEUTRAL,,1.0
0.0009280844372516648,0.0017230742003435735,0.0017230742003435735,,,0.6999999999998181,,0.38999999999987267,49.02464065708393,54.92996917536974,0.692667463622963,0.00421352988142629,2.7557142857142805,NEUTRAL,,-1.0
0.0006122577178442108,0.0014309880210074228,0.0014309880210074228,,,0.17000000000007276,,0.3900000000003274,46.123842028278574,76.68481548699302,0.6415189566813724,0.004064314323677046,2.80285714285716,NEUTRAL,,-1.0
0.0006698956289412407,0.001509549003795968,0.001509549003795968,,,0.5199999999999818,,0.38999999999987267,51.25391849529786,84.3920145190553,0.6686773282733316,0.004011612839267803,2.7842857142857156,NEUTRAL,,-1.0
0.00016970100368090508,0.0009913094385940982,0.0009913094385940982,,,0.5,,0.38999999999987267,53.84193194292016,75.52934059286098,0.5564816420523947,0.0037635676582163315,2.7071428571428635,NEUTRAL,,1.0
5.526032464463377e-05,0.0008610509742176737,0.0008610509742176737,,,0.6900000000000546,,0.38999999999987267,61.892744479497054,68.99576527525706,0.5534552808187295,0.0035373151190481577,2.658571428571414,NEUTRAL,,1.0
0.00040293472345321745,0.0012296190640139683,0.0012296190640139683,,,0.5299999999997453,,0.38999999999987267,68.14859926918496,65.57773744706554,0.679065137797075,0.003249853118915044,2.6657142857142975,NEUTRAL,,1.0
0.0003903699388219233,0.0012492683910504988,0.0012492683910504988,,,0.5599999999999454,,0.38999999999987267,69.25446703635296,68.8445251058675,0.6991344499838501,0.003121968007118331,2.678571428571396,NEUTRAL,,1.0
0.0005852506047218135,0.0014727250823029048,0.0014727250823029048,,,0.2699999999999818,,0.38999999999987267,68.96766169154263,75.68058076224914,0.779596006102467,0.003019626727484826,2.7592857142856895,NEUTRAL,,1.0
0.00053547883242146,0.001448174292324645,0.001448174292324645,,,0.1799999999998363,,0.38999999999987267,67.66390833863741,78.07017543859507,0.7709989894534216,0.0030273363955644265,2.7414285714285467,NEUTRAL,,1.0
0.000543590912828101,0.0014825450602728928,0.0014825450602728928,,,0.2899999999999636,,0.38999999999987267,72.51856853477483,80.64125831820763,0.7584114217911128,0.003120872020965633,2.6742857142856855,NEUTRAL,,1.0
0.0005233594597012404,0.0014800900838881578,0.0014800900838881578,,,0.2300000000000182,,0.38999999999987267,73.16076294278089,80.52026618269655,0.7295439398033157,0.003127752764530744,2.7250000000000063,NEUTRAL,,1.0
0.0005013941374828296,0.001485000024586084,0.001485000024586084,,,0.30999999999994543,,0.38999999999987267,73.7559645535105,80.65309450537758,0.7135298220837001,0.0030578669432223516,2.530714285714274,NEUTRAL,,1.0
0.00026605836781963077,2.4591897461601978e-05,0.0012492683910504988,,,0.42000000000007276,,0.38999999999987267,69.2258477287285,75.58206331755463,0.6121819944184986,0.0028935427818684812,2.5207142857143157,NEUTRAL,,1.0
0.00011053995789886542,-0.0001278973672818813,0.0010969658809177217,,,0.02999999999974534,,0.38999999999987267,49.41634241244964,60.58200181508284,0.5617725493848789,0.0027616548333785733,2.160714285714318,NEUTRAL,,1.0
0.00023082349440765475,1.967361473158482e-05,0.001244356131773858,,,0.5099999999997635,,0.38999999999987267,38.67924528301785,48.695780746513414,0.5871246642333846,0.002643989966804866,2.0221428571428857,NEUTRAL,,1.0
0.00014066057082065054,-7.624256942387676e-05,0.0011485574168032765,,,0.1799999999998363,,0.3900000000003274,42.652795838750535,39.62845200982219,0.5344031598938228,0.0023986030422440156,1.9950000000000208,NEUTRAL,,1.0
0.00022951252218797436,3.6887392626858496e-05,0.0012615488278415353,,,0.2300000000000182,,0.3900000000003274,40.324763193505675,40.98258706467937,0.5122118743867028,0.0020643127635887725,2.005000000000012,NEUTRAL,,1.0
0.00011234327458972875,-7.870220071032762e-05,0.0011461007978435238,,,0.05999999999994543,,0.38999999999987267,53.98550724637731,37.43781094527828,0.4292512330740856,0.001600720702513265,1.979285714285717,NEUTRAL,,1.0
0.0002711622490717701,8.11486717437687e-05,0.00130575589987728,,,0.5,,0.38999999999987267,62.69165247018577,37.07387455658024,0.47784416766663573,0.0007991272872660222,1.8649999999999767,NEUTRAL,,1.0
0.00022927803961506605,4.918258543010616e-05,0.001273828962640868,,,0.42000000000007276,,0.38999999999987267,48.83227176221155,34.22161999229818,0.40510117527566925,0.0007916267714369059,1.7942857142857065,NEUTRAL,,1.0
0.00038035114323285973,0.00020899258199268502,0.001433443238844081,,,0.07999999999992724,,0.38000000000010914,55.86080586080515,39.20603051884912,0.695477647925243,0.0006981880829677862,1.8049999999999986,NEUTRAL,,1.0
0.0005650706569939141,0.0004178978264396133,0.0016420926356569688,,,0.9699999999997999,,0.38999999999987267,56.73249551167001,54.86712243425962,0.9697125994614472,0.0007604242285597437,1.6728571428571481,NEUTRAL,,1.0
0.0009606825590409084,0.0008722723062141974,0.0020959106400021,,,0.7400000000002365,,0.38999999999987267,67.73296244784649,75.13847199972544,1.2398922391681635,0.0010143229946479016,1.7785714285714025,NEUTRAL,,-1.0
0.0002677346506882932,0.00016965947621929835,0.0013941583045853838,,,0.13000000000010914,,0.3900000000003274,47.88732394366152,71.2179089026917,0.5296032513715302,0.0009676953704038877,1.8792857142856778,NEUTRAL,,1.0
0.00011768164565299476,1.2296099922959315e-05,0.0012369876522563947,,,0.5599999999999454,,0.38999999999987267,46.079380445305,52.6349206349233,0.3876794999568067,0.0008844371145296338,1.8528571428570817,NEUTRAL,,1.0
0.0004704657845621707,0.00040315443764869335,0.0016273673031917764,,,0.7100000000000364,,0.3400000000001455,51.73310225303339,39.80952380952658,0.7242883033005697,0.0008989691761322488,1.949999999999948,NEUTRAL,,1.0
0.0006516862543579032,0.0006365403662441147,0.0018604674024974277,,,1.6300000000001091,,0.3900000000003274,61.720067453624885,53.51504785909652,0.9963990112338917,0.00100997332407441,1.9742857142856403,NEUTRAL,,1.0
0.0006856853084596284,0.0007028512167189314,0.0019266970416352573,,,0.2300000000000182,,0.3900000000003274,63.94439617723818,66.596646327627,0.9409182850492415,0.0011083140587799594,2.0221428571427884,NEUTRAL,,1.0
0.0008811909215960101,0.0009336425819639238,0.002157205755169369,,,1.2200000000002547,,0.38999999999987267,65.47420965058403,77.0154067966374,1.0407880032792576,0.0012875511118345768,2.054285714285665,NEUTRAL,,1.0
0.001010101555699376,0.0011201619321810597,0.002343496673905131,,,2.099999999999909,,0.38999999999987267,69.61018297533862,83.64506177991866,1.0689112538285466,0.0015246237574524325,2.016428571428508,NEUTRAL,,-1.0
0.0008091927734764496,0.0009385518783321562,0.0021621090390898817,,,1.1600000000003092,,0.38999999999987267,64.63595839524682,86.0555268034508,0.8701933350305168,0.001625722817485708,2.0271428571428323,NEUTRAL,,1.0
0.0006149571213416902,0.0007666977932864527,0.001990465424878338,,,0.45000000000027285,,0.38999999999987267,62.680115273776295,79.18173987941326,0.7413315752352486,0.001668092439550211,2.089999999999983,NEUTRAL,,1.0
0.0005461322545437495,0.0007372311563716431,0.001961034875948575,,,0.2899999999999636,,0.38999999999987267,60.60606060606217,67.61904761904913,0.7157489010874664,0.0016709763624720003,2.1464285714285842,NEUTRAL,,1.0
0.0011048359872678775,0.0013507606010147895,0.0025738129270245487,,,2.0,,0.3799999999996544,67.3870333988221,75.87301587301685,0.9744494235817169,0.001798596116178008,2.258571428571421,NEUTRAL,,-1.0
0.0011690268439783096,0.0014635679625954222,0.0026864821326836336,,,0.599999999999909,,0.3900000000003274,67.12871287128823,83.97466317569514,0.9820230042724033,0.001966529581976707,2.214999999999983,NEUTRAL,,-1.0
0.0015820624452631143,0.0019635371157603306,0.003185838970321141,,,2.6100000000001273,,0.38999999999987267,69.4290976058941,92.02682405971315,1.0952189203571836,0.002279667885192352,2.3821428571428505,NEUTRAL,,-1.0
0.0012470831846177347,0.0016449872083830065,0.002867679193121458,,,1.25,,0.38999999999987267,60.225846925972206,83.50502792729641,0.8972106903334338,0.0023609194864751878,2.291428571428599,NEUTRAL,,-1.0
0.001290177307909359,0.0017307706471117556,0.002953357572305643,,,1.680000000000291,,0.38999999999987267,74.24130273871398,80.30154047852956,0.895615208748959,0.0024006541443923244,2.1957142857143026,NEUTRAL,,-1.0
0.0008921351195440378,0.0013654760501394811,0.0025885103540414073,,,0.08000000000038199,,0.38999999999987267,68.41746248294785,72.00917731891066,0.7098821110269768,0.0023402489657560715,2.2228571428571677,NEUTRAL,,-1.0
0.0008129483177706704,0.0013360447182025287,0.0025591150668512613,,,0.01999999999998181,,0.3900000000003274,64.54948301329468,64.45590205189852,0.672583187922385,0.002221576776099637,2.1792857142857622,NEUTRAL,,-1.0
0.0009183820324341863,0.0014758280967219338,0.0026987272517428234,,,0.5900000000001455,,0.38999999999987267,62.70396270396319,58.26763061411663,0.725125134452903,0.002158590860160496,2.050714285714321,NEUTRAL,,-1.0
0.00082797718170459,0.0014145244152807348,0.0026374986493255914,,,0.3700000000003456,,0.38999999999987267,61.53256704980991,56.425948592410464,0.6799638399646688,0.002120665734116186,1.9800000000000182,NEUTRAL,,-1.0
0.0009281364381102487,0.0015493825796360412,0.002772191651995404,,,0.580000000000382,,0.25,59.08720456397794,59.15952672378568,0.6870912472804579,0.002145512150290531,1.9128571428571572,NEUTRAL,,-1.0
0.0005063815601039299,0.0011373378433813704,0.002360651549653437,,,0.5599999999999454,,0.3900000000003274,50.55555555555687,54.181966544267986,0.526623115312551,0.001956080694454141,1.9971428571428598,NEUTRAL,,-1.0
7.477264607596518e-05,0.0006930279422967509,0.0019168857978422078,,,0.25,,0.38999999999987267,46.666666666665556,41.98286413708639,0.22637436732696706,0.001717329255824898,2.0521428571428584,NEUTRAL,,-1.0
8.707679252024003e-05,0.0007200414822532719,0.0019438662541377452,,,0.5599999999999454,,0.38999999999987267,48.2575757575756,27.86617707058289,0.16181326475077806,0.0016200741840278687,1.9842857142857286,NEUTRAL,,-1.0
3.123528835588825e-06,0.0006242596133522652,0.0018482016899248385,,,0.6599999999998545,,0.38999999999987267,47.96686746987962,17.325865443709365,0.15327401012921082,0.0016403980032570586,1.9507142857142818,NEUTRAL,,-1.0
0.00013908487305670791,0.0007740641809785735,0.0019978227909067496,,,0.5300000000002001,,0.3900000000003274,37.85971223021399,15.45321207050595,0.1769600635441838,0.0016538457767804986,1.8121428571428493,NEUTRAL,,-1.0
-0.00024193528419814013,0.00036383660786280857,0.001588097626211978,,,1.7600000000002183,,0.38999999999987267,30.248500428447826,9.869725738395225,0.053363936324883884,0.0018058769651967254,1.8392857142857142,NEUTRAL,,-1.0
-0.00012957677389270646,0.0004768670327562423,0.00170098962199675,,,1.1900000000000546,,0.3900000000003274,19.88188976377964,9.487189210864104,0.16718150014790284,0.0019017009733283284,1.6407142857142714,NEUTRAL,,-1.0
-3.0121101308607674e-05,0.0005775899995821465,0.001801589232739258,,,0.75,,0.38999999999987267,26.623376623377652,11.435933655089462,0.23978234485273703,0.001952745121591104,1.5992857142856727,NEUTRAL,,-1.0
-0.0005137891463026312,6.147747588238621e-05,0.001286108795459524,,,2.950000000000273,,0.38999999999987267,18.437783832877273,13.674227041685112,0.02824983612827844,0.0021486177661645934,1.7207142857142637,NEUTRAL,,1.0
-0.00034753016481984075,0.0002384903804781609,0.0014629049111807284,,,0.0,,0.38999999999987267,27.999999999998934,15.800317873743003,0.1523387317672159,0.002251698440668201,1.6835714285714078,NEUTRAL,,-1.0
-6.239937865749425e-05,0.0005309160267817283,0.001754972421861911,,,1.0,,0.38999999999987267,35.5674709562109,20.11985195518177,0.29342631935041974,0.0022810937822119346,1.7278571428571143,NEUTRAL,,-1.0
0.0002359168142612494,0.0008477220847574208,0.0020713904853638535,,,0.2699999999999818,,0.38999999999987267,38.79456706281906,34.52110883313835,0.4430796501824047,0.002240180884686428,1.76214285714283,NEUTRAL,,-1.0
0.000421960875478833,0.0010588145698780633,0.002282224444122342,,,0.9299999999998363,,0.38999999999987267,43.855421686746325,49.11816578483424,0.5677422566524402,0.00202928868704748,1.8371428571428103,NEUTRAL,,-1.0
0.0001252326219940292,0.0007568757740774783,0.0019806554347612266,,,0.13000000000010914,,0.38999999999987267,38.80266075387969,52.954144620812635,0.42996184865788445,0.0019137412801768095,1.9335714285713752,NEUTRAL,,-1.0
-0.00022288407972936302,0.0003712089365477971,0.0015954609259572843,,,0.38999999999987267,,0.38999999999987267,37.74263120057429,46.30070546737221,0.24427001250132674,0.0017771592355961892,1.9057142857142415,NEUTRAL,,-1.0
-0.0004144208020216753,0.00015245026924681966,0.001376970173842462,,,0.3400000000001455,,0.38999999999987267,41.501976284584686,31.66754850088107,0.17769919224095979,0.0017818734749219037,1.8571428571427921,NEUTRAL,,1.0
-0.0003007621190912978,0.0002458645581322161,0.0014702700576306568,,,0.11000000000012733,,0.3599999999996726,44.39252336448603,25.22222222222202,0.26351901019211965,0.0017412066413988823,1.8242857142856468,NEUTRAL,,-1.0
-0.00016564051235694324,0.0003859532676966233,0.0016101871996262711,,,0.1999999999998181,,0.38999999999987267,46.34146341463423,25.777777777779594,0.3349285061186291,0.0015915926170461203,1.7728571428570896,NEUTRAL,,-1.0
-0.00041401088245516745,0.00012540603276780054,0.0013499590586186605,,,0.5399999999999636,,0.38999999999987267,42.43937232525075,24.6666666666695,0.19296597961762013,0.001466539489370303,1.8142857142856883,NEUTRAL,,1.0
-0.0002236550561935801,0.00031468497084240806,0.0015390061855264001,,,0.1799999999998363,,0.38999999999987267,49.370836417468325,25.055555555556765,0.3223856196835055,0.001204678671748394,1.7485714285714298,NEUTRAL,,-1.0
-0.00028775191574039686,0.00023357420160645403,0.001457994753185789,,,0.1799999999998363,,0.38999999999987267,47.14064914992202,23.33333333333232,0.3362999723279779,0.0010353457632763766,1.7199999999999949,NEUTRAL,,-1.0
0.0003131505819985163,0.0008575423181162035,0.002081198691817916,,,0.08999999999969077,,0.38999999999987267,53.627118644066584,39.83333333333121,0.8506118027953159,0.0010723079679559623,1.8599999999999974,NEUTRAL,,-1.0
0.0005616693165798877,0.0011373378433813704,0.002360651549653437,,,1.2699999999999818,,0.3900000000003274,66.20538965768381,58.842022554999396,1.0246834193600467,0.0012210852275546652,1.7892857142857272,NEUTRAL,,-1.0
0.00046536011030496097,0.0010637226361650777,0.0022871264994681253,,,0.2699999999999818,,0.38999999999987267,62.40544629349479,76.02042891477122,0.9076187877654116,0.0013175680920340868,1.7985714285714494,NEUTRAL,,-1.0
0.00012570546176691194,0.0007421423832108671,0.0019659400879758187,,,0.32999999999992724,,0.38999999999987267,56.13207547169756,76.76775329694688,0.7749825218354995,0.0013590997633495267,1.6835714285714403,NEUTRAL,,-1.0
2.4634398823755228e-06,0.0006218034265546304,0.0018457485112354137,,,0.5300000000002001,,0.38999999999987267,46.587301587301305,64.29302009785083,0.5568737190043095,0.001348362682245612,1.6814285714286012,NEUTRAL,,-1.0
-0.00019688911479859167,0.00041298341183291777,0.0016371842397663336,,,0.23999999999978172,,0.38999999999987267,40.48780487804903,50.204319906593106,0.449228890042848,0.0013482556420007772,1.59642857142863,NEUTRAL,,-1.0
4.622243692488693e-05,0.000658644960874483,0.001882544925484609,,,0.40000000000009095,,0.38999999999987267,47.473867595819435,42.79042615294469,0.5345396391210357,0.0013485122937274036,1.503571428571474,NEUTRAL,,-1.0
-0.00010219727962076477,0.0004940650740236718,0.0017181666007093353,,,0.42000000000007276,,0.38999999999987267,53.53634577603227,40.39696438995665,0.461470766275961,0.0012630714027019024,1.4064285714286402,NEUTRAL,,-1.0
4.823465073264581e-06,-4.915490430764534e-06,0.0018359356758921737,,,0.3200000000001637,,0.38999999999987267,59.26680244399168,42.57886315971417,0.5196389958682638,0.0012264560274812576,1.3464285714286623,NEUTRAL,,-1.0
-0.0001119429357563301,-0.00012044342845900787,0.0017206204065580218,,,0.2600000000002183,,0.38999999999987267,54.24242424242475,38.74543253118856,0.4151908294012349,0.001228765698983277,1.3321428571429286,NEUTRAL,,-1.0
-0.0006835955810045988,-0.000757555260950714,0.0010846813963612393,,,2.3299999999999272,,0.34999999999990905,41.205615194054474,28.880377716857108,-0.004321418256361274,0.0013709758785192038,1.5035714285715065,NEUTRAL,,-1.0
-0.0005303083129202426,-0.0006172718061716761,0.0012247066114483062,,,0.31999999999970896,,0.38999999999987267,47.81491002570805,20.738590549915127,0.13827181233834734,0.0013638153434731655,1.4914285714286117,NEUTRAL,,-1.0
-0.0003659864367025011,-0.00045980742183271146,0.001381881128716545,,,0.42000000000007276,,0.38999999999987267,47.9041916167675,19.448476052253024,0.29311859025916887,0.001369374519373967,1.5064285714285819,NEUTRAL,,-1.0
-0.00029493182178400815,-0.0003983113565451876,0.0014432639894570159,,,0.38999999999987267,,0.38999999999987267,48.9093959731554,26.995645863573156,0.3399965589944682,0.00138113348032021,1.5114285714285611,NEUTRAL,,-1.0
-0.0002496878990232554,-0.00035157940285586626,0.0014899099169977442,,,0.5399999999999636,,0.38999999999987267,37.983706720980024,32.41412675375137,0.3615773295720022,0.0013664838285203736,1.3971428571428532,NEUTRAL,,-1.0
-0.000162047399984064,-0.00026550565305784513,0.0015758252186119106,,,0.7899999999999636,,0.38999999999987267,31.49606299212688,36.1093903029038,0.4043147024215375,0.0013615469838592588,1.2642857142857014,NEUTRAL,,-1.0
-0.0005334331183769608,-0.0006812558718353529,0.0011608403303475635,,,0.4499999999998181,,0.38999999999987267,27.83300198807227,31.93557669512889,0.16580471772907243,0.0014317427150771823,1.3092857142856766,NEUTRAL,,-1.0
-0.0005443196283246712,-0.0007058673067841696,0.0011362742011647772,,,0.38999999999987267,,0.38999999999987267,28.925619834711753,27.04472587447725,0.14667205541546854,0.0014839812072366188,1.2914285714285338,NEUTRAL,,-1.0
-0.000487003884488558,-0.0006689506083269102,0.0011731229418086707,,,0.07000000000016371,,0.38999999999987267,35.25423728813472,23.592877950199366,0.21948059441739726,0.001533110114162065,1.3099999999999778,NEUTRAL,,-1.0
-0.0006846276671447881,-0.0008954159133119006,0.0009470745236952902,,,0.6100000000001273,,0.38999999999987267,35.45454545454531,22.66219943331218,0.1645711560398611,0.001611598289193924,1.3207142857142375,NEUTRAL,,-1.0
-0.000717095207948184,-0.0009692854594880634,0.0008733409596909424,,,1.400000000000091,,0.38999999999987267,29.057017543857455,18.696000363348908,0.09764410633933938,0.0016781357924653148,1.3228571428570766,NEUTRAL,,-1.0
-0.0005510466616469098,-0.0008190955021079847,0.0010232544410718233,,,0.8000000000001819,,0.38999999999987267,34.46447507953083,17.691062537195254,0.204106837704486,0.0015579488522241263,1.3607142857142012,NEUTRAL,,-1.0
-0.00037459887894016904,-0.0006591066154137089,0.0011829488134851112,,,0.11999999999989086,,0.38999999999987267,36.55030800821381,25.768193483553944,0.3272134098966139,0.001385987692170321,1.3949999999999168,NEUTRAL,,-1.0
-0.0004663334768106674,-0.0007895552418105255,0.0010527403224139594,,,0.7199999999997999,,0.38999999999987267,36.28950050968364,34.07694471266412,0.2359262513040447,0.0012602799476801943,1.3807142857142156,NEUTRAL,,-1.0
-0.0007704027841454249,-0.001151543634399619,0.0006914182933040556,,,2.119999999999891,,0.38999999999987267,41.29930394431543,25.0174703004933,0.02934959651889038,0.001316882860396152,1.2399999999999116,NEUTRAL,,-1.0
-0.0006865799821279235,-0.001094888715018876,0.0007479689199230289,,,0.4299999999998363,,0.38999999999987267,40.11834319526563,17.098166127296835,0.148723133301505,0.0013426951540517107,1.2335714285713624,NEUTRAL,,-1.0
-0.0007612349142902024,-0.0012057412971315884,0.0006373203999123231,,,1.0900000000001455,,0.3900000000003274,31.660692951015307,6.6343042071212395,0.07552594319128676,0.0013551362543591527,1.2392857142856428,NEUTRAL,,-1.0
-0.0007336164171066863,-0.0012032776397056702,0.0006397795221338884,,,1.1100000000001273,,0.38999999999987267,29.65686274509781,16.099324783251642,0.11239496621199645,0.001353727396177455,1.3028571428570623,NEUTRAL,,-1.0
-0.0005359957813453958,-0.00101853788149038,0.0008241792036214456,,,0.42000000000007276,,0.38999999999987267,34.02298850574648,23.63372773297006,0.25300598930626417,0.0012287940340874165,1.2399999999999116,NEUTRAL,,-1.0
-0.0006306906621622542,-0.0011490802436936096,0.0006938771492967012,,,0.02999999999974534,,0.3900000000003274,30.279329608938028,33.56848912404181,0.17322590498159604,0.001148628235781517,1.2535714285713442,NEUTRAL,,-1.0
-0.0006408198566148818,-0.001188495949763267,0.0006545340013188748,,,0.18000000000029104,,0.38999999999987267,35.37859007832803,35.72627556545314,0.1652737113851616,0.0012102800070642396,1.1721428571427819,NEUTRAL,,-1.0
-0.00072221845736097,-0.001304297537338638,0.000538945586183207,,,0.4600000000000364,,0.3900000000003274,34.65473145780025,30.976747424111608,0.13415757631218084,0.0012768142563336139,1.1835714285713428,NEUTRAL,,-1.0
-0.0008250867905312947,-0.0014472385556165677,0.0003962676997520675,,,0.6199999999998909,,0.3900000000003274,29.39729397294171,24.561403508766507,0.07205411115511062,0.001335013779710127,1.1442857142856155,NEUTRAL,,-1.0
-0.0006606420699484937,-0.0012747286279932957,0.0005684600638348526,,,0.22000000000025466,,0.38999999999987267,38.53427895981122,23.464912280695653,0.2550499174924865,0.0012834849801290201,1.177142857142761,NEUTRAL,,-1.0
-0.0003843070625514149,-0.0009914484496008978,0.0008512187681437615,,,0.19000000000005457,,0.38999999999987267,49.65753424657568,33.18713450291746,0.48718237175115564,0.0011611781419102103,1.1842857142856442,NEUTRAL,,-1.0
-0.00046180132174596724,-0.0010973518390485113,0.0007455103301158482,,,0.25,,0.38999999999987267,43.25259515571195,43.78654970759794,0.39802038263810374,0.0009770357984048882,1.15357142857137,NEUTRAL,,-1.0
-3.239781345366392e-05,-0.0006517237478296593,0.0011903180903755628,,,0.9299999999998363,,0.3900000000003274,48.85654885654752,63.007585181370025,0.8147400388392945,0.0009645682414322286,1.2171428571427896,NEUTRAL,,-1.0
-0.00021696641943466855,-0.0008634091624684557,0.0009790223551637324,,,0.07999999999992724,,0.38999999999987267,48.65424430641706,68.28910454059046,0.6638871689405694,0.0009359754327444452,1.2471428571427947,NEUTRAL,,-1.0
-0.00026176507013108417,-0.0009225001476000236,0.0009200401472063698,,,0.15000000000009095,,0.38999999999987267,55.35924617196629,75.48194841963937,0.627069527019786,0.0008722328059601172,1.240714285714213,NEUTRAL,,-1.0
-0.00037120933995249525,-0.0010456287796405004,0.0007971381755376455,,,0.4600000000000364,,0.38999999999987267,49.65197215777291,63.349131121642245,0.4876643987008702,0.0008376722822312804,1.2578571428570544,NEUTRAL,,-1.0
-0.00027810568445682114,-0.000959435556681753,0.0008831727303813118,,,0.2600000000002183,,0.3900000000003274,56.19047619047692,60.66350710900273,0.6154810224048429,0.000839402683217604,1.219285714285661,NEUTRAL,,-1.0
-0.0006384330475249156,-0.0013585117405439417,0.0004848311827665402,,,0.2899999999999636,,0.38999999999987267,46.502463054186585,45.371248025274696,0.14045985871141592,0.0008632505346150122,1.2564285714285168,NEUTRAL,,-1.0
-0.0009705999372780128,-0.0017455745131349301,9.848093162952365e-05,,,1.6799999999998363,,0.3900000000003274,36.97247706421953,32.55287712957435,-0.13679398068576362,0.0009586241418822297,1.3685714285713857,NEUTRAL,,-1.0
-0.0010530674027334993,-0.0018763065816008418,-3.201047973862437e-05,,,0.5899999999996908,,0.38999999999987267,36.4705882352931,16.21718789786014,-0.1329247245966551,0.0011305420440008665,1.4299999999999662,NEUTRAL,,-1.0
-0.0012810148975623424,-0.002167493023381876,-0.00032266089325353023,,,1.6099999999996726,,0.3900000000003274,33.97976391230915,9.550521231194201,-0.1445408622561762,0.0014217570630252804,1.4821428571428246,NEUTRAL,,-1.0
-0.0014118693625395139,-0.002362534489554628,-0.0005173433188806572,,,2.4099999999998545,,0.3900000000003274,32.844335778319035,12.257037690051433,-0.10887827409023759,0.0017213598188460385,1.6535714285714025,NEUTRAL,,-1.0
-0.0015315311692213017,-0.0025576518883011104,-0.0007121015373016347,,,1.1799999999998363,,0.3900000000003274,32.1115537848591,11.75419792783133,-0.08461142057036514,0.0020592018543788824,1.7228571428571027,NEUTRAL,,-1.0
-0.001611166032977231,-0.002710835208327686,-0.000865002871020979,,,1.75,,0.3200000000001637,25.79591836734491,15.522018701762454,-0.03408269406300741,0.0023763109809089313,1.7335714285713948,NEUTRAL,,-1.0
-0.002201196120444153,-0.0034131123688331904,-0.0015659872501511398,,,4.239999999999782,,0.3900000000003274,15.164835164831615,8.019339173359718,-0.1145839914915014,0.0028767409117018807,1.8207142857142375,NEUTRAL,,-1.0
-0.0022756002143412973,-0.0035888353920833947,-0.0017413867950590988,,,0.9099999999998545,,0.3900000000003274,14.577464788728719,5.519495168573802,-0.06591655531062038,0.003371601822724551,1.869999999999956,NEUTRAL,,-1.0
-0.0021200852053525573,-0.003519528822154036,-0.0016722078075826978,,,0.2600000000002183,,0.38999999999987267,3.4948371723560427,5.27194630530016,0.021020926313806972,0.0037462984499929217,1.8221428571428078,NEUTRAL,,-1.0
-0.001975012545732957,-0.0034551812922032177,-0.0016079787312751818,,,0.13999999999987267,,0.38999999999987267,6.80161943319618,10.048605226033262,0.10400512024098277,0.004007663706961436,1.852142857142813,NEUTRAL,,-1.0
-0.0016454242546339517,-0.003175612871094307,-0.0013289249514906217,,,1.0,,0.3900000000003274,17.362637362637017,17.224558934930304,0.22661484752560437,0.004125573232744696,1.8985714285713908,NEUTRAL,,-1.0
-0.0012019820544570965,-0.0027701445453536693,-0.0009242030289213935,,,1.1900000000000546,,0.38999999999987267,23.52102637205836,25.225270718471858,0.30258895511181916,0.004139369450201354,1.9228571428571155,NEUTRAL,,-1.0
-0.0015140350402326555,-0.003155826321070856,-0.0013091748253818182,,,0.09000000000014552,,0.3900000000003274,19.469026548673355,29.255196159878704,0.262042373293875,0.0041160234293060646,1.9807142857142546,NEUTRAL,,-1.0
-0.0012282664554012198,-0.0029060882425437427,-0.0010598964752280458,,,1.0399999999999636,,0.38999999999987267,27.469358327324983,33.34791234428834,0.3378772087201994,0.004038562464626967,1.923571428571417,NEUTRAL,,-1.0
-0.0012329616279114113,-0.0029530591770381208,-0.0011067809436478998,,,1.1000000000003638,,0.38999999999987267,30.98478783026526,37.61443332648408,0.3603493377270769,0.0037945574591704977,1.798571428571417,NEUTRAL,,-1.0
-0.0012197381061380208,-0.0030049795395158643,-0.0011586057289356291,,,0.7100000000000364,,0.38999999999987267,31.643499591169686,43.43175121711206,0.3538213989142223,0.0035504865760117217,1.7835714285713817,NEUTRAL,,-1.0
-0.001023333785504335,-0.002846762823988766,-0.0010006802654021947,,,1.25,,0.3900000000003274,37.531914893616744,49.40314964971832,0.411032520316322,0.0032418485221374633,1.7842857142856832,NEUTRAL,,-1.0
-0.001120216951397792,-0.00299014460171671,-0.0011437980999147888,,,0.650000000000091,,0.3900000000003274,38.18181818181875,52.17792956219598,0.3843308273861097,0.0029230195304484454,1.6349999999999585,NEUTRAL,,-1.0
-0.0013214660939939473,-0.0032498193859862847,-0.00140299486390458,,,0.31999999999970896,,0.38999999999987267,37.98449612403177,53.98595219205871,0.31260167490803087,0.002463301119420761,1.6049999999999858,NEUTRAL,,-1.0
-0.0012643802670399289,-0.0032423982404750154,-0.0013955873795505295,,,0.11999999999989086,,0.3900000000003274,41.01423487544511,54.994209471503076,0.34673692565489533,0.0020947166728803182,1.539999999999996,NEUTRAL,,-1.0
-0.0011996827223388152,-0.003220135462666387,-0.0013733655840009477,,,0.07999999999992724,,0.38999999999987267,52.901023890783506,57.23959086483484,0.36822605303329903,0.0018070260056996786,1.4271428571428584,NEUTRAL,,-1.0
-0.001542368803827629,-0.003638345946265947,-0.0017908062081282421,,,0.4099999999998545,,0.38999999999987267,49.10242872228053,49.70568104038495,0.13730109124686238,0.0016006599205696977,1.427142857142826,NEUTRAL,,-1.0
-0.002031146314518509,-0.004240289662627903,-0.0023916418411446447,,,2.5900000000001455,,0.38999999999987267,38.62126245847263,29.705681040384956,-0.14868348298661715,0.0017162217466876464,1.4899999999999767,NEUTRAL,,-1.0
-0.0018039098674482081,-0.004084160859179166,-0.00223580044617308,,,0.7100000000000364,,0.3900000000003274,40.01623376623338,12.57766873783365,0.006302174531397137,0.0017380268851304032,1.467142857142822,NEUTRAL,,-1.0
-0.0021486005730858414,-0.00453781222147884,-0.0026886167079382896,,,2.730000000000018,,0.3900000000003274,26.541764246680486,5.206371236903461,-0.12601104095063842,0.002004624030046287,1.532857142857113,NEUTRAL,,1.0
-0.0022244475702228343,-0.004701524785480576,-0.002852027902957018,,,1.0900000000001455,,0.38999999999987267,19.919354838708657,5.496226309366034,-0.06659720522406158,0.0022635854677847244,1.4907142857142455,NEUTRAL,,1.0
-0.0017383890291972916,-0.00018264659857738946,-0.0024089605433983666,,,0.6099999999996726,,0.38999999999987267,36.657101865137065,13.038104720810994,0.2449611479120182,0.0023290714422664048,1.5685714285713988,NEUTRAL,,-1.0
-0.0021959462109662144,-0.0007408724513987672,-0.002968428955271056,,,1.4299999999998363,,0.38999999999987267,26.04884157796019,12.783063464139905,0.015227335406779258,0.0026153890990344418,1.7364285714285674,NEUTRAL,,1.0
-0.0017449521326548783,-0.00035054284769161923,-0.0025772305140143214,,,0.36000000000012733,,0.38999999999987267,33.27683615819171,24.755228398131703,0.21025985470329242,0.002718167306771101,1.9557142857142935,NEUTRAL,,1.0
-0.0018523735378273233,-0.0005382583146095877,-0.0027653638181773963,,,0.5900000000001455,,0.38999999999987267,32.256297918948235,22.7302113118739,0.1627167321615678,0.002865363187229403,1.9628571428571766,NEUTRAL,,1.0
-0.0009625332327299537,0.00033796701737937187,-0.0018871880897463004,,,0.44000000000005457,,0.38999999999987267,41.73339613754178,41.981284285254304,0.4753668196457379,0.0028239185229963592,2.1235714285714624,NEUTRAL,,-1.0
-0.0007177460850195587,0.0005623298212382467,-0.0016623258750641837,,,0.5899999999996908,,0.38999999999987267,45.66020313942723,55.29904967166871,0.5784095761518454,0.002733928632460458,2.1807142857143327,NEUTRAL,,-1.0
-0.00031279421588007063,0.0009738106566934858,-0.0012499291213762937,,,2.1900000000000546,,0.38999999999987267,51.547779273216776,79.435868000162,0.7205329889269214,0.002746078426014244,2.2364285714286,NEUTRAL,,-1.0
-0.00035965698967400965,0.0009097700426777319,-0.0013141122838680715,,,0.6000000000003638,,0.3900000000003274,50.627802690583394,88.2973222067917,0.7090327563922125,0.002701289699023033,2.302142857142891,NEUTRAL,,-1.0
-0.0009454949574559564,0.0002615127277751053,-0.0019638125595188255,,,0.43000000000029104,,0.38999999999987267,44.98200719712176,82.89825970548978,0.4737247016215584,0.0025960135970833557,2.4650000000000483,NEUTRAL,,-1.0
-0.0013265491873334287,-0.00019498999133662391,-0.0024213314114067664,,,0.9400000000000546,,0.3900000000003274,45.14446227929378,64.22356091030936,0.33625014668385916,0.002529622862310809,2.532142857142909,NEUTRAL,,1.0
-0.000993459431526508,9.870011942705474e-05,-0.0021269875736550496,,,0.11999999999989086,,0.3900000000003274,52.385045122475475,52.643908969211566,0.44681412472389526,0.0023727921916775075,2.465714285714317,NEUTRAL,,1.0
-0.001034159689012894,1.2338580520275286e-05,-0.0022135413453495283,,,0.2899999999999636,,0.38999999999987267,50.57117750439413,49.69879518072393,0.4475571662443517,0.0022371588445207475,2.5378571428571894,NEUTRAL,,1.0
-0.0008509962390639982,0.00016777861118783216,-0.0020577553195689434,,,0.03999999999996362,,0.38999999999987267,56.90943043884197,54.55153949129893,0.5376327044502698,0.002150572553231608,2.4285714285714937,NEUTRAL,,1.0
-0.000816024343865554,0.00017024552365292608,-0.002055282915985162,,,0.09999999999990905,,0.3900000000003274,57.93726235741447,55.7898259705489,0.5398089635060662,0.0020361756743165395,2.5021428571429363,NEUTRAL,,1.0
-0.0003018736971594377,0.0006880275802883708,-0.0015363483244432324,,,0.1999999999998181,,0.38999999999987267,57.22571290478422,65.26104417670659,0.827385026434148,0.0019946965090990214,2.489285714285773,NEUTRAL,,-1.0
-9.272767832388463e-05,0.0009048435015223605,-0.0013190497910478098,,,0.5300000000002001,,0.3400000000001455,68.16702819956517,74.89959839357438,0.8840565759303429,0.002107970516688672,2.3342857142857674,NEUTRAL,,-1.0
0.00012083545500781917,0.0011338762793082144,-0.0010895072075092368,,,1.3800000000001091,,0.38999999999987267,66.45714285714175,87.43570774325327,0.9193089848629566,0.002273377675632397,2.177142857142891,NEUTRAL,,-1.0
-2.1231053236696454e-05,0.0009738106566934858,-0.0012499291213762937,,,0.6900000000000546,,0.38999999999987267,67.45939675173986,88.98062868576399,0.809837953333653,0.0023685517486307507,2.1628571428571894,NEUTRAL,,-1.0
3.140258090764396e-05,0.0010353804283516296,-0.0011882223011083905,,,1.150000000000091,,0.38999999999987267,60.46511627906902,89.9725395917989,0.8232890186659613,0.002374366544601624,1.9764285714286092,NEUTRAL,,-1.0
0.00014746927937174853,0.0011683452386233692,-0.0010549615234828028,,,1.6100000000001273,,0.38999999999987267,58.810572687224784,90.37962016749009,0.8402186926693693,0.0023198131217718695,1.9164285714285987,NEUTRAL,,-1.0
-0.0004884650491020818,0.000493305839754531,-0.0017315034975383993,,,0.5299999999997453,,0.38999999999987267,43.45762711864308,80.49114536883589,0.539400899644533,0.0022913578339516186,1.9907142857143103,NEUTRAL,,-1.0
-0.00012027445095210642,0.0008752832342577789,-0.001348675856729758,,,0.3500000000003638,,0.38999999999987267,49.21923797626484,76.04790419161755,0.6819660568930809,0.0020467726753447646,2.003571428571409,NEUTRAL,,-1.0
-0.00026510519450496245,0.0007077420070773932,-0.0015165900151659225,,,0.25999999999976353,,0.38999999999987267,56.81326604181624,66.71656686626855,0.5895226217826283,0.0019119989934446094,1.9471428571428402,NEUTRAL,,-1.0
-0.0006700342388430729,0.00025411330492850176,-0.001971228452795428,,,0.15000000000009095,,0.38999999999987267,57.267441860465,61.000848219246286,0.3459386563324694,0.0016368606620992057,1.9307142857143,NEUTRAL,,-1.0
-0.0012821899744876704,-0.0004419218415550757,-0.0026688129090555466,,,2.7399999999997817,,0.3900000000003274,42.972136222910315,35.30224542483402,-0.046837529424844475,0.0018884454817933256,2.0500000000000194,NEUTRAL,,-1.0
-0.00123384873390099,-0.0004419218415550757,-0.0026688129090555466,,,0.849999999999909,,0.3900000000003274,43.920595533498606,17.951512374411326,0.046719805505254806,0.0020878887453722557,2.0321428571428766,NEUTRAL,,-1.0
-0.0006628677772566625,0.00012337210507355444,-0.0021022606704533633,,,0.5199999999999818,,0.3799999999996544,48.401826484018414,19.09424724602305,0.31280048139747346,0.0020700158919351543,2.1185714285714505,NEUTRAL,,-1.0
-0.0010499368911989007,-0.00033078742217859203,-0.0025574311147536443,,,0.5900000000001455,,0.38999999999987267,44.16666666666614,25.45899632803011,0.14100107734056594,0.00214693133841778,2.1157142857143105,NEUTRAL,,-1.0
-0.0009803543767314795,-0.0002912789119005433,-0.0025178346621905837,,,0.2899999999999636,,0.38999999999987267,39.7414277684092,30.110159118727225,0.25798450820488406,0.002201151421332575,2.017857142857175,NEUTRAL,,-1.0
-0.0009980070420644194,-0.000353012330745471,-0.002579705493908753,,,0.5799999999999272,,0.38999999999987267,35.35973229224787,22.72541819665489,0.1736279797069768,0.002255059100733321,2.025714285714327,NEUTRAL,,-1.0
-0.0013453077532241712,-0.0007606440778426312,-0.002988244591524342,,,2.1599999999998545,,0.3900000000003274,29.421221864952557,20.809821657021452,0.05983963141090419,0.0024613035829998717,2.122142857142925,NEUTRAL,,-1.0
-0.0026107598995516136,-0.002183778703829745,-0.004414546983392985,,,6.980000000000018,,0.3700000000003456,22.999581064097853,16.03366550514303,-0.22463606354427246,0.003347946077726794,2.7171428571429197,NEUTRAL,,1.0
-0.0020238413568261487,-0.0016610802954350585,-0.0038906850967480983,,,0.1299999999996544,,0.38999999999987267,28.398909232568244,20.067783609885584,0.025677135525223545,0.0037421329514210535,3.0342857142857804,NEUTRAL,,-1.0
-0.0019262773801010872,-0.0016487006903779832,-0.0038782779358366363,,,0.4800000000000182,,0.38999999999987267,26.721439749609374,25.530135492290487,0.06886658274416266,0.004094507917313921,3.1564285714286404,NEUTRAL,,-1.0
-0.0024975508895714775,-0.002357306289035978,-0.004588460824933568,,,3.1599999999998545,,0.38999999999987267,26.773814190514315,25.11019528190539,0.003231803304900626,0.0045683692936287715,3.1778571428572246,NEUTRAL,,1.0
-0.0017867084783982883,-0.0016982209467026447,-0.0039279084196658254,,,0.4299999999998363,,0.3000000000001819,30.22039596563323,24.934694584085207,0.1864737212018215,0.004666006292254391,3.3278571428572508,NEUTRAL,,-1.0
-0.002405430554446015,-0.0024391329945923795,-0.0046704696691586,,,2.9600000000000364,,0.38999999999987267,28.19797838968283,20.479285640977377,0.10342584845006784,0.00482411985048834,3.3935714285715415,NEUTRAL,,1.0
-0.0024943219203076945,-0.0026400370149519802,-0.004871820883261882,,,4.149999999999636,,0.38999999999987267,28.54622441778443,19.107996560129312,0.09598511059847704,0.005015751152063581,3.3414285714286507,NEUTRAL,,1.0
-0.0023261207629499086,-0.0025606579035263757,-0.004792265081285511,,,0.13000000000010914,,0.3900000000003274,33.80281690140802,15.825147998383157,0.1590290705862506,0.005018516133324483,3.3157142857143884,NEUTRAL,,1.0
-0.00188338706005911,-0.0021813001736137277,-0.004412062936198243,,,1.3800000000001091,,0.38999999999987267,37.170441886372494,21.062267855946075,0.2550083545049004,0.004782200349758853,3.3014285714286546,NEUTRAL,,1.0
-0.001668887455470039,-0.0020425220448959743,-0.004272975900218149,,,1.199999999999818,,0.38999999999987267,32.88377627925408,29.252704031465573,0.29523343609599806,0.0046594541126783115,3.222142857142931,NEUTRAL,,1.0
-0.0015859051840637238,-0.0020202220018743487,-0.0042506262193659555,,,1.4200000000000728,,0.38999999999987267,36.04404913172457,35.02028738749329,0.32540845589984285,0.004328423042942387,3.270714285714348,NEUTRAL,,1.0
-0.0014469532546719638,-0.0019335090469432665,-0.004163720249427648,,,1.2100000000000364,,0.38999999999987267,34.43334780720765,37.851768195143265,0.36081021795055035,0.003942262866718291,3.2621428571428948,NEUTRAL,,1.0
-0.00021772887945624618,-0.000661793757408211,-0.0028891742394311225,,,0.6599999999998545,,0.38000000000010914,47.87545787545815,55.97004613004418,0.7107209673158822,0.0036631762072320963,3.5171428571428742,NEUTRAL,,1.0
-0.00011704847155724903,-0.0005604924432285307,-0.0027876474379075517,,,0.17000000000007276,,0.32999999999992724,51.73597863410884,76.04072812880518,0.7455742932082806,0.003649473588558643,3.4428571428571297,NEUTRAL,,1.0
-3.181088298474647e-05,-0.00047156185731187753,-0.0026985189007424732,,,0.15000000000009095,,0.3900000000003274,67.28065923412524,93.16296180648301,0.7678446984350767,0.003644977793463185,2.923571428571417,NEUTRAL,,1.0
-0.0001374753204147106,-0.0005950808297551056,-0.0028223128149793184,,,0.4099999999998545,,0.3900000000003274,61.38404648705753,92.57835488540029,0.7522369278623569,0.003455219897054013,2.667142857142835,NEUTRAL,,1.0
0.00037267420804625967,-4.935736708067779e-05,-0.0022753746224162047,,,1.8099999999999454,,0.38000000000010914,66.53846153846237,91.93922305764426,0.8951080991480117,0.003553072098534924,2.718571428571425,NEUTRAL,,-1.0
0.00033816409455852,-7.156977188996478e-05,-0.0022976364699815155,,,1.5199999999999818,,0.3900000000003274,75.17653449212462,92.7459273182959,0.8732059563753601,0.0035645802508675957,2.592142857142822,NEUTRAL,,-1.0
0.0002838389242128742,-0.00012093420438873596,-0.002347110783135409,,,1.3200000000001637,,0.38999999999987267,69.9622166246866,93.6389442995246,0.8510034638124486,0.0036203357833102133,2.455714285714261,NEUTRAL,,-1.0
-0.0002322764630007999,-0.000671677910686656,-0.002899080393919398,,,0.650000000000091,,0.38000000000010914,72.5195822454322,86.6771520638332,0.7139983880631586,0.0036382694284435527,2.438571428571387,NEUTRAL,,1.0
-0.00039994299536815186,-0.0008595139300533536,-0.0030873345188697885,,,0.7100000000000364,,0.38999999999987267,74.81481481481536,78.6929057337225,0.6477058535745263,0.003596967585998251,2.579999999999992,NEUTRAL,,1.0
-9.630682386904847e-05,-0.0005431991466835897,-0.002770315648086027,,,0.07999999999992724,,0.3200000000001637,76.0102629890965,73.74778380374174,0.7164201615367629,0.0036627520176683442,2.4985714285713976,NEUTRAL,,1.0
0.00023602843495594726,-0.00019005259767345553,-0.002416383027562554,,,1.2600000000002183,,0.31999999999970896,75.74578469520185,77.1938327144219,0.7773463482597565,0.0037697174786576124,2.5221428571428532,NEUTRAL,,1.0
0.00023714279777235228,-0.00018758391912176623,-0.002413908853961032,,,0.36999999999989086,,0.36999999999989086,74.27821522309704,81.61491149075937,0.7411546821454649,0.0036982906612730553,2.504999999999979,NEUTRAL,,1.0
0.0005782283440933756,0.00019491397878644177,-0.0020305595511550547,,,2.1799999999998363,,0.38999999999987267,76.7082590611997,83.75685753232433,0.8236748222974634,0.0038346968535207123,2.5778571428571206,NEUTRAL,,1.0
0.0007191840159946775,0.00037002501369092546,-0.0018550587353038353,,,2.9200000000000728,,0.38999999999987267,77.3016792125074,84.38319450563627,0.8367188913027347,0.003818406016994764,2.6607142857142856,NEUTRAL,,1.0
0.0007875591870594316,0.0004735829510136693,-0.0017512702876030695,,,3.1399999999998727,,0.3900000000003274,68.25910931174008,85.31478311204138,0.8279362959764108,0.0036116803382659855,2.4707142857142963,NEUTRAL,,1.0
0.001184595188838171,0.0009417913759521977,-0.0012820196740712193,,,5.25,,0.38999999999987267,71.93987115246956,90.65192259363357,0.9367452838600846,0.003504306830286403,2.5007142857143014,NEUTRAL,,1.0
0.0010137987557359374,0.0007915196437420834,-0.0014326258972406295,,,3.230000000000018,,0.3900000000003274,62.09317166560289,85.20939368240677,0.7745980996567413,0.003279325905723498,2.5364285714285546,NEUTRAL,,1.0
0.0008035920386057307,9.865046168407096e-05,9.865046168407096e-05,,,3.3600000000001273,,0.3900000000003274,64.69816272965863,80.67938903927478,0.7686337464433043,0.0029937919832561046,2.5257142857142623,NEUTRAL,,1.0
0.0009362006744229752,0.0002712419428813561,0.0002712419428813561,,,4.119999999999891,,0.38999999999987267,60.957910014513565,75.02558853633822,0.8231264486786022,0.0026516560380552097,2.494999999999988,NEUTRAL,,1.0
0.0012741879163907536,0.0006753659053599853,0.0006753659053599853,,,6.199999999999818,,0.38999999999987267,67.30892742453378,82.0034422164775,1.0141506694818103,0.0023595320492194533,2.5628571428571507,NEUTRAL,,1.0
0.0010951149617132814,0.0005398729449699506,0.0005398729449699506,,,5.570000000000164,,0.38999999999987267,65.50000000000011,85.28231370758083,0.8960240832960572,0.00245432238161408,2.5507142857142884,NEUTRAL,,1.0
0.0016674646758407193,0.0012120495462203808,0.0012120495462203808,,,8.269999999999982,,0.29000000000041837,78.78063359235014,88.9380379131797,1.0480614446408525,0.002782805299683443,2.655000000000005,NEUTRAL,,-1.0
0.0015612895225747868,0.0011628365327761736,0.0011628365327761736,,,7.829999999999927,,0.34999999999990905,80.12158054711236,87.16365613573116,0.9402990994811812,0.002981949773620277,2.5528571428571274,NEUTRAL,,-1.0
0.0014501263865110893,0.0011160796777411695,0.0011160796777411695,,,7.829999999999927,,0.38999999999987267,78.43007915567274,87.91793740194755,0.8909043198209348,0.003075989955415346,2.5407142857142975,NEUTRAL,,1.0
0.0016813502478115127,0.0014260697370268203,0.0014260697370268203,,,9.239999999999782,,0.2300000000000182,78.52921864740594,86.85087523014289,0.934399274559895,0.0033372232063203153,2.587857142857144,NEUTRAL,,-1.0
0.0018203520912716225,0.0016449150455552417,0.0016449150455552417,,,1.150000000000091,,0.38999999999987267,80.2429667519194,88.08126331455469,0.9157946065854025,0.003568604919881124,2.650000000000026,NEUTRAL,,-1.0
0.0022082659647728836,0.002138808420358319,0.002138808420358319,,,3.2600000000002183,,0.27999999999974534,80.6148055207041,89.72828228474418,0.9772370099613656,0.0039062533585985885,2.6121428571429015,NEUTRAL,,-1.0
0.001806858498421771,0.001799770043061516,0.001799770043061516,,,1.9800000000000182,,0.38999999999987267,73.48300970873782,86.49391431353378,0.8589377538954925,0.003900866601904681,2.650000000000026,NEUTRAL,,-1.0
0.001581270486210243,0.001622788980794869,0.001622788980794869,,,1.2000000000002728,,0.3900000000003274,69.77699530516558,79.28121831087913,0.7883214559003565,0.003677365730593716,2.605714285714287,NEUTRAL,,-1.0
0.0009984864506654674,0.0010520895187737568,0.0010520895187737568,,,1.0,,0.3799999999996544,57.092819614710706,65.47346564295681,0.6219990609449582,0.0033892612605944425,2.666428571428566,NEUTRAL,,-1.0
0.001439615922501889,0.0015686989157014917,0.0015686989157014917,,,1.0,,0.38999999999987267,68.84862653419036,61.67608286252325,0.7456641579086363,0.003231462110904238,2.6964285714285716,NEUTRAL,,-1.0
0.0008246756623497438,0.0009585506910681982,0.0009585506910681982,,,1.449999999999818,,0.38000000000010914,59.958826556870854,53.358443188951355,0.5362756161986767,0.002907651817835008,2.80142857142859,NEUTRAL,,-1.0
0.0011582760167465277,0.0013498201881866146,0.0013498201881866146,,,0.03999999999996362,,0.33999999999969077,61.40873015873028,54.33578650014815,0.6437403854118658,0.0027275317022278363,2.6964285714285716,NEUTRAL,,-1.0
0.0009511422433376227,0.0011702187939601927,0.0011702187939601927,,,0.569999999999709,,0.3799999999996544,55.10968432316854,45.034878682292174,0.5696618925171569,0.002552064981854592,2.577142857142852,NEUTRAL,,-1.0
0.0007510453197351057,0.0009880911606497656,0.0009880911606497656,,,1.6099999999996726,,0.3200000000001637,53.92670157068074,39.25719748088256,0.4461628831660622,0.0023569755072220424,2.5542857142856974,NEUTRAL,,-1.0
0.0007330098629681576,0.0009880911606497656,0.0009880911606497656,,,1.3299999999999272,,0.36999999999989086,47.24220623501167,28.371220282986695,0.46350110338548156,0.0022951843824322747,2.311428571428548,NEUTRAL,,-1.0
0.0007662347948890621,0.001049628195082951,0.001049628195082951,,,1.099999999999909,,0.34999999999990905,49.2410443230115,21.179063865166018,0.46064156161991626,0.002050069438808965,2.269999999999982,NEUTRAL,,-1.0
0.0009901854840336467,0.0013252210754488398,0.0013252210754488398,,,0.12000000000034561,,0.3500000000003638,52.74166195590808,24.15160754567461,0.5866763960470059,0.001763627912151115,2.287857142857092,NEUTRAL,,-1.0
0.0007268465823961429,0.0010816244570318826,0.0010816244570318826,,,1.1700000000000728,,0.34999999999990905,45.07683551508252,23.500491642084853,0.3625599205095324,0.0015038220606379625,2.1921428571428287,NEUTRAL,,-1.0
0.0006869895337574432,0.0010767020886049172,0.0010767020886049172,,,0.9600000000000364,,0.25,43.86271087841733,24.18879056047162,0.3783968201123311,0.0014281832741477101,2.1749999999999545,NEUTRAL,,-1.0
0.0006345183662110434,0.0010520895187737568,0.0010520895187737568,,,1.199999999999818,,0.38999999999987267,35.44386422976463,18.087069580169587,0.3010262821947096,0.001288178095980466,2.020714285714251,NEUTRAL,,-1.0
0.0005207469975954642,0.0009511653007012189,0.0009511653007012189,,,1.3899999999998727,,0.38000000000010914,38.15881939564303,19.431919311854113,0.2787922825521268,0.0013157344139180349,1.9421428571428285,NEUTRAL,,-1.0
0.0005071765279716424,0.0009610124635923229,0.0009610124635923229,,,0.1799999999998363,,0.3900000000003274,39.6350364963497,19.966715310441767,0.24534914162687832,0.001346582913019837,1.8614285714285674,NEUTRAL,,-1.0
0.0006503532890878642,0.001135767308132851,0.001135767308132851,,,0.5399999999999636,,0.3900000000003274,50.32733224222558,32.22440604736311,0.3778583610699638,0.001348270559137298,1.8571428571428572,NEUTRAL,,-1.0
0.0011515854648082163,0.0017039130905830778,0.0017039130905830778,,,1.5700000000001637,,0.3500000000003638,52.24232887490237,50.57897280470839,0.8123311117482201,0.0013968098674131124,1.9228571428571806,NEUTRAL,,-1.0
0.0011288705112031578,0.0017309515308948369,0.0017309515308948369,,,0.12000000000034561,,0.2600000000002183,65.22574447646551,69.441071924869,0.8259600514038196,0.0014302186658784858,1.7578571428571845,NEUTRAL,,-1.0
0.0012716210759933547,0.0019300076806427347,0.0019300076806427347,,,0.8700000000003456,,0.3200000000001637,62.564632885213406,81.02189781021828,0.992620121873246,0.001341163678233133,1.775000000000026,NEUTRAL,,-1.0
0.0009407369028897662,0.0016203304686153136,0.0016203304686153136,,,0.4099999999998545,,0.36000000000012733,58.51063829787071,78.34686953839706,0.776274196379547,0.0012853272213195672,1.9435714285714636,NEUTRAL,,-1.0
0.0007009718730390045,0.0014014743806049872,0.0014014743806049872,,,0.34999999999990905,,0.33999999999969077,59.66469428007609,70.99825228744439,0.6269748841817707,0.001249430121622295,1.9664285714286183,NEUTRAL,,-1.0
0.0006576765829963261,0.0013842569102006164,0.0013842569102006164,,,0.2699999999999818,,0.25999999999976353,58.048289738429354,59.62441314553555,0.5991058409021984,0.0012440618353967779,2.012142857142927,NEUTRAL,,-1.0
0.0005248591665828382,0.0012587974173713238,0.0012587974173713238,,,0.31999999999970896,,0.3200000000001637,53.78640776699104,52.5352112676023,0.49521923067075985,0.0012109167035824508,1.9721428571429311,NEUTRAL,,-1.0
-0.00015479515234069553,0.0005324813631522538,0.0005324813631522538,,,1.7199999999998,,0.30999999999994543,36.1809045226129,35.96244131455163,-0.011362248411027582,0.0013474642612822123,2.0592857142858065,NEUTRAL,,1.0
-1.933945363003011e-05,0.0006753659053599853,0.0006753659053599853,,,0.04999999999972715,,0.2300000000000182,43.482142857144886,24.196280007670122,0.13602849029250388,0.0014305485353314766,2.0550000000000637,NEUTRAL,,1.0
-0.00026191181004618603,0.00040187872138454725,0.00040187872138454725,,,1.1300000000001091,,0.2300000000000182,38.60811930406024,10.456988748476224,0.03083876443284326,0.001594541023964713,2.0764285714286155,NEUTRAL,,1.0
0.00026719312087912305,0.0009610124635923229,0.0009610124635923229,,,0.03999999999996362,,0.29000000000041837,49.22096317280367,21.251580862563767,0.3828131248511651,0.0015893748567098712,2.24857142857143,NEUTRAL,,1.0
0.00014691881812786114,0.0008551452884451388,0.0008551452884451388,,,0.3799999999996544,,0.3200000000001637,48.432055749129596,25.860765220031244,0.32331037537828555,0.00160421221882133,2.2207142857142963,NEUTRAL,,1.0
1.0221754342806938e-06,0.0006876816255906207,0.0006876816255906207,,,0.07000000000016371,,0.25,46.61301140174324,31.82957393483467,0.22051418249562532,0.0016599120696220045,2.326428571428583,NEUTRAL,,1.0
0.0006333995314310658,0.001379337523892074,0.001379337523892074,,,0.11000000000012733,,0.3400000000001455,53.03834808259625,38.22055137844452,0.6302649789259054,0.0016596405690959004,2.3121428571428817,NEUTRAL,,1.0
0.0007005230145905353,0.0014752568153662607,0.0014752568153662607,,,0.8299999999999272,,0.36999999999989086,47.35449735449689,49.12280701754087,0.709955331059815,0.0016903263757065304,2.1514285714285637,NEUTRAL,,-1.0
0.0006255122555616934,0.0014408263693391923,0.0014408263693391923,,,0.1999999999998181,,0.34999999999990905,46.057818659657634,62.36424394318859,0.6609789399868894,0.0017087005471086573,2.1478571428571223,NEUTRAL,,1.0
0.0005286345267629685,0.0013670388460713587,0.0013670388460713587,,,0.13999999999987267,,0.38000000000010914,42.26873733963571,62.65664160400798,0.6018806929457394,0.001710816640711156,2.076428571428583,NEUTRAL,,1.0
0.0006034045749092245,0.0014777160420853528,0.0014777160420853528,,,0.30999999999994543,,0.25,47.99713876967115,69.44549927005876,0.651619149735946,0.0017166175581072437,1.913571428571426,NEUTRAL,,-1.0
0.0007942118846082718,0.001708829279583197,0.001708829279583197,,,0.020000000000436557,,0.33999999999969077,54.49398443029167,78.26432248381293,0.7653238443543714,0.0017487591909115343,1.8949999999999818,NEUTRAL,,-1.0
0.0006270778087201209,0.0015490283479575638,0.0015490283479575638,,,0.5499999999997272,,0.25,52.667578659371344,85.72964027951866,0.6696019402174392,0.0017647191177101666,1.859999999999965,NEUTRAL,,-1.0
0.0006573971090700331,0.0016031205443221615,0.0016031205443221615,,,0.13999999999987267,,0.38999999999987267,56.163434903045996,85.93673965936783,0.7282960760735017,0.0017593533545994665,1.8842857142856897,NEUTRAL,,-1.0
0.0008519882863739044,0.0018440055049349384,0.0018440055049349384,,,0.3500000000003638,,0.24000000000023647,71.25103562551718,87.5425790754259,0.7930767218834,0.0017726571283698288,1.813571428571387,NEUTRAL,,-1.0
0.0013405510392908479,0.002408891491618082,0.002408891491618082,,,2.950000000000273,,0.33999999999969077,75.42492917846906,93.60065309258569,1.0735927234405112,0.0019776269060955334,1.9092857142856832,NEUTRAL,,-1.0
0.0010605891470374983,0.0021658233081965897,0.0021658233081965897,,,0.07999999999992724,,0.3000000000001819,75.31824611032664,91.8472262404848,0.8962463814109863,0.0021086126454734947,1.88714285714283,NEUTRAL,,-1.0
0.001285628454901443,0.0024530729844572607,0.0024530729844572607,,,1.2199999999998,,0.2300000000000182,73.13317936874643,91.5299596463151,0.9560105840724938,0.0023334173232725827,1.7785714285714351,NEUTRAL,,-1.0
0.0011486975716897192,0.0023696157679104456,0.0023696157679104456,,,0.8399999999996908,,0.25,73.35907335907181,88.17655335459416,0.8703120922629938,0.002489513319251879,1.7978571428571481,NEUTRAL,,-1.0
0.0008871438351335008,0.002138808420358319,0.002138808420358319,,,0.010000000000218279,,0.2699999999999818,73.13317936874643,86.5231080925774,0.7605270410277504,0.002560937842238129,1.7471428571428274,NEUTRAL,,-1.0
0.000922448552197425,0.0022223042563401492,0.0022223042563401492,,,0.6899999999995998,,0.2899999999999636,68.06953339432772,82.62441563406009,0.7997331236712936,0.0025034667965565787,1.647857142857122,NEUTRAL,,-1.0
0.0008692339799650419,0.0022002037772626054,0.0022002037772626054,,,0.2199999999997999,,0.2699999999999818,63.12849162011331,76.43220154571696,0.7311173330181314,0.0024143389936957735,1.575000000000013,NEUTRAL,,-1.0
0.0006386657065323624,0.00198897203623472,0.00198897203623472,,,0.7000000000002728,,0.34999999999990905,59.421560035057865,68.81088413400128,0.6189044982189094,0.0021267130981841393,1.6664285714285663,NEUTRAL,,-1.0
0.0005614938160185129,0.0019349216430585728,0.0019349216430585728,,,0.44000000000005457,,0.2300000000000182,60.58981233243957,58.89089813140433,0.5867323255283889,0.0020112885630965897,1.674999999999987,NEUTRAL,,-1.0
0.0005643380095100756,0.0019472063374057734,0.0019472063374057734,,,0.5300000000002001,,0.38000000000010914,58.4487534626036,50.53987472809653,0.554477472990975,0.001823556048609821,1.667857142857169,NEUTRAL,,-1.0
0.0005972692218758032,0.0020135384615384212,0.0020135384615384212,,,0.17000000000007276,,0.25,55.88235294117568,50.10590216974429,0.5823126847757542,0.0014655228737317314,1.5950000000000273,NEUTRAL,,-1.0
0.0005556488148727695,4.6770382040186725e-05,0.00198897203623472,,,0.42000000000007276,,0.31999999999970896,57.69230769230787,48.74835309618032,0.5209865533934238,0.001372444777673709,1.5978571428572,NEUTRAL,,-1.0
-0.00020153145791452937,-0.0007612487435700707,0.0011825223201087248,,,0.20000000000027285,,0.2300000000000182,41.007751937985375,35.7839059802611,-0.025420037048323692,0.0015141063503375353,1.784285714285748,NEUTRAL,,-1.0
0.00023364972523130575,-0.00031519873526512405,0.0016277059688297195,,,0.40000000000009095,,0.2300000000000182,47.444751381214495,32.06358631262219,0.3008205461524398,0.001478229296856978,1.8635714285714715,NEUTRAL,,-1.0
0.00022223277391301787,-0.0003176620076238792,0.0016252474808663823,,,0.40000000000009095,,0.32999999999992724,35.94276094275939,29.990170465800166,0.2829789518144663,0.0014151039859779354,1.7207142857143285,NEUTRAL,,-1.0
9.448497102825316e-05,-0.00043591334929219045,0.0015072258178916301,,,0.5399999999999636,,0.36000000000012733,38.364779874212346,40.55773909788457,0.2172282044908895,0.0014007749988545377,1.7207142857143611,NEUTRAL,,-1.0
0.0002083625321573125,-0.0003176620076238792,0.0016252474808663823,,,0.36000000000012733,,0.25999999999976353,33.91136801541232,41.50963877971087,0.29106987126243755,0.0014145278341216765,1.6678571428572013,NEUTRAL,,-1.0
-0.00013797786510382138,-0.0006798950596756256,0.0012637179913534233,,,0.5100000000002183,,0.24000000000023647,30.76923076922894,35.43672456575543,0.07707191489719065,0.0015009203417058869,1.6892857142857858,NEUTRAL,,-1.0
-0.0001231670540318553,-0.0006749649584798598,0.0012686385168506323,,,0.5900000000001455,,0.2800000000002001,32.98969072164765,29.9818031430917,0.1044032646207275,0.0016006063938397359,1.717142857142952,NEUTRAL,,-1.0
-7.872425210177686e-05,-0.000640455610267959,0.001303080837814461,,,0.42000000000007276,,0.38999999999987267,29.48717948717902,23.440860215052695,0.1640388363006142,0.0016850840908418964,1.6771428571429234,NEUTRAL,,-1.0
3.6629167129820526e-05,-0.0005467993763532065,0.0013965551639288812,,,0.11000000000012733,,0.27000000000043656,34.50980392156906,26.774193548387984,0.2646069785622049,0.0016353230933881262,1.6757142857143208,NEUTRAL,,-1.0
-2.483367592663988e-05,-0.0006010192695645454,0.0013424405816092582,,,0.21000000000003638,,0.2300000000000182,36.66666666666683,30.414891458714617,0.24368761197042174,0.001648888676022384,1.5778571428572181,NEUTRAL,,-1.0
0.0001277677530169381,-0.00043837721620621466,0.001504766736527824,,,0.4699999999997999,,0.2699999999999818,41.338582677164155,37.41834043416443,0.3639520226660319,0.0015320477978436739,1.6485714285714883,NEUTRAL,,-1.0
-0.0001297493328621484,-0.0007242681565897451,0.0012194310799724627,,,0.599999999999909,,0.2300000000000182,37.70197486535042,34.84276729559606,0.215544481424273,0.0014646958279564686,1.6414285714286052,NEUTRAL,,-1.0
-0.0001315415624714748,-0.0007168723671568631,0.0012268125046190274,,,0.5100000000002183,,0.3599999999996726,36.15455381784499,32.955974842764796,0.25503711866683354,0.001431998634713828,1.6442857142857454,NEUTRAL,,-1.0
-0.0006714530233254628,-0.0013187539131249066,0.0006260999886611723,,,2.9700000000002547,,0.33999999999969077,30.045871559630555,22.63638335206127,-0.076450001199655,0.0015162145810981567,1.7928571428571363,NEUTRAL,,1.0
-0.00010287837937793112,-0.0007365947152409174,0.0012071284631036594,,,0.7200000000002547,,0.3900000000003274,51.93277310924208,33.90944220034429,0.3073034921076076,0.0014052676261932227,1.682857142857139,NEUTRAL,,1.0
0.0003117720778761224,-0.00028810353997992455,0.00165474853732044,,,0.13999999999987267,,0.2600000000002183,51.11111111111205,50.396005951061625,0.6523240607375131,0.0013428119501409173,1.6950000000000014,NEUTRAL,,-1.0
-8.513729280089584e-05,-0.0006996159502583272,0.0012440354045085142,,,0.7800000000002001,,0.2800000000002001,43.873807776962366,61.2911644324276,0.31833534360069127,0.0012866367096209925,1.7800000000000051,NEUTRAL,,1.0
-0.00026985286529605053,-0.0009017999039065318,0.0010422441512362834,,,1.4200000000000728,,0.2899999999999636,42.95977011494244,54.09090909091003,0.22118340525878596,0.0012464865679800488,1.7571428571428507,NEUTRAL,,1.0
-0.00013951170547492388,-0.0007711106950343697,0.0011726795234387505,,,0.900000000000091,,0.2899999999999636,43.48754448398611,43.73737373737361,0.3407231568262194,0.0011150132249732416,1.7485714285714298,NEUTRAL,,1.0
0.00018399467286740138,-0.00042359419675956715,0.0015195210430267328,,,0.6300000000001091,,0.27000000000043656,54.12844036697271,51.010101010101266,0.7295606414275396,0.000985570348391651,1.7407142857142779,NEUTRAL,,1.0
-0.00024262346659516056,-0.0008524792115799289,0.001091469048352285,,,1.150000000000091,,0.2300000000000182,48.23899371069201,52.373737373737555,0.2764923471479421,0.0009841579349922829,1.7721428571428532,NEUTRAL,,1.0
-6.60757172782408e-05,-0.0006700349058626219,0.001273558993863667,,,0.5700000000001637,,0.2300000000000182,49.540159411403764,54.04040404040387,0.4377158901093999,0.0009491776997408804,1.8607142857142986,NEUTRAL,,1.0
-0.00013905093309629074,-0.0007513869864701519,0.0011923649227918315,,,0.900000000000091,,0.3700000000003456,46.86530105524445,46.161616161616166,0.3703400285139393,0.0009128734825748706,1.880714285714313,NEUTRAL,,1.0
0.00033407483961399905,-0.0002486949670048799,0.0016940805673199188,,,0.1999999999998181,,0.38000000000010914,53.655793025872335,57.474747474748824,0.8843960170594741,0.0009497067048896275,1.9764285714285765,NEUTRAL,,1.0
0.0006214149431756682,8.861385773048275e-05,0.0020307342396561783,,,0.01999999999998181,,0.34999999999990905,55.93582887700609,72.25819344524683,1.1493237780351102,0.0011357984049789665,1.9707142857142637,NEUTRAL,,1.0
0.0002386921123581402,-0.00030041935587141427,0.001642456642345738,,,0.1299999999996544,,0.2300000000000182,54.45080687142122,80.587477850481,0.779176338173557,0.0011761254375290083,2.0428571428571365,NEUTRAL,,1.0
0.00028268419611090524,-0.0002437691137146563,0.0016989968531622608,,,0.0,,0.3000000000001819,54.54545454545455,79.47572743493055,0.7779579813388262,0.001215371295402032,2.065000000000022,NEUTRAL,,1.0
0.0005229448558479328,2.2154936858465773e-05,0.0019644044014474602,,,0.01999999999998181,,0.33999999999969077,65.43956043956116,77.52769077223563,0.9766806806643713,0.0013579184901434398,1.977142857142878,NEUTRAL,,1.0
0.0007528902396765821,0.0002903979189789403,0.002232126377236669,,,0.7899999999999636,,0.2300000000000182,62.47016706443985,84.34311772933064,1.0179599954239889,0.0015551629815723023,1.9221428571428791,NEUTRAL,,1.0
0.0012947428505334121,0.0009173770395037846,0.0028578877209205966,,,3.449999999999818,,0.25999999999976353,64.1595441595438,92.46767015768165,1.1824802927603963,0.0020258459370212215,1.9064285714285754,NEUTRAL,,-1.0
0.0009584617480605125,0.0006175087090869146,0.0025586018225116705,,,0.30999999999994543,,0.2300000000000182,67.50599520383801,90.71469693231514,0.9711654939523037,0.0022602787398177996,1.8728571428571286,NEUTRAL,,-1.0
0.0007909579525697698,0.0004773445861988496,0.002418709939347693,,,0.4099999999998545,,0.2300000000000182,67.18377088305625,85.38868538868674,0.8488082887042729,0.0023702949138476094,1.8264285714285506,NEUTRAL,,-1.0
0.0007794839342670072,0.0005068560897774866,0.002448164122954385,,,0.18000000000029104,,0.2300000000000182,65.8088235294116,77.81847781847871,0.8056397237833501,0.0024483221172951863,1.8507142857142753,NEUTRAL,,-1.0
0.0006231096799620041,0.0003740405981696574,0.0023156065978792526,,,0.680000000000291,,0.2300000000000182,60.15727391874167,72.52747252747271,0.7353290850206617,0.002304368776374632,1.799999999999987,NEUTRAL,,-1.0
0.0004508444898240961,0.00021412327593842379,0.002155999881862962,,,0.8400000000001455,,0.3000000000001819,64.7847565278764,67.23646723646672,0.6408373906460142,0.002262953623020055,1.696428571428539,NEUTRAL,,1.0
0.00027097337517159354,4.6770382040186725e-05,0.00198897203623472,,,0.0500000000001819,,0.29999999999972715,59.80528511822055,58.30716902145548,0.5489433288844228,0.0022611109836661904,1.649999999999961,NEUTRAL,,1.0
0.0003356936857077317,0.00011814832044778661,0.002060211337808174,,,0.4800000000000182,,0.38999999999987267,62.387853692202206,51.821557933335306,0.5806077014021376,0.002186772595646697,1.6292857142856454,NEUTRAL,,1.0
0.00027424236903718683,6.646186565841107e-05,0.0020086252732320784,,,0.3200000000001637,,0.2800000000002001,55.643251775847986,41.609239387684006,0.5420768244355846,0.002041872152442144,1.578571428571357,NEUTRAL,,1.0
0.00031230774866299944,0.00012307056127560176,0.002065124018204566,,,0.42000000000007276,,0.27999999999974534,50.265486725663486,36.78056717805968,0.5509441050151133,0.0019159131516335247,1.5385714285713934,NEUTRAL,,1.0
0.00037583627726359836,0.00021412327593842379,0.002155999881862962,,,0.17000000000007276,,0.2600000000002183,59.4784353059173,33.086419753089466,0.5693583380966118,0.001879236079523307,1.4471428571428078,NEUTRAL,,1.0
9.981211173690628e-06,-0.00016988713585063095,0.0017727353306150944,,,0.2699999999999818,,0.3200000000001637,51.19152691968214,27.017597708205844,0.3417089060928478,0.0017004432584870827,1.5414285714285012,NEUTRAL,,1.0
5.692723364745797e-05,-0.00010340268699269848,0.0018390906472269123,,,0.17000000000007276,,0.2699999999999818,47.030651340994524,22.721164995564124,0.38768637748005635,0.0015417629588759922,1.500714285714204,NEUTRAL,,1.0
0.0006679518506175897,0.0005584970279100849,0.002499704759280364,,,0.03999999999996362,,0.38000000000010914,54.22185430463555,31.92142418661462,0.77218553135092,0.001336040551568853,1.5907142857142194,NEUTRAL,,-1.0
0.0003332701651481334,0.00022396581937030028,0.0021658233081965897,,,0.03999999999996362,,0.36999999999989086,36.118848653669176,41.91587549600586,0.5049795014839107,0.001260377372300543,1.5107142857142273,NEUTRAL,,1.0
0.00022619249335523552,0.00012799275364102015,0.0020700366502326897,,,0.47000000000025466,,0.25,38.24975417895895,48.85743560554707,0.41537151629170693,0.0012607208413452585,1.5571428571428052,NEUTRAL,,1.0
2.8540067151627095e-05,-7.3856880137714e-05,0.0018685790674829554,,,0.2699999999999818,,0.32999999999992724,38.17468105986221,36.16719272010953,0.2522133282771081,0.0012063173792257614,1.63714285714283,NEUTRAL,,1.0
5.788818578645207e-05,-2.954144295175411e-05,0.0019128084311278138,,,0.03000000000020009,,0.2699999999999818,40.24975984630357,34.07303329021695,0.29273482860347233,0.0011446887667209346,1.6478571428570896,NEUTRAL,,1.0
0.0002104091047134032,0.00013291489754475752,0.0020749492338932585,,,0.11999999999989086,,0.32999999999992724,45.884578997162535,37.02830188679425,0.43178370019390444,0.0011400774566452606,1.729285714285652,NEUTRAL,,1.0
0.0003523309603299757,0.0002903979189789403,0.002232126377236669,,,0.11999999999989086,,0.3200000000001637,51.219512195121844,47.72012578616572,0.5199914988684404,0.0011387613506617844,1.8121428571428169,NEUTRAL,,1.0
0.0003965754053111321,0.0003420612264986398,0.002283689339501857,,,0.42000000000007276,,0.32999999999992724,56.864754098360606,58.411949685537195,0.638330595191479,0.0009234193617760351,1.7785714285714025,NEUTRAL,,1.0
0.0006239034265754598,0.0006150500281692912,0.002556147917071543,,,0.009999999999763531,,0.3400000000001455,59.86653956148509,71.50324314437366,0.970014935283408,0.0008922969314678486,1.844285714285726,NEUTRAL,,-1.0
0.0013225511835014802,0.001386481802426312,0.003326081345182282,,,3.1399999999998727,,0.38000000000010914,69.96282527880892,84.41516684103048,1.3376488440417555,0.001368138639932713,2.0228571428571547,NEUTRAL,,-1.0
0.0009846025423525125,0.001084438673886386,0.0030246248727443742,,,0.38999999999987267,,0.2300000000000182,63.794301598330726,87.5790739132912,1.0318370114849478,0.0015564394244989834,2.087857142857144,NEUTRAL,,-1.0
0.0007827994205746446,0.0009050908903093385,0.002845625435021535,,,0.36000000000012733,,0.25,59.97313633310828,79.9660566706013,0.871453322541435,0.001658303969323572,2.1307142857142805,NEUTRAL,,-1.0
0.0004503410308896401,0.0005732506015440682,0.00251442967715899,,,0.4800000000000182,,0.25,60.419485791611436,63.520408163266296,0.6537944068080986,0.001672949189219661,2.1421428571428742,NEUTRAL,,-1.0
0.0005923802993944407,0.0007478014882233476,0.002688641534960909,,,0.6900000000000546,,0.36999999999989086,60.94793057409945,57.52551020408335,0.7351254272575223,0.001687652506240936,2.1650000000000285,NEUTRAL,,-1.0
0.0005833502585191905,0.0007650074286895317,0.00270581405645804,,,0.5700000000001637,,0.31999999999970896,53.75494071146184,55.22959183673661,0.7293619531344363,0.0017117632259271032,2.0335714285714466,NEUTRAL,,-1.0
2.3838770587436665e-05,0.00018951606948593933,0.0021314404698029167,,,0.17000000000007276,,0.25,49.52658412235938,48.46938775510346,0.3754503058723543,0.0016961463850859967,2.089285714285747,NEUTRAL,,-1.0
-0.000198624943077544,-5.662263231232507e-05,0.0018857798413581196,,,0.7400000000002365,,0.2300000000000182,47.75280898876286,34.52380952381035,0.244631281185532,0.0017272731056436719,2.0457142857143418,NEUTRAL,,-1.0
-0.0003149128809451035,-9.84872360541178e-06,0.0017530728017648644,,,0.5799999999999272,,0.25,48.536759457530785,16.615103488204927,0.19410128366388693,0.0017927198882698122,1.955714285714326,NEUTRAL,,1.0
4.3883176211461634e-05,0.0003642664461377956,0.0021265284423178845,,,0.6600000000003092,,0.25999999999976353,52.56578947368355,14.716557863056826,0.3840426581194459,0.0017263495792471152,2.017857142857175,NEUTRAL,,-1.0
-0.00029315971980935706,0.0,0.0017629041630144318,,,0.599999999999909,,0.2300000000000182,45.66978193146426,13.65029802578861,0.17849132667323656,0.0017580878446073528,2.0485714285714494,NEUTRAL,,1.0
0.0001533169652754912,0.0004700508688557718,0.002232126377236669,,,0.22000000000025466,,0.2800000000002001,50.454545454545084,24.002648185709734,0.4585023245142196,0.0017523122148671146,2.0757142857142816,NEUTRAL,,-1.0
-0.00010757800906997568,0.00019693374164266912,0.001959490729344121,,,0.15999999999985448,,0.3599999999996726,46.40346133044755,23.815359477122453,0.3004414247522015,0.0017781864148067588,2.179999999999999,NEUTRAL,,-1.0
-3.0962641244894944e-05,0.00028798936654648386,0.002050385831907727,,,0.6399999999998727,,0.2699999999999818,44.32584269662889,28.880718954245832,0.36623341212911614,0.001776178779258078,2.1607142857142856,NEUTRAL,,-1.0
0.0004061057053512107,0.0007602280192000987,0.0025217919730746424,,,0.4499999999998181,,0.2300000000000182,39.90297149787703,33.41503267973663,0.6024881810224569,0.0017359311912665115,2.068571428571431,NEUTRAL,,-1.0
0.0005202132856686527,0.0009027957147952899,0.0026641083354857573,,,1.0,,0.2300000000000182,44.543147208122065,47.83667183899883,0.6472511516939745,0.0017120106264515889,2.004285714285743,NEUTRAL,,-1.0
2.9191277724724676e-05,0.00038640922459732554,0.0021486321851810876,,,0.6300000000001091,,0.2300000000000182,41.36711844431342,52.80866063451756,0.3641026751796953,0.0017074703743352776,2.1121428571429015,NEUTRAL,,-1.0
-6.98581950684675e-05,0.00027568552158713407,0.002038103677447877,,,0.4800000000000182,,0.3400000000001455,43.73831775700839,47.79894356939644,0.30540100613232557,0.0017291908556941633,2.0085714285714533,NEUTRAL,,-1.0
0.0002121952224280649,0.0005782722210328457,0.002340156945541463,,,0.18000000000029104,,0.30999999999994543,45.83083383323364,45.18272425249103,0.4937315941287352,0.0017272292746844371,2.0085714285714533,NEUTRAL,,-1.0
9.296706074386265e-05,0.0004552915958093261,0.00221739312337412,,,0.03999999999996362,,0.30999999999994543,43.97660818713462,48.34305313224402,0.4250356013600685,0.0017216793905653152,2.0142857142857338,NEUTRAL,,-1.0
0.0003230496405809442,0.0006938464188175488,0.0024555273970917543,,,0.5399999999999636,,0.2699999999999818,54.10783055198893,59.50608284136613,0.5955538461677458,0.001457637048794538,1.963571428571413,NEUTRAL,,-1.0
0.0002855690770395774,0.0006692584026376162,0.002430982727227906,,,0.4600000000000364,,0.3000000000001819,57.385976855003854,62.76978417265857,0.6168985919316463,0.0012883585619605498,1.9171428571428026,NEUTRAL,,-1.0
9.810541488965053e-05,0.0004725107053206853,0.0022345818772456384,,,0.0500000000001819,,0.25,56.20000000000061,62.82973621102918,0.4834080629555044,0.0011643432023428642,1.9607142857142403,NEUTRAL,,-1.0
0.0002222073090418745,0.0006225378382435575,0.0023843445267113157,,,0.3400000000001455,,0.31999999999970896,53.76495425756578,61.630695443644164,0.6391460137226207,0.0011443126091736935,1.932857142857139,NEUTRAL,,-1.0
-1.9132016902300864e-05,0.0003691871483492412,0.0021314404698029167,,,0.25,,0.32999999999992724,55.76642335766404,51.0035048883976,0.44392700486792497,0.001059952661608661,1.880714285714313,NEUTRAL,,-1.0
0.0002823442045859143,0.000691387671647433,0.0024530729844572607,,,0.6400000000003274,,0.3400000000001455,53.563218390805666,54.816191003242785,0.7803683234394895,0.0009752451851377659,1.8650000000000415,NEUTRAL,,-1.0
0.00027292769518543473,0.0007061399731814167,0.002467799279097456,,,0.6000000000003638,,0.36000000000012733,58.73949579832087,54.13919413919769,0.7469288243952487,0.0010006529116234494,1.7692857142857454,NEUTRAL,,-1.0
0.0002864982775976698,0.0007356432696021331,0.0024972505640340897,,,0.7699999999999818,,0.3100000000004002,57.63589301121669,62.637932016171995,0.7625221080560804,0.00098430955788647,1.7778571428571663,NEUTRAL,,-1.0
0.00015511071900773003,0.0006053238974984956,0.002367160932494055,,,0.3400000000001455,,0.27999999999974534,47.64705882352917,57.89956157831836,0.6371132122117352,0.0008830400539369941,1.6335714285714533,NEUTRAL,,-1.0
-0.00017858738387385283,0.0002486159965931642,0.00201108187343221,,,0.40000000000009095,,0.3100000000004002,38.9770723104049,39.810017271156944,0.2116800609297734,0.0009068836922162184,1.6892857142857207,NEUTRAL,,-1.0
-2.1644417822851738e-05,0.0004134712883568051,0.002175646541115706,,,0.09999999999990905,,0.30999999999994543,50.93966369930796,30.006603677743087,0.3672688807609458,0.000776836017054897,1.549999999999987,NEUTRAL,,-1.0
-0.0004866933394650353,-8.618290968275062e-05,0.0016768731855419416,,,0.9299999999998363,,0.2699999999999818,43.97950469684048,14.598453969077383,-0.11293294472942277,0.0009495513386262554,1.6314285714285819,NEUTRAL,,1.0
-0.00025586140406846187,0.00014032323580462174,0.001902980022402486,,,0.009999999999763531,,0.32999999999992724,41.89548272807759,19.574445162686477,0.13246529728450931,0.0009618524544043126,1.6335714285714533,NEUTRAL,,-1.0
-0.00011784721856239367,0.0002806070959134432,0.0020430165755103177,,,0.5300000000002001,,0.3200000000001637,46.719858156029,21.899375134674074,0.2731844850112966,0.0009667333747351305,1.6750000000000196,NEUTRAL,,-1.0
-0.000138297791465751,0.0002584596298366244,0.002020908153293646,,,0.5,,0.34999999999990905,43.14096499526971,34.94290023701941,0.34286008474916113,0.0009467183656307855,1.6228571428571936,NEUTRAL,,-1.0
-0.0003836004790680444,-2.4621627145388933e-06,0.0017604463408567924,,,0.7999999999997272,,0.2300000000000182,37.936772046589134,32.897994787858075,0.012549246831995223,0.0009842904661321898,1.7264285714286416,NEUTRAL,,1.0
-0.0001367457350265493,0.00024369410727950773,0.0020061686609377143,,,0.4600000000000364,,0.38000000000010914,46.709470304974914,34.0738423028797,0.3354089204643476,0.0009951192238660076,1.7621428571429274,NEUTRAL,,-1.0
-0.0001673635309270447,0.00021170064544083638,0.001974231600506108,,,0.42000000000007276,,0.38999999999987267,43.38983050847414,33.59123146357458,0.3266188830469099,0.0009971906616149764,1.6535714285714675,NEUTRAL,,-1.0
-0.0004142619764493577,-6.402017127863506e-05,0.0016989968531622608,,,0.7799999999997453,,0.2800000000002001,42.66666666666681,33.72018052869373,0.09088230644086447,0.0010663150711846198,1.6164285714286117,NEUTRAL,,1.0
0.0004507644405676149,0.0008511810752434319,0.002612584687596838,,,1.2600000000002183,,0.2899999999999636,52.155771905424075,49.45196647324577,0.8923676965544465,0.001145371527545542,1.7735714285714559,NEUTRAL,,-1.0
0.00048269454034103926,0.0009077111166322821,0.0026690150719403884,,,0.4600000000000364,,0.25999999999976353,52.795031055900736,61.2280014346125,0.8954272054700116,0.0012027826702375205,1.8242857142857443,NEUTRAL,,-1.0
0.0005973158530678964,0.0010502367336899666,0.0028112894299944257,,,1.1199999999998909,,0.2300000000000182,54.33911882510113,84.2779577950951,0.9695389181445008,0.0013166599971310938,1.8014285714285896,NEUTRAL,,-1.0
0.00016270829055529734,0.0006004055197937102,0.002362251225417801,,,0.21000000000003638,,0.2300000000000182,49.603900060938095,73.6334405144677,0.6158602085992262,0.0013244168774679905,1.9542857142857233,NEUTRAL,,-1.0
0.00010917292120227912,0.0005487596309776087,0.002310696383354096,,,0.010000000000218279,,0.2300000000000182,54.158349966733525,66.13076098606452,0.5822340619814568,0.001316816476228998,1.8828571428571519,NEUTRAL,,-1.0
-3.253280582509261e-05,0.0003987103443183507,0.0021609116192069467,,,0.2699999999999818,,0.2300000000000182,49.43295530353541,51.39335476955923,0.4534695522551574,0.0013170023220409597,1.9200000000000077,NEUTRAL,,-1.0
-0.0001490441115339028,0.00027322471625247126,0.002035647210277183,,,0.6700000000000728,,0.2300000000000182,55.58889722430567,44.48017148981694,0.3934143777435077,0.0013000001041016077,1.8599999999999974,NEUTRAL,,-1.0
-0.0002469934374736309,0.00016001457363503652,0.001922636646291464,,,1.1199999999998909,,0.25,50.466562986002735,36.227224008574176,0.3272107771760593,0.001291207850356152,1.802142857142826,NEUTRAL,,-1.0
-0.0004681909279647521,-0.00010834663041980738,0.00165474853732044,,,2.4099999999998545,,0.2899999999999636,43.717854518735514,24.75884244373073,0.1280620082620607,0.0013347488148696906,1.8164285714285597,NEUTRAL,,-1.0
-0.00015799626286151894,0.00021908393376277214,0.001981601872798324,,,0.7899999999999636,,0.2800000000002001,49.03526280771794,24.115755627011094,0.4398906557679985,0.0013103291621704824,1.840714285714252,NEUTRAL,,-1.0
-0.00027352254019687074,8.616805725495874e-05,0.001848920314242537,,,1.5700000000001637,,0.36000000000012733,51.61064425770169,20.24795418688867,0.3033766214920646,0.001330682617557987,1.7914285714285338,NEUTRAL,,-1.0
-0.0005935661807556677,-0.00028076466502802047,0.0014826344591832167,,,3.650000000000091,,0.3799999999996544,40.46357615893969,19.312415984468718,0.011658291183168652,0.0014947530824076188,1.878571428571409,NEUTRAL,,-1.0
-0.00109970069403694,-0.0008501662136553495,0.0009142367109163896,,,2.1100000000001273,,0.29999999999972715,37.0977534911956,10.9391952087841,-0.09348905104129783,0.0017546473175684778,2.0457142857142765,NEUTRAL,,-1.0
-0.0013788775527548618,-0.001205445953374601,0.0005595832953293238,,,2.2100000000000364,,0.2300000000000182,36.304218657159026,5.05351326198215,-0.12644852391359226,0.0021697579743167566,2.1107142857142662,NEUTRAL,,-1.0
-0.0016234811544301518,-0.0015264013177849315,0.00023919374446705412,,,1.3800000000001091,,0.3000000000001819,17.064606741572135,5.775183321455917,-0.09083558053311243,0.002608880242619581,1.9571428571428637,NEUTRAL,,-1.0
-0.0014908323938617163,-0.001449847124963041,0.0003156129795837226,,,0.8800000000001091,,0.24000000000023647,16.889514426458177,5.633524162817309,0.012992288079912574,0.0029254663362068703,1.9207142857142767,NEUTRAL,,-1.0
-0.0014926849009412315,-0.001511583463819426,0.00025398547597611684,,,1.1300000000001091,,0.2300000000000182,12.608695652172585,7.931396503242687,0.059815643934593855,0.0032142308714937723,1.9399999999999895,NEUTRAL,,-1.0
-0.0010336320213566394,-0.0010795888688965294,0.0006852185058292241,,,0.11000000000012733,,0.24000000000023647,24.778761061947947,13.92198581560348,0.21436436996961247,0.0033221418708076463,1.8764285714286026,NEUTRAL,,-1.0
-0.000987240489875288,-0.0010697190631824747,0.0006950709120216973,,,0.1999999999998181,,0.2300000000000182,25.65055762081684,19.889252591380863,0.24673198941654073,0.0034007994686593495,1.8964285714285845,NEUTRAL,,-1.0
-0.0013638500578143288,-0.0015264013177849315,0.00023919374446705412,,,1.4400000000000546,,0.2899999999999636,23.342354533152076,20.603016116799672,0.14417001914474734,0.003606395382823535,1.9892857142857079,NEUTRAL,,-1.0
-0.0017167072939444257,-0.0019661971969971207,-0.00019982681675879556,,,2.0099999999997635,,0.34999999999990905,21.549031855090362,11.985994840202979,0.0870732174924662,0.0037389843709548934,2.034285714285683,NEUTRAL,,-1.0
-0.0015936737433292158,-0.0019167626692585267,-0.00015047943735494826,,,1.699999999999818,,0.36000000000012733,23.69250157529865,4.132387854274966,0.14513398294749325,0.0037442460191418232,2.0378571428571246,NEUTRAL,,-1.0
-0.0016940960913295084,-0.0020823875412036533,-0.00031581232852382414,,,2.4899999999997817,,0.30999999999994543,24.463240078073525,1.8943813190732908,0.12619485188300295,0.003655947938588978,2.045714285714244,NEUTRAL,,-1.0
-0.0015178933730583292,-0.0019513663264726783,-0.00018502209163774155,,,1.6599999999998545,,0.2300000000000182,20.37037037036974,7.836814002453284,0.20968299254448877,0.003576861222814593,2.074285714285679,NEUTRAL,,-1.0
-0.001896728016885466,-0.0024360686245714397,-0.000668869906037362,,,3.9299999999998363,,0.34999999999990905,18.481642812694062,6.716062014022509,0.09739727617951642,0.0035983033203952214,2.1114285714285352,NEUTRAL,,-1.0
-0.0021684923457134645,-0.0028147592146328198,-0.0010468929008810286,,,5.480000000000018,,0.36000000000012733,19.11196911196842,6.7014459661117485,0.04963696967469391,0.0037103704257966863,2.049999999999922,NEUTRAL,,-1.0
-0.0021496778019960677,-0.002884093041631645,-0.0011161044989875999,,,0.7400000000002365,,0.27999999999974534,20.65368567454709,1.8925591559168533,0.08145872022931909,0.003762492679191221,1.9128571428570922,NEUTRAL,,-1.0
-0.0023339588240376442,-0.0031664797735547474,-0.001397993410165415,,,1.7600000000002183,,0.3000000000001819,21.45953757225338,2.204449994123207,0.06628298708607396,0.0038304263054335422,1.8864285714285285,NEUTRAL,,-1.0
-0.0031034240158368085,-0.00410643605356912,-0.002336292637340699,,,3.5599999999999454,,0.38000000000010914,18.087697929353638,4.847803575297046,-0.05743001670916119,0.004255555802031697,2.0814285714285297,NEUTRAL,,1.0
-0.002497209088028302,-7.412898443340768e-06,-0.0018087472201631241,,,1.569999999999709,,0.36000000000012733,26.220515633572106,11.875007209016298,0.09142849497755015,0.004174901733468779,2.247142857142827,NEUTRAL,,1.0
-0.002100627771212917,0.00031618132010635187,-0.0014845701045622045,,,0.03999999999996362,,0.2300000000000182,32.34238851870846,23.496055226826098,0.2026228411993102,0.003921666322652088,2.38571428571426,NEUTRAL,,1.0
-0.0022458864099263952,8.153462998100669e-05,-0.001719639468690711,,,1.0799999999999272,,0.31999999999970896,24.775488642365303,29.46252465483418,0.1672091095067357,0.003826661164883474,2.414285714285662,NEUTRAL,,1.0
-0.0018554521927666796,0.00041741587464670313,-0.0013831531940960017,,,0.19000000000005457,,0.25,29.40009915716385,34.043951004859984,0.27498004992494884,0.0036870966913049768,2.4399999999999573,NEUTRAL,,1.0
-0.0017155971227843475,0.0004816027740319335,-0.0013188506735029922,,,0.2600000000002183,,0.2300000000000182,32.93084522502781,36.80027768556753,0.30102980440535476,0.003602738393997436,2.309999999999978,NEUTRAL,,1.0
-0.0014685119160314003,0.0006765816330309577,-0.0011235205949967977,,,0.7600000000002183,,0.2899999999999636,39.277522935779174,45.373315652254256,0.37629749016691255,0.0035196589399625285,2.280000000000005,NEUTRAL,,1.0
-0.001213697794027445,0.000896150256995071,-0.000903556457466267,,,0.07999999999992724,,0.3400000000001455,41.06844741235395,53.06411725677185,0.4512185078744631,0.0033876871326212264,2.36285714285717,NEUTRAL,,-1.0
-0.0009703054767888279,0.0011180878476438076,-0.0006812190859817499,,,1.5300000000002,,0.34999999999990905,47.76119402985039,65.57459481574553,0.5813900471180885,0.0032557872364165213,2.321428571428604,NEUTRAL,,-1.0
-0.0006899244589205045,0.0013941391869083265,-0.0004046704896513733,,,2.130000000000109,,0.3400000000001455,47.112790070156095,77.9570268092345,0.6563690788796807,0.0029797806252852515,2.3550000000000506,NEUTRAL,,-1.0
-0.000338332436464061,0.0017389888704711616,-5.9199621122483145e-05,,,1.3200000000001637,,0.25,56.89753863766405,87.24362147846041,0.7967038253185953,0.002708692486605163,2.3764285714286353,NEUTRAL,,-1.0
-0.0005376020452503024,0.0015050097085462122,-0.0002936002546180494,,,0.38000000000010914,,0.29999999999972715,58.95610913404496,87.04590208903647,0.7323301579133823,0.0025709660288451078,2.3235714285714755,NEUTRAL,,-1.0
-0.0004679343920357842,0.001556740860623571,-0.00024177591813171807,,,0.6200000000003456,,0.25999999999976353,60.41543026706274,84.41746169413187,0.7575499999495585,0.0025593349792196077,2.3242857142857116,NEUTRAL,,-1.0
-0.000777038258364543,0.0011969752312506563,-0.0006021896008766435,,,0.8900000000003274,,0.2300000000000182,57.90671217292418,77.33448973691945,0.6036617354620876,0.0024613966205605355,2.3814285714285495,NEUTRAL,,-1.0
-0.0011363493492908753,0.0007703418391911141,-0.0010295914966112546,,,0.6799999999998363,,0.23999999999978172,65.76227390180865,66.74222839416585,0.4603786696604515,0.002392809457440436,2.1914285714285597,NEUTRAL,,-1.0
-0.0012989408315613213,0.0005433131731217585,-0.0012570291141772993,,,0.32999999999992724,,0.2300000000000182,58.01687763712976,52.85306865137906,0.4096608568459259,0.002258901170955989,2.043571428571405,NEUTRAL,,-1.0
-0.0010396004460719826,0.0007728089754477982,-0.0010271199162502987,,,0.11999999999989086,,0.32999999999992724,56.550218340611686,43.69596502684251,0.5314920233491283,0.002234504479418273,1.9321428571428376,NEUTRAL,,-1.0
-0.0011027521208935667,0.0006593080968959721,-0.0011408252463146272,,,0.6900000000000546,,0.3200000000001637,58.02837938760256,37.964237580091236,0.4573265967414654,0.00223630552429046,1.894285714285713,NEUTRAL,,-1.0
-0.000684252572895945,0.0010663112295900647,-0.0007330889703432818,,,0.5199999999999818,,0.30999999999994543,59.12727272727292,38.39415394973893,0.6342193140313702,0.0022534689289440226,1.8914285714285728,NEUTRAL,,-1.0
-0.0002812229106428301,0.0014754466433588907,-0.00032321657237459204,,,0.44000000000005457,,0.22999999999956344,63.60103626942902,47.791436978624155,0.7942866431276052,0.002321797061324676,1.978571428571448,NEUTRAL,,-1.0
-0.0006734498759689081,0.001031790502096864,-0.0007676718807467712,,,0.07999999999992724,,0.25,54.2649727767689,50.466372115855656,0.5653230035957125,0.001978450205513964,2.0292857142857037,NEUTRAL,,-1.0
-0.0005392093024655231,0.0011501373500933819,-0.0006491118520913765,,,0.2699999999999818,,0.25,53.10173697270456,51.6936671575837,0.5994877030390502,0.0017977074488130878,1.9021428571428325,NEUTRAL,,-1.0
-0.0009507294735990599,0.0006963220860031135,-0.0011037445831327715,,,0.42000000000007276,,0.2300000000000182,43.38098197638294,36.67157584683278,0.3713007239908841,0.0017272277420456554,1.927142857142826,NEUTRAL,,-1.0
-0.0008708396215015797,0.0007358006523440727,-0.0010641949032224476,,,0.4699999999997999,,0.27999999999974534,41.05534105534238,30.927835051547437,0.3289308381467003,0.0015511913739966654,1.8314285714285623,NEUTRAL,,-1.0
-0.0012959478088138954,0.00023715473605408652,-0.0015637390408574088,,,2.4600000000000364,,0.29000000000041837,31.678921568628596,15.78340634366481,0.039798253460025114,0.0016217906927802042,1.7942857142857065,NEUTRAL,,-1.0
-0.0009660272649628486,0.0005359083275707838,-0.001264447298231835,,,1.2300000000000182,,0.2300000000000182,38.53100541842352,17.848154128971537,0.22094694782122115,0.0016011171975751414,1.8764285714285702,NEUTRAL,,-1.0
-0.0011468083426115269,0.0003013647872537022,-0.0014994133267461653,,,2.1799999999998363,,0.2300000000000182,35.56581986143239,15.586251207089154,0.10810685935344956,0.0016922260917581655,1.9592857142857352,NEUTRAL,,-1.0
-0.0016262867898544902,-0.0002619890903789203,-0.0020637819855313716,,,4.440000000000055,,0.3700000000003456,34.548513740886264,15.801521747486339,-0.07812661540209989,0.002014645669222092,1.9407142857143234,NEUTRAL,,-1.0
-0.0013452524302732462,-2.4710088882279604e-05,-0.0018260755683939004,,,3.519999999999982,,0.2699999999999818,41.21071012805631,11.623302490322464,0.09398289280153074,0.0021504089978544422,1.907857142857178,NEUTRAL,,-1.0
-0.0009630872272669714,0.00033593601406970986,-0.0014647798260543799,,,1.8099999999999454,,0.2300000000000182,48.24368825466563,19.343671097792193,0.3110235222806445,0.0021171669800586685,1.975000000000039,NEUTRAL,,-1.0
-0.0011799382390263121,6.176988001818504e-05,-0.001739439821312082,,,3.6399999999998727,,0.38999999999987267,40.73684210526343,25.60502824435926,0.1298804857703061,0.0020630983887796476,2.087142857142908,NEUTRAL,,-1.0
-0.0010206134474065928,0.00019516678113156306,-0.0016058026295635674,,,3.0799999999999272,,0.27999999999974534,43.98516163222062,28.92530012229727,0.222322118426956,0.0020004480322868804,2.0864285714286064,NEUTRAL,,-1.0
-0.0011312139792131015,2.7179687384096568e-05,-0.001774092321985474,,,3.269999999999982,,0.2699999999999818,38.05411629245824,24.15048543689537,0.2193119048911372,0.0018784044411787814,2.244285714285752,NEUTRAL,,-1.0
-0.0015756692388513155,-0.0005068010225020103,-0.0023090349025211856,,,5.639999999999873,,0.2699999999999818,26.97441601779886,17.354368932040018,-0.0021075683369346627,0.002050871334219517,2.2707142857143157,NEUTRAL,,-1.0
-0.0017155972650050742,-0.0007319358962629322,-0.002534575316451001,,,0.9700000000002547,,0.25,28.834720570750207,12.214448886351041,0.001999167016274004,0.0023079829877111816,2.248571428571495,NEUTRAL,,-1.0
-0.001852758427354618,-0.0009497451269913473,-0.002752776891513906,,,1.8500000000003638,,0.23999999999978172,25.59351476548906,7.605962092865986,0.004366547894191255,0.002604999967243576,2.4464285714286365,NEUTRAL,,-1.0
-0.0012386775280062786,-0.00036088857688781466,-0.002162859621759109,,,0.7699999999999818,,0.29999999999972715,38.38604143947758,21.37326474905814,0.2760598391866645,0.0026242351521751713,2.531428571428673,NEUTRAL,,-1.0
-0.0018240235763402918,-0.001058685300847245,-0.0028619133015893054,,,2.2600000000002183,,0.23999999999978172,33.020637898686985,19.950734952826362,0.06191063331857911,0.0028556717874165783,2.688571428571517,NEUTRAL,,-1.0
-0.001440907205187839,-0.0007269867881278742,-0.002529617293383683,,,1.0199999999999818,,0.2300000000000182,40.25279533301031,23.5327774735716,0.20049381831642846,0.0028513301600087944,2.65071428571436,NEUTRAL,,-1.0
-0.0017918958167586706,-0.0011726026583941866,-0.002976035860861096,,,2.9400000000000546,,0.24000000000023647,33.1608654750718,9.765474817379449,0.06928475430659344,0.0027681077455170623,2.611428571428665,NEUTRAL,,-1.0
-0.0015339425131877518,-0.0009621234980733607,-0.0027651775600153077,,,1.8900000000003274,,0.25,37.921348314606604,13.356179575904003,0.19138333904188232,0.0027009468187288144,2.631428571428679,NEUTRAL,,-1.0
-0.0014650371646555082,-0.0009596477993643839,-0.0027626974017783343,,,1.8400000000001455,,0.2899999999999636,42.55874673629305,12.357549857550586,0.21528273704936957,0.002519114191503282,2.52571428571436,NEUTRAL,,-1.0
-0.0016988745364125161,-0.0012642506531549678,-0.00306784894307658,,,2.9900000000002365,,0.2699999999999818,37.30650154798809,16.698172786642555,0.13804888677037658,0.002493269399736495,2.5850000000000364,NEUTRAL,,-1.0
-0.0012366430491501134,-0.0008408286613760634,-0.002643664232385271,,,1.3100000000004002,,0.2300000000000182,37.209302325581234,20.515652523604675,0.3230589233339668,0.0023142156562376173,2.5635714285714846,NEUTRAL,,-1.0
-0.0014398202793742148,-0.0011106878348761512,-0.0029140095088731836,,,2.4600000000000364,,0.2699999999999818,38.56454204606357,20.344599072232956,0.2285483263444574,0.0023077268074920883,2.4221428571428794,NEUTRAL,,-1.0
-0.001113423134637635,-0.0008086533325419861,-0.00261143094545669,,,1.1900000000000546,,0.2699999999999818,40.81527347781258,26.308813783963213,0.3835440095843252,0.0021091399068372,2.416428571428599,NEUTRAL,,-1.0
-0.001102208475372342,-0.0008408286613760634,-0.002643664232385271,,,1.3200000000001637,,0.2300000000000182,40.94202898550754,31.05252457721778,0.38722024965068275,0.001959884069594771,2.2007142857143145,NEUTRAL,,-1.0
-0.0011415390777370941,-0.0009398426505541811,-0.002742856577538291,,,1.800000000000182,,0.25999999999976353,45.3815261044175,40.73860004361023,0.34379496455817254,0.001952464758424323,2.067857142857162,NEUTRAL,,-1.0
-0.0010127814443109675,-0.0008507291787743205,-0.002653582583793119,,,1.400000000000091,,0.30999999999994543,48.73900293255184,48.741843210868694,0.41182918790734657,0.001870501030500634,2.019285714285713,NEUTRAL,,-1.0
-0.0012726752643051464,-0.0011676491906855869,-0.002971073470367245,,,2.6200000000003456,,0.24000000000023647,47.78608395629687,44.69696969696755,0.25847980094114714,0.0016115427898281034,1.900000000000026,NEUTRAL,,-1.0
-0.0021151204356766925,-0.002136984944532515,-0.003942155309033298,,,3.9200000000000728,,0.30999999999994543,30.28206492815289,32.39971833721628,-0.17356545367491064,0.0018987713560365076,2.0264285714285637,NEUTRAL,,-1.0
-0.001665328256699052,-0.00173513992504993,-0.0035395864376909477,,,1.0100000000002183,,0.2300000000000182,42.093156986774154,26.437316541481266,0.07147772896309551,0.001831065221583203,1.9657142857142844,NEUTRAL,,-1.0
-0.002501511873666111,-0.0027130284830826626,-0.004519236486888327,,,5.040000000000418,,0.3200000000001637,30.128840436074526,20.898474136041845,-0.24439516563470737,0.002206980405340584,2.259285714285722,NEUTRAL,,-1.0
-0.0028880049436845723,-0.0032424794556205165,-0.005049641170564917,,,3.4700000000002547,,0.2300000000000182,29.891838741395702,20.634924160826873,-0.2048483564065289,0.0028693704933934966,2.438571428571452,NEUTRAL,,-1.0
-0.002568267137429408,-0.0030162136976252143,-0.004822967835315236,,,2.6100000000001273,,0.2300000000000182,29.23076923077005,14.03031134648945,-0.021344972352140158,0.003251184001696399,2.3807142857142805,NEUTRAL,,-1.0
-0.0025298228273420015,-0.0030883092869872218,-0.004895193291974113,,,2.7800000000002,,0.32999999999992724,28.811050814010954,14.206209724662749,0.044076576497243586,0.003577527003138332,2.4321428571428703,NEUTRAL,,-1.0
-0.002548600496611364,-0.0032076626946845642,-0.005014761693467428,,,3.0799999999999272,,0.2899999999999636,30.072090628218973,15.348564733451042,0.07942223895909573,0.003716914428624133,2.3892857142857338,NEUTRAL,,-1.0
-0.0024328807928829014,-0.003190255220417719,-0.004997322862752174,,,3.1700000000000728,,0.32999999999992724,23.331463825015263,14.213140446783948,0.12423244184239379,0.003937960202787954,2.3999999999999937,NEUTRAL,,-1.0
-0.002723227069664621,-0.0036032238065716554,-0.005411035337879768,,,4.450000000000273,,0.2300000000000182,23.16258351893147,12.562205590124245,0.09935183775090459,0.004142487127316263,2.6507142857142947,NEUTRAL,,-1.0
-0.003760962856063092,-0.004846667047381628,-0.006656718419072813,,,9.920000000000073,,0.29999999999972715,13.041516245488395,12.53655860472424,-0.07887711718652793,0.004894294435028165,3.1014285714285768,NEUTRAL,,1.0
-0.0033783668548239797,-0.004599726945513268,-0.006409333498820942,,,0.1799999999998363,,0.25,16.963123644252505,14.046964785385514,0.047253576949530675,0.0053001010668565825,3.2328571428571258,NEUTRAL,,1.0
-0.0025408383264960764,1.7362919748512734e-05,1.7362919748512734e-05,,,2.850000000000364,,0.38999999999987267,27.109375000001123,21.8504966021969,0.21927549454943634,0.0053606277958401696,3.4285714285714284,NEUTRAL,,-1.0
-0.002255854670366325,0.00020831525041221393,0.00020831525041221393,,,1.4600000000000364,,0.2300000000000182,28.560490045941577,30.558281393101556,0.28439376376859415,0.005371513161971487,3.5107142857142923,NEUTRAL,,-1.0
-0.0021609863266114936,0.00021823285942075405,0.00021823285942075405,,,1.2699999999999818,,0.2300000000000182,29.732961339178928,38.41762738029927,0.2971999058244335,0.00524242973869246,3.5549999999999664,NEUTRAL,,-1.0
-0.002580461159140242,-0.00032752798255173175,-0.00032752798255173175,,,1.1299999999996544,,0.36000000000012733,31.78525777588453,37.1298424424343,0.21392004632570202,0.0052442919612067885,3.437142857142817,NEUTRAL,,1.0
-0.002828218870108104,-0.0007024633378675849,-0.0007024633378675849,,,0.14000000000032742,,0.30999999999994543,25.480769230769297,32.49351152525204,0.19328659859200784,0.005125108087159516,3.4971428571427947,NEUTRAL,,1.0
-0.0024698702216049747,-0.0004417169388520323,-0.0004417169388520323,,,1.150000000000091,,0.30999999999994543,34.44108761329285,31.51838604664287,0.2626044612999144,0.0048425495025216396,3.2107142857142077,NEUTRAL,,1.0
-0.0020446694836562915,-7.93810264463257e-05,-7.93810264463257e-05,,,0.3400000000001455,,0.2699999999999818,43.25726141078837,39.56624209619303,0.3576883629113882,0.0044280770739344374,3.0971428571427686,NEUTRAL,,1.0
-0.0020265484431234346,-0.00014636857094661902,-0.00014636857094661902,,,0.01999999999998181,,0.2300000000000182,39.82960596379045,48.28091006679893,0.35325458328432613,0.003832011534163368,3.059999999999913,NEUTRAL,,1.0
-0.001835513076507592,-3.224702211156208e-05,-3.224702211156208e-05,,,0.3500000000003638,,0.2300000000000182,41.35932560590142,53.465063001145474,0.39558909154374244,0.0031908016787412174,3.030714285714209,NEUTRAL,,1.0
-0.001740205742662514,1.4882539556536393e-05,1.4882539556536393e-05,,,0.9800000000000182,,0.30999999999994543,43.91506991196161,55.297823596792256,0.466507643111479,0.0028988700716737663,2.9607142857142077,NEUTRAL,,1.0
-0.0015595112286798986,0.00013640670029705092,0.00013640670029705092,,,1.0100000000002183,,0.2300000000000182,44.207792207792025,58.247422680412456,0.5044090423182639,0.0022782257129607395,2.8685714285713533,NEUTRAL,,1.0
-0.0007232733056664882,0.0009788227364414014,0.0009788227364414014,,,1.8200000000001637,,0.25,56.10208816705382,73.05365535108201,0.9031983968537368,0.002240316893861384,2.77428571428566,NEUTRAL,,-1.0
-0.0008972189936674774,0.0007510149855992865,0.0007510149855992865,,,0.2300000000000182,,0.2699999999999818,70.74312463429041,82.41330328278623,0.7835721244968781,0.0022740220592138947,2.306428571428504,NEUTRAL,,0.0
-1.4736304404151024e-05,0.0016665676136137435,0.0016665676136137435,,,0.8800000000001091,,0.2300000000000182,74.72194135490534,95.67218071692133,1.0839743304844025,0.0026056871404235276,2.3735714285713976,NEUTRAL,,-1.0
-1.6208962685144364e-05,0.0016591509604502535,0.0016591509604502535,,,0.580000000000382,,0.2699999999999818,69.19905771495974,91.27985849947733,0.995160958692718,0.002871831061566716,2.287142857142823,NEUTRAL,,-1.0
3.5502136519346175e-05,0.00171353719143321,0.00171353719143321,,,1.0900000000001455,,0.3200000000001637,68.43693421846832,91.90207156308907,0.972766128283956,0.0031640237998427664,2.177857142857095,NEUTRAL,,-1.0
-0.0009138651225970367,0.0006866157034216717,0.0006866157034216717,,,0.009999999999763531,,0.38999999999987267,55.0752792617781,77.21280602636566,0.6421762892516903,0.0031674720055417482,2.3157142857142583,NEUTRAL,,1.0
-0.0011337176046554893,0.0004041516039610959,0.0004041516039610959,,,1.1400000000003274,,0.2300000000000182,58.63495346432199,64.1646489104108,0.551127839950901,0.003169647137115796,2.2164285714285534,NEUTRAL,,1.0
-0.0006263406039500242,0.0009119768833685245,0.0009119768833685245,,,0.21000000000003638,,0.38000000000010914,65.59565002471562,53.90312185368015,0.6828388147599287,0.002984923620319967,2.1428571428571104,NEUTRAL,,0.0
-0.000774068891724273,0.0007212932713995703,0.0007212932713995703,,,0.04999999999972715,,0.2699999999999818,61.42284569138235,51.418749874560454,0.6028123900331566,0.0028131257924293666,2.2121428571428106,NEUTRAL,,0.0
-0.0004980093449693837,0.0009763471236168457,0.0009763471236168457,,,0.5,,0.3400000000001455,60.49256028732684,53.58469026382527,0.6757627122896827,0.00282401012022535,2.162857142857092,NEUTRAL,,-1.0
-0.0004468154597759311,0.0010035781898917937,0.0010035781898917937,,,0.650000000000091,,0.3400000000001455,61.92946058091341,51.81335646748959,0.6734399124146383,0.002853143504363679,2.2178571428571234,NEUTRAL,,-1.0
-0.00012583797309624592,0.0013203396716243217,0.0013203396716243217,,,0.9899999999997817,,0.2699999999999818,62.96670030272409,56.38767502760076,0.7299568414609297,0.0029053726323987764,2.2964285714285455,NEUTRAL,,-1.0
-0.00010494524318945716,0.0013351829374024307,0.0013351829374024307,,,0.25999999999976353,,0.38999999999987267,63.152610441767315,61.9038829984512,0.7661419526521349,0.0028477572644355644,2.2764285714285637,NEUTRAL,,-1.0
-0.00013021783401375835,0.0013054959646054483,0.0013054959646054483,,,0.5,,0.2300000000000182,62.282878411909884,65.1398069976797,0.7260888098000141,0.002621238816566008,2.30428571428573,NEUTRAL,,-1.0
-2.5925001144028465e-05,0.0014118661154608797,0.0014118661154608797,,,0.21000000000003638,,0.32999999999992724,54.9763033175349,65.76729496749512,0.7367352363915041,0.0024387422621206696,2.144999999999982,NEUTRAL,,-1.0
5.518773586680628e-05,0.0015058487860332343,0.0015058487860332343,,,0.08000000000038199,,0.25999999999976353,59.22029702970234,65.25797643000827,0.7432557334635471,0.0023517947404721722,2.122857142857161,NEUTRAL,,-1.0
0.00011223817496939298,0.001570142526344389,0.001570142526344389,,,0.38000000000010914,,0.2300000000000182,48.313725490195054,68.21596244131423,0.7556963485487027,0.002194539480003546,1.969285714285726,NEUTRAL,,-1.0
0.0002211983221121062,0.001683872709128256,0.001683872709128256,,,0.9600000000000364,,0.24000000000023647,51.4503816793879,77.31239406620846,0.8020653543319284,0.0020424709190548953,1.8707142857142895,NEUTRAL,,-1.0
0.0002266753884965355,0.001691288994983069,0.001691288994983069,,,0.900000000000091,,0.33999999999969077,49.24901185770735,86.13899918185025,0.7772317223808894,0.001885656359386931,1.8764285714286026,NEUTRAL,,-1.0
-1.0387900901733455e-05,0.0014464933681745925,0.0014464933681745925,,,0.04999999999972715,,0.34999999999990905,66.3471778487748,88.26172438479632,0.6363009932286112,0.001615833471183392,1.669285714285739,NEUTRAL,,-1.0
0.0001633262788170196,0.0016294832457919282,0.0016294832457919282,,,0.580000000000382,,0.2300000000000182,77.33934611048436,87.56967670011143,0.711669500263338,0.001633247976057737,1.640000000000035,NEUTRAL,,-1.0
3.592419383077528e-05,0.0015033757845045075,0.0015033757845045075,,,0.20000000000027285,,0.2600000000002183,67.34972677595457,83.58090446744843,0.6356000163819784,0.0015720090036492763,1.5164285714286376,NEUTRAL,,-1.0
-0.0007578715521084167,0.0006345948384633745,0.0006345948384633745,,,0.3000000000001819,,0.3799999999996544,48.28599412340895,57.39825462366597,0.11510321553896972,0.0016461070100453272,1.642142857142939,NEUTRAL,,1.0
-0.0008894922743078754,0.0004512400423470703,0.0004512400423470703,,,1.0299999999997453,,0.32999999999992724,39.039039039039025,33.88236833604068,0.06197003790455477,0.001768346021732765,1.642142857142939,NEUTRAL,,1.0
-0.0008065406606540908,0.0005008020270085958,0.0005008020270085958,,,0.5599999999999454,,0.27999999999974534,39.342629482070045,13.563594250288594,0.1331129022550507,0.0018030968563714645,1.6064285714286208,NEUTRAL,,1.0
-0.0006918552699432264,0.0005800909800809873,0.0005800909800809873,,,0.669999999999618,,0.2300000000000182,32.90043290043329,20.65580618212381,0.13811115790881176,0.0018680759997836264,1.567142857142926,NEUTRAL,,1.0
-0.0001280172356818429,0.0011347616133435892,0.0011347616133435892,,,0.40000000000009095,,0.34999999999990905,41.00856327307367,31.316137566139446,0.38230189751969257,0.00175667430771353,1.6678571428572013,NEUTRAL,,-1.0
0.00011098259978431395,0.0013994986574719943,0.0013994986574719943,,,0.9400000000000546,,0.3400000000001455,51.785714285714626,51.07212475633651,0.6580248256793464,0.0017598807493010835,1.7592857142857545,NEUTRAL,,-1.0
0.0002893215138652936,0.0016047588032658733,0.0016047588032658733,,,1.3200000000001637,,0.2300000000000182,53.006329113925055,73.97660818713435,0.7232467793796613,0.0017433864449019254,1.7607142857143572,NEUTRAL,,-1.0
0.00033100600866476363,0.0016591509604502535,0.0016591509604502535,,,1.7400000000002365,,0.38000000000010914,53.48472983555183,88.62757948511073,0.7561922495060728,0.0017792553152086597,1.7892857142857597,NEUTRAL,,-1.0
-1.872386046106387e-05,0.00130054796420892,0.00130054796420892,,,0.0,,0.3799999999996544,45.9535538353268,84.85749815150872,0.5061125946912629,0.0017629663144755204,1.852142857142878,NEUTRAL,,-1.0
-0.000548495132186019,0.0007262470132161678,0.0007262470132161678,,,0.13000000000010914,,0.36999999999989086,37.32747804265978,66.95402298850549,0.20783698418435287,0.001833251508569103,1.98785714285717,NEUTRAL,,-1.0
-0.0004303072571000253,0.0008352169085573526,0.0008352169085573526,,,0.4699999999997999,,0.27999999999974534,39.48811700182861,50.09578544061295,0.2979666348412555,0.0018608420939894613,2.0500000000000194,NEUTRAL,,-1.0
-0.000307951919225906,0.0009540660560643683,0.0009540660560643683,,,0.0500000000001819,,0.30999999999994543,43.80475594493112,44.06130268199342,0.37781150522868123,0.0018694448138466477,2.0992857142857377,NEUTRAL,,-1.0
-0.0005036616836323268,0.0007386311528841473,0.0007386311528841473,,,0.680000000000291,,0.25,39.51612903225766,45.40229885057675,0.29551508284391653,0.0018931486803802488,2.0671428571428936,NEUTRAL,,-1.0
-0.0005792388682097012,0.0006395494398984473,0.0006395494398984473,,,0.2300000000000182,,0.27999999999974534,39.345274861024514,42.049808429119516,0.261422241506154,0.0019171038323967382,2.092857142857156,NEUTRAL,,-1.0
-0.00042217957913498667,0.0007906411876966317,0.0007906411876966317,,,0.6900000000000546,,0.2300000000000182,52.530674846625224,38.50574712643641,0.3417827942418086,0.0018925779898546586,1.8564285714285884,NEUTRAL,,-1.0
-0.0004158394061100216,0.000775781730216241,0.000775781730216241,,,0.650000000000091,,0.2300000000000182,56.15321923390288,38.84099616858061,0.3655519837413369,0.0018135160120708595,1.8614285714285674,NEUTRAL,,-1.0
-0.00043434825306105804,0.0007411079439830913,0.0007411079439830913,,,0.6900000000000546,,0.2800000000002001,55.24360033030541,41.139846743293326,0.3786654291127017,0.0017165387087319092,1.8535714285714155,NEUTRAL,,-1.0
-0.00040797179681497205,0.0007460614893468774,0.0007460614893468774,,,0.5099999999997635,,0.2699999999999818,56.40394088669889,38.65793414629322,0.4205640778250629,0.001664299918777268,1.7899999999999636,NEUTRAL,,-1.0
-0.00033678336202130156,0.0007980707507069369,0.0007980707507069369,,,0.6399999999998727,,0.2300000000000182,47.235693501454335,35.25123013789176,0.4203441120698905,0.00155088339932682,1.6842857142856766,NEUTRAL,,-1.0
0.00013422295497563094,0.0012906518163260225,0.0012906518163260225,,,0.09000000000014552,,0.29000000000041837,47.081712062257566,43.54201917653689,0.7635361979521337,0.0014909482638441759,1.6442857142856806,NEUTRAL,,-1.0
0.0002710669512420981,0.0014539131813205322,0.0014539131813205322,,,0.5799999999999272,,0.34999999999990905,49.11131898970983,60.18048505358083,0.8839513042138423,0.0015722345847728211,1.65357142857137,NEUTRAL,,-1.0
9.191584333369306e-05,0.0012683847665007422,0.0012683847665007422,,,0.01999999999998181,,0.2699999999999818,42.25721784776961,71.00958826847153,0.6810499858786403,0.0015110132617706113,1.6435714285713792,NEUTRAL,,-1.0
0.0003776261632883644,0.001589923549937621,0.001589923549937621,,,0.7199999999997999,,0.2699999999999818,55.77797998180143,80.13555041305672,0.856265983384461,0.0015141096976618613,1.5878571428571118,NEUTRAL,,-1.0
7.488533408115995e-05,0.0012857036688383085,0.0012857036688383085,,,0.05999999999994543,,0.2699999999999818,60.93439363817239,74.93986596330423,0.6115115284585256,0.0014076105915627462,1.5035714285713766,NEUTRAL,,-1.0
-0.00013386932641325474,0.0010530854163775844,0.0010530854163775844,,,0.11000000000012733,,0.33999999999969077,53.94990366088488,71.07843137254498,0.45799252117776856,0.001400846058569226,1.534999999999952,NEUTRAL,,-1.0
-3.277200285266849e-05,0.001159509339253067,0.001159509339253067,,,0.11999999999989086,,0.29999999999972715,53.99422521655391,60.66176470587951,0.5633071076189851,0.0013639854958889595,1.4699999999999298,NEUTRAL,,-1.0
0.0002081185934707724,0.0014118661154608797,0.0014118661154608797,,,0.0500000000001819,,0.2300000000000182,62.34741784037546,65.01225490195813,0.7664883588893627,0.001315188567508366,1.5278571428570362,NEUTRAL,,-1.0
0.00023274778012059578,0.00013622864615964688,0.00144154676481727,,,0.04000000000041837,,0.24000000000023647,62.05607476635662,71.5073529411762,0.7065759037668359,0.0011952803534154355,1.4949999999999233,NEUTRAL,,-1.0
0.00015431159694079057,4.954198435459628e-05,0.0013549732720993912,,,0.06000000000040018,,0.25999999999976353,60.35156250000144,73.90311062696757,0.7086160900175846,0.0012002176536236072,1.5642857142856559,NEUTRAL,,-1.0
-6.700240451215341e-05,-0.00018086990993670002,0.0011248621796062892,,,0.36000000000012733,,0.2699999999999818,54.48092280390497,62.093841464756146,0.4726239279476566,0.0011539931369250328,1.5278571428571013,NEUTRAL,,-1.0
-0.0001040400428587878,-0.0002254780258036828,0.0010803122994545594,,,0.1999999999998181,,0.2699999999999818,56.383890317052995,53.978493555679826,0.5544228764372593,0.0011336400965904095,1.5142857142857014,NEUTRAL,,-1.0
2.04501017225505e-05,-0.00010653189143664228,0.0011991031501231784,,,0.05999999999994543,,0.2600000000002183,56.233877901976804,47.747385358001345,0.5755077464843388,0.0011304471728505177,1.5200000000000142,NEUTRAL,,-1.0
1.5671347339160971e-06,-0.00012139861110084669,0.0011842558389015025,,,0.05999999999994543,,0.32999999999992724,56.869565217390985,47.44735535499973,0.5594586504582354,0.0010896832346118097,1.5278571428571663,NEUTRAL,,-1.0
-7.295185358165997e-05,-0.00019326065411303273,0.001112487611496477,,,0.32999999999992724,,0.25,46.24871531346343,39.568380002853864,0.4751245292190668,0.00100098709204181,1.4728571428571675,NEUTRAL,,-1.0
1.9701225388947016e-06,-0.00012387644068300515,0.0011817812441158645,,,0.05999999999994543,,0.2699999999999818,41.62946428571432,33.39251858315806,0.5231589617141896,0.0009414311023457306,1.4364285714285805,NEUTRAL,,-1.0
2.4883042548009246e-05,-9.662099053865644e-05,0.0012090011123800362,,,0.01999999999998181,,0.2699999999999818,48.08673469387642,29.584599797357612,0.5131834393387519,0.0008738570879065963,1.4035714285714351,NEUTRAL,,-1.0
0.00014880496448112175,3.7156948473130874e-05,0.0013426044048322904,,,0.13000000000010914,,0.24000000000023647,42.35127478753636,37.993920972635586,0.6424683438077491,0.0007946981978796966,1.3328571428571325,NEUTRAL,,-1.0
3.980857692517151e-05,-8.423264064377162e-05,0.0012213732893341252,,,0.009999999999763531,,0.29999999999972715,50.592216582061766,41.33738601822759,0.5482844559228783,0.0007080543126150525,1.299999999999987,NEUTRAL,,-1.0
-0.00023505048261674759,-0.00038163777123551967,0.0009243564199402176,,,0.11999999999989086,,0.3500000000003638,48.148148148148145,32.62411347516643,0.08372782968251585,0.000624888685612797,1.234999999999965,NEUTRAL,,-1.0
-0.0002573322338903586,-0.0004213051538012314,0.0008847408229823719,,,0.4099999999998545,,0.3400000000001455,39.61352657004867,16.496728944413608,-0.017568738850818635,0.0007129727758763282,1.234285714285696,NEUTRAL,,-1.0
-0.00016083188173248561,-0.00031470619574724924,0.0009912006165267834,,,0.15000000000009095,,0.25,34.66898954703585,7.870460024636244,0.19690309276176118,0.0006661758734704204,1.1550000000000051,NEUTRAL,,-1.0
-0.000315107248938881,-0.0005056087876791116,0.0008005472471583209,,,0.8299999999999272,,0.3400000000001455,31.993569131830313,5.8693843119806886,-0.04323632591574275,0.0007705370760714253,1.2421428571428481,NEUTRAL,,-1.0
-0.00041744993033436734,-0.0006221695622752613,0.0006841386421830377,,,0.3400000000001455,,0.2600000000002183,31.220285261486794,18.33678023166819,-0.02995108752907322,0.0007590311351378178,1.271428571428552,NEUTRAL,,-1.0
-0.0002860977254957842,-0.0005056087876791116,0.0008005472471583209,,,0.11000000000012733,,0.29000000000041837,42.53075571177592,28.370580637409876,0.15901636925379714,0.0007913097688608073,1.2592857142856897,NEUTRAL,,-1.0
-0.0002484434120618125,-0.00047089380601160154,0.0008352169085573526,,,0.1999999999998181,,0.27999999999974534,38.76404494381702,43.97810218978099,0.2096246887546594,0.0008204380877504534,1.227142857142813,NEUTRAL,,-1.0
-0.000435166454858098,-0.0006866616592422879,0.0006197307393883505,,,1.0700000000001637,,0.32999999999992724,29.829984544047846,39.537712895377005,-0.04693863391186515,0.0009531847105476766,1.2914285714285338,NEUTRAL,,-1.0
-0.00034878565064879824,-0.0006172089760528461,0.0006890927523801574,,,0.4800000000000182,,0.24000000000023647,35.69405099150143,35.94890510948805,0.1418824867736019,0.0009441347910557596,1.3478571428571027,NEUTRAL,,-1.0
-0.000506914487129548,-0.000795821071656135,0.0005107138341469084,,,1.2699999999999818,,0.2300000000000182,33.245382585752054,27.007299270073236,0.015904866022478217,0.0010189083830989517,1.3192857142856675,NEUTRAL,,-1.0
-0.00045578907157788274,-0.0007685289859384889,0.0005379702901567844,,,1.1799999999998363,,0.2300000000000182,31.621621621623206,26.33819951338424,0.09067964568231156,0.001053432834498128,1.3121428571428493,NEUTRAL,,-1.0
-0.0005212511885490562,-0.0008528911522460429,0.0004537182583169103,,,1.4600000000000364,,0.27999999999974534,30.104712041885904,20.37712895377344,0.0868357124316265,0.0011390326038891695,1.3771428571428714,NEUTRAL,,-1.0
-0.0007105678396522915,-0.0010812365775390775,0.00022567093705513178,,,2.3899999999998727,,0.2699999999999818,22.111801242238016,15.608022531083657,-0.012911793601810814,0.0012753616197740546,1.4385714285714843,NEUTRAL,,-1.0
-0.0010427209157011059,-0.0014736382490994568,-0.0001662184557065209,,,1.6900000000000546,,0.2300000000000182,19.037433155081615,13.581373080002118,-0.1282671372517672,0.0015371423334778786,1.5550000000000637,NEUTRAL,,-1.0
-0.0014215556379169234,-0.0019260266764623204,-0.0006180162918030281,,,1.8399999999996908,,0.32999999999992724,17.83567134268735,8.014808317651157,-0.1785978083508137,0.0019412106803734848,1.590000000000048,NEUTRAL,,1.0
-0.0013965114640236704,-0.001965816632992974,-0.0006577543027059989,,,2.099999999999909,,0.36999999999989086,18.33161688980546,6.776753428980194,-0.07222396222746678,0.002258308736863614,1.6442857142857779,NEUTRAL,,1.0
-0.001396213178277259,-0.002047893400322202,-0.0007397239191466907,,,2.699999999999818,,0.30999999999994543,12.512820512822529,4.314827529029832,-0.029580857914842208,0.002531684820902689,1.7664285714286376,NEUTRAL,,1.0
-0.001307468978593273,-0.0020031225876273456,-0.0006950115545671399,,,2.2100000000000364,,0.2300000000000182,18.46652267818571,9.167171851139583,0.07870814119064332,0.002669245525575862,1.797857142857213,NEUTRAL,,1.0
-0.001390468066604368,-0.0021722777635717707,-0.0008639458991119773,,,3.25,,0.2699999999999818,16.78115799803757,9.235537370717411,0.04679938156652099,0.0027986665176362438,1.7107142857143376,NEUTRAL,,1.0
-0.00041701667734470347,-0.0011855158730159226,0.00012152777777772365,,,0.4600000000000364,,0.2300000000000182,40.112994350281745,25.99564433495692,0.456325438830651,0.002651605387271228,1.921428571428643,NEUTRAL,,1.0
-0.00043247547107739886,-0.001217797200802682,8.928859313412203e-05,,,0.7600000000002183,,0.3200000000001637,38.60497237569156,38.952409004087336,0.4337047726324248,0.0025661555859543593,2.083571428571531,NEUTRAL,,1.0
0.0004384693831433966,-0.00029239766081878556,0.0010134800277529217,,,0.40000000000009095,,0.2300000000000182,55.646100116414644,62.7155655607561,0.8092768999660946,0.0026059936213507,2.487142857142934,NEUTRAL,,-1.0
1.7398239861756063e-05,-0.0007313149041978152,0.0005751357890639192,,,0.15000000000009095,,0.25,48.85620915032658,62.3960397096666,0.6532850192744614,0.0025279394629844545,2.533571428571512,NEUTRAL,,1.0
-3.8547034218372624e-05,-0.0007908587635332432,0.0005156696639965706,,,0.04999999999972715,,0.2300000000000182,50.478334271243895,63.206979542720696,0.6397360832835155,0.002495328898152544,2.521428571428682,NEUTRAL,,1.0
0.000360288747840802,-0.00036428428051382786,0.0009416872557498004,,,0.75,,0.2300000000000182,54.94111623143857,62.84596871239611,0.8107123301830392,0.002555289967598707,2.6071428571429545,NEUTRAL,,-1.0
-2.333877631397941e-05,-0.0007908587635332432,0.0005156696639965706,,,0.03999999999996362,,0.23999999999978172,50.877192982455924,62.274368231048165,0.6406514693847761,0.0025064221758118845,2.6307142857143453,NEUTRAL,,1.0
-0.00030176821000505735,-0.001088684378247225,0.00021823285942075405,,,0.15000000000009095,,0.24000000000023647,50.02331002330948,58.42358604091516,0.5266308786746358,0.0024259830360428064,2.6442857142857457,NEUTRAL,,1.0
-0.00020322152976332393,-0.0009794610732414392,0.00032731357384261397,,,0.11999999999989086,,0.2300000000000182,54.928886709171834,50.42117930204672,0.5796655251964637,0.002404906058227053,2.482857142857191,NEUTRAL,,1.0
-8.314680520992347e-05,-0.0008528911522460429,0.0004537182583169103,,,0.32999999999992724,,0.23999999999978172,61.285266457679825,49.54873646209496,0.6409953619683701,0.0023702756002213473,2.458571428571499,NEUTRAL,,1.0
-0.00031675557824076625,-0.0011110284453041733,0.00019591796245318146,,,0.27999999999974534,,0.2699999999999818,58.62068965517359,49.15764139591067,0.5295401986053107,0.0023466589609254422,2.470714285714361,NEUTRAL,,1.0
0.000184925484357357,-0.0005924067826859395,0.0007138625665837102,,,0.6700000000000728,,0.3400000000001455,64.345403899722,53.62613858951149,0.746763966646663,0.002381509063857202,2.463571428571478,NEUTRAL,,1.0
0.000598462261147768,-0.00014122159154260152,0.0011644587372807208,,,1.8599999999996726,,0.38999999999987267,66.43356643356731,62.06586471316831,0.8950688663448649,0.0025449106251684193,2.4335714285714403,NEUTRAL,,1.0
0.0006387900877104788,-6.688946639547079e-05,0.0012386938221384315,,,1.3100000000004002,,0.38999999999987267,70.02257336343267,74.55405002283989,0.8785334312683539,0.0027230949913856196,2.456428571428595,NEUTRAL,,1.0
0.00032042779393543955,-0.0003766795695940241,0.0009293081486694785,,,0.12000000000034561,,0.2699999999999818,58.61522198731596,74.80274698686681,0.7450761466214604,0.0027744792226316677,2.2228571428571677,NEUTRAL,,1.0
0.000308748158637807,-0.0003766795695940241,0.0009293081486694785,,,0.12000000000034561,,0.3799999999996544,59.91356023770991,67.73470156918815,0.7222711971434526,0.0027091698106562036,2.0421428571428675,NEUTRAL,,1.0
0.0005597892050793657,-8.918794377198789e-05,0.0012164244553341463,,,1.2400000000002365,,0.25999999999976353,52.61813537675669,71.3225167151114,0.7973754146895172,0.002639647711123058,1.6192857142857195,NEUTRAL,,1.0
0.00044662420164930534,-0.0001833480342118107,0.0011223872905124195,,,0.9800000000000182,,0.2600000000002183,58.23321554770313,79.09300411522507,0.7558120158886533,0.0024290914958626482,1.5549999999999986,NEUTRAL,,1.0
0.00044665618659500065,-0.00016600142216145565,0.0011397112566307432,,,0.7100000000000364,,0.25999999999976353,57.946554149085074,86.7626886145357,0.7136508473099454,0.0021754787100429895,1.5707142857142702,NEUTRAL,,1.0
0.0006395444287288331,7.926481880550618e-05,0.0013846573035098688,,,1.8400000000001455,,0.2300000000000182,55.70370370370357,83.52484278409821,0.8718974566885094,0.0016895161378442576,1.5692857142857,NEUTRAL,,1.0
0.00019733440786145825,-0.0003791586642711604,0.0009268322904404391,,,0.09999999999990905,,0.2300000000000182,55.29411764705905,71.57242620205385,0.5689014488594684,0.0015935533193685602,1.5735714285714104,NEUTRAL,,1.0
0.000896858714629577,0.00040609941511776204,0.0017110652185755456,,,3.2400000000002365,,0.38000000000010914,69.3929712460068,77.81385281385279,1.020109299646948,0.001640817023648775,1.6871428571428493,NEUTRAL,,1.0
0.0006953387563773719,0.00022537639095617903,0.0015305781275927167,,,2.5400000000004184,,0.3200000000001637,65.42821158690239,80.05718561274183,0.8742896335784758,0.0017463365577170336,1.7578571428571195,NEUTRAL,,1.0
0.0005399029350295901,8.917203763051878e-05,0.0013945515885006848,,,1.9400000000000546,,0.3200000000001637,61.81818181818156,89.71193415637863,0.7613139201296335,0.0017762365564756373,1.744285714285687,NEUTRAL,,1.0
0.0005558692801224777,0.00010650919818385377,0.0014118661154608797,,,1.7699999999999818,,0.36999999999989086,65.77718478985773,82.01962646406947,0.714904773104244,0.001772292960728814,1.6714285714285129,NEUTRAL,,1.0
0.000672365053900133,0.0002501368322770039,0.0015553062442573153,,,2.5100000000002183,,0.2800000000002001,62.27941176470527,79.68549015974224,0.791316686130976,0.0018428464357635934,1.5742857142856792,NEUTRAL,,1.0
0.001080245392333932,0.0007302468234262731,0.0020347894537505722,,,4.510000000000218,,0.30999999999994543,62.745098039215236,86.02838034101593,0.9778097528031237,0.0020037584619788883,1.6464285714285845,NEUTRAL,,1.0
0.001401772043787607,0.0011233953262795235,0.002427424702819857,,,2.2799999999997453,,0.27999999999974534,66.44865925441289,90.4100304369531,1.089095676438689,0.002201842521993291,1.7528571428571402,NEUTRAL,,-1.0
0.0009973181838099396,0.0007500352739360875,0.0020545520705181003,,,0.0,,0.2300000000000182,64.2225031605557,85.23387867543644,0.8603105123063947,0.002177102796289625,1.7821428571428442,NEUTRAL,,1.0
0.0011435048667550467,0.0009503492038349785,0.002254604491389854,,,0.6599999999998545,,0.30999999999994543,65.65533980582435,77.4603174603181,0.8921194771471432,0.00219267532634312,1.838571428571413,NEUTRAL,,1.0
0.0007793483231937318,-4.951426506084451e-06,0.0019137263445597598,,,0.01999999999998181,,0.27000000000043656,58.433734939759404,67.02947845805163,0.740184591403021,0.0019397427315598467,1.8364285714285415,NEUTRAL,,1.0
0.0009937964232636545,0.00026730423677213483,0.0021854596395352683,,,0.7999999999997272,,0.34999999999990905,62.52821670428923,70.65759637188262,0.8771494540507039,0.0019362191677758833,1.927142857142826,NEUTRAL,,1.0
0.0010794193963106831,0.0004009027736532366,0.0023188018451426153,,,1.0199999999999818,,0.34999999999990905,63.950198075835516,72.2902494331077,0.8591712051464284,0.0020247453324672344,1.9649999999999506,NEUTRAL,,1.0
0.0018289944802857693,0.0012610153398807003,0.003177264140679838,,,3.650000000000091,,0.30999999999994543,68.22942643391532,84.6104262347916,1.11279995637578,0.002446579384419498,2.0978571428571025,NEUTRAL,,1.0
0.0024187304107845366,0.001981577750983372,0.0038964440315471085,,,4.309999999999945,,0.38999999999987267,79.13330193122974,90.78520383814111,1.1885057849595382,0.0030807439169252375,2.284285714285683,NEUTRAL,,1.0
0.0019453151503222845,0.0015696026062818485,0.003485259330484132,,,0.12000000000034561,,0.2300000000000182,67.03187250996136,89.56051906598087,0.9455797758833002,0.0032663210559326504,2.21071428571424,NEUTRAL,,1.0
0.001820994104278385,0.0015227096321271598,0.003438456328391083,,,0.47000000000025466,,0.36000000000012733,69.99493157628035,84.27504608563605,0.9122989485541383,0.003463836877476337,2.273571428571391,NEUTRAL,,1.0
0.0018637165155198617,0.0016461027405385807,0.0035616126863605444,,,0.7400000000002365,,0.30999999999994543,72.57731958763091,79.6503296073396,0.8821840804957372,0.0035964449881784426,2.33571428571424,NEUTRAL,,1.0
0.002115240757710843,0.0019939070943065453,0.0039087497189504465,,,2.2200000000002547,,0.2800000000002001,75.13278609367691,85.58530523471103,0.9253190003636041,0.0037586798128240373,2.4142857142856946,NEUTRAL,,1.0
0.0018214194427859987,0.0017669984010517067,0.003682276388205752,,,0.03000000000020009,,0.3200000000001637,70.20369493131426,86.51549913196448,0.8148379130404753,0.0038195958006820257,2.4892857142856752,NEUTRAL,,1.0
0.0021919383924026586,0.0022404300044709074,0.004154799633429021,,,1.75,,0.3200000000001637,69.8031685069629,91.67398783536287,0.8876407763427646,0.003789105215949301,2.4171428571428026,NEUTRAL,,-1.0
0.002501134743934017,0.002651851851851798,0.004565432098765378,,,3.880000000000109,,0.2800000000002001,70.23189777567646,91.11511706112088,0.9531093373420394,0.0040859803123982665,2.4199999999999755,NEUTRAL,,-1.0
0.002586270469154747,0.0028463583646646073,0.004759565418103566,,,1.2399999999997817,,0.36000000000012733,77.25236436038011,95.06021410966503,0.9323981117435389,0.004297304268234099,2.435714285714247,NEUTRAL,,-1.0
0.0027187962377274045,0.0031047622808402916,0.005017473542884203,,,2.6899999999996,,0.2300000000000182,78.11302681992515,95.28633671084337,0.9529462955913519,0.004481558475217097,2.5164285714285404,NEUTRAL,,-1.0
0.002558479304124061,0.0030432496871598378,0.004956078971465505,,,1.7599999999997635,,0.25999999999976353,79.29022848809115,94.94711365855919,0.8653451882535697,0.0044412748533364296,2.504999999999979,NEUTRAL,,-1.0
0.0015353756717347705,0.002053083702073082,0.003967812786437281,,,1.2699999999999818,,0.30999999999994543,64.91304347826204,83.359052030077,0.6344683829093914,0.004163018424813557,2.6149999999999767,NEUTRAL,,-1.0
0.0014769086215034532,0.0020654112787266772,0.003980116710560693,,,1.4200000000000728,,0.32999999999992724,64.80593109463676,70.21689660725087,0.6250997389757071,0.00398828355790713,2.6492857142856923,NEUTRAL,,-1.0
0.0009437919456572748,0.0015547947745053116,0.003470479910024586,,,0.45000000000027285,,0.32999999999992724,52.93843283582159,48.337989023376196,0.48692130478505125,0.003874193202797844,2.552857142857095,NEUTRAL,,-1.0
0.0009275817840669991,0.0015794742501204684,0.0034951120339129366,,,0.4800000000000182,,0.29999999999972715,45.01362397820144,35.77660010240719,0.4681463422655328,0.0036156568344334786,2.3164285714285273,NEUTRAL,,-1.0
0.0009166629889680189,0.0015992169521939921,0.0035148168562904097,,,0.4299999999998363,,0.36000000000012733,51.533742331288416,24.019457245264494,0.45669742608237673,0.003372919087851348,2.3349999999999715,NEUTRAL,,-1.0
0.00039835090524612216,0.0010658897954035531,0.002982512977393725,,,1.5899999999996908,,0.31999999999970896,44.328193832599084,15.350202861414362,0.2530182456002904,0.003019196124852856,2.3278571428571206,NEUTRAL,,-1.0
0.0005378513918577908,0.0012363201178954863,0.0031526163006334903,,,0.9099999999998545,,0.22999999999956344,45.49865229110475,10.950941141223637,0.27153728281002015,0.0027451483974321182,2.289999999999996,NEUTRAL,,-1.0
0.0005794867563587716,0.0013054636621222056,0.0032216271813357627,,,0.75,,0.2300000000000182,41.323273360416735,6.608969934135584,0.2419205916182314,0.0024467693339747755,2.2878571428571246,NEUTRAL,,-1.0
0.00014948998378116744,0.0008608023271344592,0.0027778190039427627,,,2.4200000000000728,,0.3200000000001637,40.090090090088474,9.6005246323558,0.0999453494397848,0.0025596445917040116,2.3457142857142963,NEUTRAL,,-1.0
-0.0006495060477824296,0.0,0.0019186682709209112,,,3.919999999999618,,0.23999999999978172,27.663934426228963,6.996706797372606,-0.08293073442717581,0.003057681736730497,2.5028571428571404,NEUTRAL,,1.0
-0.000491583804175123,0.00014604502642417188,0.002064433085386757,,,0.6099999999996726,,0.38999999999987267,21.599111604662227,7.979712689939221,0.03808539372719673,0.003382290767793581,2.4699999999999624,NEUTRAL,,1.0
-0.00046581532678686613,0.00015346990504665754,0.0020718437181302144,,,0.5899999999996908,,0.31999999999970896,18.616714697404888,9.448524076676073,0.09368744885656127,0.0036583608311522384,2.4707142857142634,NEUTRAL,,1.0
-0.0005556678793897981,3.2183077147701605e-05,0.0019507895994196288,,,1.5,,0.2300000000000182,10.588935157643078,12.215566169774158,0.090051008616131,0.003965989707389768,2.463571428571413,NEUTRAL,,1.0
-0.0006967889702693136,-0.0001436112789328152,0.0017753325343923306,,,1.8399999999996908,,0.3900000000003274,10.974106041922425,10.102198321639696,0.12057642361838528,0.004221999808685052,2.474999999999974,NEUTRAL,,1.0
-0.000434134632109999,0.00010891897913201471,0.0020273782706635643,,,0.9499999999998181,,0.38000000000010914,20.075187969923036,10.816313372406588,0.20397719678330714,0.004388018940572457,2.3407142857142844,NEUTRAL,,1.0
-0.0007609045388837558,-0.0002525852846785819,0.0016665676136137435,,,2.1799999999998363,,0.3900000000003274,17.524339360220225,9.808877656732456,0.17358341616094802,0.0045453856218216045,2.327142857142852,NEUTRAL,,1.0
-0.0003779096948757278,0.00013862003752641093,0.002057022342579606,,,0.29999999999972715,,0.2300000000000182,30.89887640449328,15.892228559817084,0.29730941305688785,0.004422046433949098,2.3307142857142935,NEUTRAL,,1.0
-0.00010360817142463276,0.0004132712024211303,0.002331146542998671,,,0.38000000000010914,,0.3900000000003274,33.91537944929432,21.32459404913936,0.3541801109714066,0.004152841846145051,2.391428571428573,NEUTRAL,,1.0
-1.3870750823216479e-05,0.0005122076148198016,0.002429893129242034,,,0.4699999999997999,,0.3000000000001819,35.220539828833154,34.083791790096285,0.3998929905927206,0.003612464899861112,2.2885714285713936,NEUTRAL,,1.0
0.0004256421835516534,0.000984359078362789,0.0029011386907528526,,,0.42000000000007276,,0.29000000000041837,50.0327439423699,49.60784313725395,0.5990901895846006,0.003029502299536414,2.292857142857104,NEUTRAL,,1.0
0.0004379939476790964,0.0010115374627473978,0.0029282649288336878,,,0.16000000000030923,,0.2300000000000182,46.94014794889066,61.87050359712284,0.6026660867201128,0.0027988312727023515,2.2871428571427908,NEUTRAL,,1.0
0.0009188346191830129,0.0015523267598391674,0.0034680166306598737,,,0.2800000000002001,,0.2300000000000182,53.063652587746155,77.60668658056153,0.819288622640281,0.0026127659470811192,2.338571428571348,NEUTRAL,,-1.0
0.0011611926654972202,0.0018582675608755557,0.003773370432788533,,,1.1900000000000546,,0.31999999999970896,62.14242239805386,85.25603487739181,0.9221433196438723,0.0026999067612678493,2.264999999999905,NEUTRAL,,-1.0
0.00044783435206813667,0.0011350569383136591,0.0030515474115013395,,,0.8900000000003274,,0.24000000000023647,65.40679051889873,84.72764262238032,0.6917843578191175,0.0026141616690442487,2.18357142857131,NEUTRAL,,1.0
0.0008181833328361062,0.0015547947745053116,0.003470479910024586,,,0.010000000000218279,,0.3599999999996726,67.15328467153336,81.60083160083157,0.8328918896970798,0.0025940894594983174,2.157857142857048,NEUTRAL,,-1.0
0.0006565031112648677,0.0014091610300225015,0.0033251255883864905,,,0.580000000000382,,0.25999999999976353,64.8616833431428,75.43312543312466,0.7660000400467888,0.0026529994875315694,2.103571428571318,NEUTRAL,,-1.0
0.0003823071063019583,0.0011424671355232824,0.003058943391000695,,,1.3599999999996726,,0.29999999999972715,64.29404900816917,74.80942480942299,0.6697208191609059,0.00263911648156487,2.1349999999998936,NEUTRAL,,1.0
-7.126338055577049e-05,0.0006679927559896234,0.002585379370404412,,,0.6100000000001273,,0.23999999999978172,58.7107085775177,62.3354123354107,0.49664734120297116,0.002582778800746833,2.1892857142856235,NEUTRAL,,1.0
0.0001573571673440347,0.0009102286949595681,0.0028271505389641785,,,0.15000000000009095,,0.2899999999999636,58.511777301927246,54.60845460845284,0.5733841277944823,0.002582469887355184,2.0864285714284443,NEUTRAL,,1.0
0.00014705125084954704,0.0009028150515345719,0.002819751119861594,,,0.11999999999989086,,0.3200000000001637,62.700228832952746,50.65835065834927,0.5612782185437843,0.0025091399550429875,2.0314285714284455,NEUTRAL,,1.0
0.0005370270857291131,0.001332624578146409,0.003248735984572181,,,0.7799999999997453,,0.33999999999969077,62.76413478012591,57.89161324409137,0.725839958256994,0.002511150638552821,2.0028571428570103,NEUTRAL,,1.0
0.0006907389236829397,0.0015227096321271598,0.003438456328391083,,,0.04000000000041837,,0.36000000000012733,63.08040770101972,64.44895551571886,0.7776993717833366,0.0025324223723890383,1.9992857142855687,NEUTRAL,,-1.0
0.0006387297309346172,0.00149555905480661,0.003411357844021775,,,0.4899999999997817,,0.3200000000001637,60.55461233729567,67.68440250116589,0.71244503441024,0.0024339142348199553,2.0128571428570337,NEUTRAL,,-1.0
0.00046773134039153634,0.001332624578146409,0.003248735984572181,,,0.2800000000002001,,0.2300000000000182,52.07430340557314,61.374258689341964,0.6152151545512633,0.0022314460240694675,1.9399999999998923,NEUTRAL,,1.0
0.0001899025766884105,0.0010461259951179708,0.0029627870972846635,,,0.3900000000003274,,0.3500000000003638,50.44991001799532,48.34991519050001,0.507446059237297,0.0020592804115570837,1.9721428571427688,NEUTRAL,,1.0
0.00010906066786706893,0.0009645920517614036,0.002881409590518218,,,0.3000000000001819,,0.32999999999992724,42.49158249158193,36.88573120189401,0.4319577343978051,0.0016827755641228626,1.8528571428570817,NEUTRAL,,1.0
0.000934561161884138,0.001865667031563065,0.003780755706346413,,,2.2799999999997453,,0.24000000000023647,50.291036088474726,53.30665204558388,0.9327082860438656,0.0016144015154882154,1.994999999999956,NEUTRAL,,-1.0
0.0005330244790857514,0.001465938559128208,0.0033817941802486004,,,0.42000000000007276,,0.2899999999999636,53.46534653465335,64.53251758222562,0.6643942433767559,0.0014574789510364418,1.9335714285714078,NEUTRAL,,1.0
0.0007438455826350447,0.001715189560575256,0.0036305669517076766,,,1.3299999999999272,,0.2800000000002001,51.85659411011513,83.09656829148425,0.8012711276186052,0.0013455297661549937,1.9099999999999844,NEUTRAL,,-1.0
0.0007309692654393498,0.0017349268958154111,0.003650266417548954,,,1.5,,0.25,54.33639947437667,80.02496878901258,0.7988651592464725,0.001386512507771761,1.8914285714285728,NEUTRAL,,-1.0
0.00030325348756512805,0.001302994414678586,0.003219162671558866,,,0.07000000000016371,,0.2300000000000182,51.84952978056484,73.33763123963838,0.4688215239095375,0.0013560015074716887,1.9407142857142585,NEUTRAL,,1.0
0.0001696934002182707,0.0011646970674855605,0.0030811306710978523,,,0.3999999999996362,,0.2600000000002183,56.916724019270006,56.82993540959885,0.38194720366441653,0.001351907635956562,1.8285714285713897,NEUTRAL,,1.0
0.00017993021667229493,0.00118445617635785,0.003100851868794887,,,0.3799999999996544,,0.27999999999974534,54.32727272727306,37.82925964879508,0.3971905092013256,0.0012614047963210822,1.878571428571409,NEUTRAL,,1.0
3.949829077356454e-05,0.0010362438017038915,0.0029529238645215347,,,0.08000000000038199,,0.38000000000010914,52.46826516219975,28.811839048110752,0.31552318560038356,0.0012779810947916898,1.9314285714285688,NEUTRAL,,1.0
0.00021678289991137933,0.0012289113131547414,0.003145221710931327,,,0.45000000000027285,,0.32999999999992724,47.83281733746145,28.007058931730004,0.4541001946138908,0.0012524640232023836,1.8300000000000247,NEUTRAL,,1.0
8.411461412285449e-05,2.4729948956800566e-06,0.003009634788113703,,,0.13999999999987267,,0.2899999999999636,42.73162939297213,25.939849624057917,0.3817978338521634,0.0012519838840844362,1.7857142857143182,NEUTRAL,,1.0
0.001309078332805416,0.0013287067336782972,0.004331880317605355,,,4.289999999999964,,0.29999999999972715,61.51202749140916,47.77950974998341,1.1855211891385926,0.0016349222222744645,2.156428571428608,NEUTRAL,,-1.0
0.0012945342300015419,0.0013607693409529247,0.004363846507193955,,,0.09999999999990905,,0.3400000000001455,64.54112038140698,62.45164205815587,1.081002907612119,0.0018133332810943415,2.2107142857143054,NEUTRAL,,-1.0
0.0008203975090454857,0.0008944256527206824,0.0038989051933515377,,,1.6600000000003092,,0.36999999999989086,60.97972972973013,73.18900807205982,0.8080953749268704,0.001819810837426276,2.2735714285714557,NEUTRAL,,-1.0
0.0012102375496112002,0.0013509041426080107,0.004354010975169951,,,0.1499999999996362,,0.3400000000001455,65.52617936754741,70.28248587570467,0.9780909570879135,0.0019417396085579033,2.3692857142857195,NEUTRAL,,-1.0
0.0015283019415179386,0.0017428957249680788,0.004744823772505153,,,1.5799999999999272,,0.2300000000000182,61.111111111111406,74.3815819614457,1.0385996523933443,0.0022427350938858557,2.32357142857141,NEUTRAL,,-1.0
0.0011345436563995036,0.001385431484115726,0.004388434487118693,,,0.3999999999996362,,0.38999999999987267,62.80048076922946,80.79384968854622,0.8635013775666959,0.002385930350994274,2.369285714285687,NEUTRAL,,-1.0
0.0007419660185784342,0.001003031328670624,0.0040071842736545665,,,1.3500000000003638,,0.2300000000000182,54.576659038901106,74.12985027049176,0.6669904094700769,0.002406551667277935,2.4799999999999858,NEUTRAL,,-1.0
0.0009016037820886208,0.0012275727157761126,0.004231050426809905,,,0.18000000000029104,,0.3400000000001455,56.13259668508205,66.38054363376115,0.7247709064964604,0.0024244432769834935,2.511428571428561,NEUTRAL,,-1.0
0.000679647954891622,0.0010227752784838895,0.004026868850069476,,,0.930000000000291,,0.34999999999990905,59.55451348182768,60.264663805434644,0.6304793247115923,0.0023532898444073684,2.3850000000000233,NEUTRAL,,-1.0
0.00022502197996049407,0.0005783475572230779,0.003583777598176969,,,1.199999999999818,,0.32999999999992724,55.579868708971254,54.07725321888216,0.4262790887228352,0.002230813570281423,2.4707142857143287,NEUTRAL,,-1.0
0.0002798311392012366,0.0006351575783936961,0.0036404167819999713,,,1.0,,0.3100000000004002,55.42825968357937,44.81402002861117,0.4238565834745775,0.002236133694708433,2.4500000000000455,NEUTRAL,,-1.0
0.00027367180998414683,0.0006400972750144938,0.0036453416241170856,,,0.5700000000001637,,0.29999999999972715,57.868852459016615,39.37290323995854,0.4647214245563047,0.002213506637824452,2.4642857142857792,NEUTRAL,,-1.0
0.000908402883083709,0.001348437812567153,0.004351552061800903,,,0.10999999999967258,,0.32999999999992724,62.35351562499985,50.59449659739189,0.7562223996565873,0.0022770221684532735,2.646428571428617,NEUTRAL,,-1.0
0.0005002111065563336,0.000936389735784903,0.003940743083316405,,,0.21000000000003638,,0.32999999999992724,58.82081989866403,53.936869140969044,0.5693536221471391,0.0022785216882951678,2.6600000000000494,NEUTRAL,,-1.0
0.0004006835710923922,0.0008450516296894986,0.0038496796463631713,,,0.0500000000001819,,0.25999999999976353,44.51145958986694,52.999282506237186,0.5269916214531613,0.0022108288192233313,2.299285714285751,NEUTRAL,,-1.0
0.00042844168816185834,0.0008944256527206824,0.0038989051933515377,,,0.0,,0.30999999999994543,44.37726723095501,41.959978805833565,0.514583001883483,0.002092516803183067,2.2978571428571803,NEUTRAL,,-1.0
0.000400123614805242,0.0008845512384952566,0.0038890604731607343,,,0.03999999999996362,,0.32999999999992724,49.52766531713944,38.865836791149235,0.4894232402386057,0.0019505848366666888,2.1728571428571803,NEUTRAL,,-1.0
0.0002823775906007687,0.0007685122492451102,0.003773370432788533,,,0.11999999999989086,,0.33999999999969077,41.023738872404984,36.74504379898888,0.3975773255309682,0.0017367988665703573,2.119285714285752,NEUTRAL,,-1.0
0.0005558451540444549,0.0010869377258792686,0.004090838350127331,,,0.6100000000001273,,0.33999999999969077,40.36009002250463,40.295066851086524,0.5577552608278,0.0015484918318373082,1.9950000000000208,NEUTRAL,,-1.0
0.000730190525107706,0.0013089748750916227,0.004312207796056672,,,0.010000000000218279,,0.3400000000001455,48.438690022848895,51.90512288541547,0.7108345772554732,0.0012578339182803219,1.9185714285714701,NEUTRAL,,-1.0
0.00043790898302611926,0.0010252432173367618,0.004029329367412569,,,0.15999999999985448,,0.27999999999974534,50.55643879173426,62.443447974692226,0.48686553307179814,0.0012319653226858848,1.8807142857142805,NEUTRAL,,-1.0
-0.0004773352785028373,4.698481154146152e-05,0.0030540127501940987,,,3.050000000000182,,0.27999999999974534,35.29784537389074,47.96228066314905,-0.1297227204849925,0.0014871172292592876,2.094999999999995,NEUTRAL,,-1.0
2.0839396981332415e-05,-0.0006854908559974218,0.0023237397609443123,,,9999.0,,0.36000000000012733,50.0,50.0,0.5,0.0,0.0,NEUTRAL,,-1.0
0.0002604700303066823,-0.00042553717883701055,0.0025829117134055593,,,9999.0,,0.3000000000001819,50.0,50.0,0.5,0.0,0.0,NEUTRAL,,-1.0
7.707093766407491e-06,-0.0006879672547384859,0.0023212708091533436,,,9999.0,,0.2699999999999818,50.0,50.0,0.5,0.0,0.0,NEUTRAL,,-1.0
0.0005847157376390252,-6.18288478565175e-05,0.002945526311884458,,,9999.0,,0.25999999999976353,50.0,50.0,0.5,0.0,0.0,NEUTRAL,,-1.0
0.00031274516270502547,-0.00033149198605758205,0.0026766740963750386,,,9999.0,,0.25,50.0,50.0,0.5,0.0,0.0,NEUTRAL,,-1.0
-0.00040980224597709944,-0.0011041763117045254,0.0019063133632566313,,,9999.0,,0.3200000000001637,50.0,50.0,0.5,0.0,0.0,NEUTRAL,,-1.0
-0.0011653378927045947,-0.0019401165556612568,0.0010728869330795887,,,3.930000000000291,,0.29999999999972715,50.0,50.0,0.5,0.0,0.0,NEUTRAL,,1.0
-0.0009157758255209844,-0.0017192133236555466,0.0012931258716832189,,,0.8000000000001819,,0.38000000000010914,50.0,50.0,0.5,0.0,0.0,NEUTRAL,,1.0
-0.0010151174022218928,-0.001865643907297616,0.0011471356295865986,,,1.3600000000001273,,0.2899999999999636,50.0,50.0,0.5,0.0,0.0,NEUTRAL,,1.0
-0.00048626462549987545,-0.0013347266658081838,0.0016764563130837835,,,0.8299999999999272,,0.2699999999999818,50.0,50.0,0.5,0.0,0.0,NEUTRAL,,-1.0
-8.634905621248509e-05,-0.0009208034752905989,0.0020891347665192884,,,0.2300000000000182,,0.2300000000000182,50.0,50.0,0.5,0.0,0.0,NEUTRAL,,-1.0
0.0003153212318729564,-0.0004898940789620228,0.002518748345370337,,,1.7799999999997453,,0.3400000000001455,57.6635514018687,50.0,0.5,0.0,3.0557142857143327,NEUTRAL,,-1.0
-0.0003300210897742643,-0.0011760569657235103,0.00183464886652864,,,0.3000000000001819,,0.2300000000000182,51.267137515578895,50.0,0.5,0.0,3.1485714285714885,NEUTRAL,,-1.0
-0.0004301483018431778,-0.0012975339426460869,0.00171353719143321,,,0.6900000000000546,,0.2300000000000182,44.833864360491575,53.69836695484944,0.5,0.0,2.994285714285752,NEUTRAL,,-1.0
-0.00024142630895819737,-0.0011116117627835939,0.0018989002718372587,,,0.09000000000014552,,0.3200000000001637,46.15726343847171,45.82132564841345,0.5,0.0,2.924285714285751,NEUTRAL,,-1.0
-0.0008018859194189202,-0.001729139468227686,0.0012832295767076084,,,0.7899999999999636,,0.29999999999972715,39.230447511501005,38.77681716298357,0.5,0.0,3.067857142857162,NEUTRAL,,-1.0
-0.0011652468474432135,-0.002158633542835626,0.000855027063465268,,,2.2599999999997635,,0.2899999999999636,37.7009646302249,26.865193723983598,0.5,0.0,3.042857142857169,NEUTRAL,,-1.0
-0.0013611983046220243,-0.002421973772279923,0.0005924787426559589,,,3.3099999999999454,,0.25,29.333902647310012,11.6115413390651,0.011545484332541359,0.002607174279895342,2.904285714285769,NEUTRAL,,-1.0
-0.001036130047876286,-0.0021263466242388463,0.0008872168898339137,,,1.8899999999998727,,0.23999999999978172,34.905263157894595,10.196051354678895,0.1768606665309088,0.0027331631755503714,2.872142857142925,NEUTRAL,,-1.0
-0.0010162961923630592,-0.0021486988847583825,0.0008649318463444317,,,2.0599999999999454,,0.2300000000000182,40.43902439024372,14.473528666184814,0.19605143994802682,0.002808585131470582,2.780714285714339,NEUTRAL,,-1.0
-0.0008351263567831549,-0.001994736868188824,0.0010184308730751836,,,1.3899999999998727,,0.3200000000001637,49.448123620309545,22.721272612168864,0.27839203644025384,0.0028142835602264185,2.512857142857196,NEUTRAL,,-1.0
-0.0007459406045405674,-0.001935151367985992,0.0010778371895952558,,,1.3800000000001091,,0.31999999999970896,47.052023121387286,24.88584474885769,0.30045318975993734,0.002729755004326425,2.5285714285715,NEUTRAL,,-1.0
-0.0012919674666099126,-0.002558667112945855,0.00045619646199801425,,,3.6900000000000546,,0.2899999999999636,42.729658792650866,18.683409436833074,0.13539783107240866,0.002806894976364037,2.5442857142858037,NEUTRAL,,-1.0
-0.0015660992944892883,-0.002911756900541487,0.00010416847514704323,,,1.6100000000001273,,0.2300000000000182,32.336956521738784,14.408610786044138,0.03568475843900346,0.00271658279080969,2.548571428571514,NEUTRAL,,-1.0
-0.001932822221402228,-0.0033746312098797064,-0.00035731389281080836,,,2.350000000000364,,0.2300000000000182,23.186033824329883,6.380996087196305,-0.04177925175788659,0.0027963201263045776,2.565714285714356,NEUTRAL,,-1.0
-0.0015236932887785731,-0.003013751637099677,2.4804540222455876e-06,,,1.1200000000003456,,0.3000000000001819,21.821210438644584,13.922970611843738,0.11799073731798775,0.00292552549044164,2.6657142857143623,NEUTRAL,,-1.0
-0.0017761713856259342,-0.0033497346265790274,-0.0003324921777493618,,,2.130000000000109,,0.23999999999978172,24.036697247706215,15.07184267780247,0.08997694398444926,0.0031715237260450516,2.623571428571495,NEUTRAL,,-1.0
-0.0012378830911973847,-0.0028421138779974346,0.00017360206933662137,,,0.44000000000005457,,0.3000000000001819,31.84135977337114,24.507989863951394,0.24671777267158795,0.0032564990751796567,2.6914285714286246,NEUTRAL,,-1.0
-0.0011758216927150503,5.455997381127572e-05,5.455997381127572e-05,,,0.5300000000002001,,0.22999999999956344,29.288214702450517,28.20350270167965,0.2614867420368672,0.0033377968188699576,2.708571428571499,NEUTRAL,,-1.0
-0.000772049389777183,0.000438791118074471,0.000438791118074471,,,0.07999999999992724,,0.2300000000000182,40.172520024645564,42.21205810413996,0.38867185785257496,0.0032768609862959216,2.642142857142939,NEUTRAL,,-1.0
-0.001286990230119795,-0.00015131107324203256,-0.00015131107324203256,,,1.1600000000003092,,0.3700000000003456,39.635258358661844,44.90812660076943,0.2503508956127841,0.0031472476542152962,2.777857142857264,NEUTRAL,,-1.0
-0.0014039277712631277,-0.00033244845808423986,-0.00033244845808423986,,,1.8700000000003456,,0.3200000000001637,40.47175667287356,43.610554526931615,0.20454345570004076,0.0027980956891364016,2.898571428571521,NEUTRAL,,-1.0
-0.0021761049626820303,-0.0012391204479705446,-0.0012391204479705446,,,6.660000000000309,,0.2300000000000182,26.180698151950224,31.94699436162236,-0.09900018515003159,0.003093545910984625,3.4292857142857947,NEUTRAL,,-1.0
-0.002076795858001694,-0.0012242029644086792,-0.0012242029644086792,,,1.2399999999997817,,0.31999999999970896,30.649097120547225,29.879861502098056,0.04927797136173186,0.003147698992564669,3.510714285714357,NEUTRAL,,-1.0
-0.002932110702324335,-0.0022420967332998547,-0.0022420967332998547,,,5.710000000000036,,0.32999999999992724,23.09592424866213,20.278335970718043,-0.1567002566007961,0.0035370794951117414,3.782142857142909,NEUTRAL,,-1.0
0.0002515268127117438,-0.0036091737730053713,-0.0036091737730053713,,,1.0299999999997453,,0.25,50.0,50.0,0.5,0.0,0.0,NEUTRAL,0.1608705650523968,-1.0
0.000388090708546968,-0.003449322827747918,-0.003449322827747918,,,0.4600000000000364,,0.2300000000000182,50.0,50.0,0.5,0.0,0.0,NEUTRAL,0.0965671130082533,-1.0
-0.0001886816551188743,-0.004061528040978837,-0.004061528040978837,,,3.119999999999891,,0.38999999999987267,50.0,50.0,0.5,0.0,0.0,NEUTRAL,0.2263246340634713,-1.0
-0.00010339839574298964,-0.0039765243135701815,-0.0039765243135701815,,,2.599999999999909,,0.25999999999976353,50.0,50.0,0.5,0.0,0.0,NEUTRAL,0.17740964485754462,-1.0
-0.00017794131038616234,-0.005127796044841458,-0.005127796044841458,,,2.0799999999999272,,0.36000000000012733,50.0,50.0,0.5,0.0,0.0,NEUTRAL,0.20767342101137667,-1.0
0.0005589105805940692,-0.004334137058366402,-0.004334137058366402,,,1.4100000000003092,,0.30999999999994543,50.0,50.0,0.5,0.0,0.0,NEUTRAL,0.18898236009956754,-1.0
-0.000865469540938297,-0.005859974304923172,-0.005859974304923172,,,4.5,,0.32999999999992724,50.0,50.0,0.5,0.0,0.0,NEUTRAL,0.12516107275846283,-1.0
-0.002295362430062784,-0.007458416516956943,-0.007458416516956943,,,11.420000000000073,,0.2699999999999818,50.0,50.0,0.5,0.0,0.0,NEUTRAL,0.16355481774336522,1.0
-0.0008633573811017457,-0.005998003992015959,-0.005998003992015959,,,5.210000000000036,,0.36000000000012733,50.0,50.0,0.5,0.0,0.0,NEUTRAL,0.19359696038137902,1.0
0.0004039832006986217,-0.004654454123228376,-0.004654454123228376,,,0.2699999999999818,,0.23999999999978172,50.0,50.0,0.5,0.0,0.0,NEUTRAL,0.08764539337190412,1.0
0.0009288676083266707,-0.004066528708497359,-0.004066528708497359,,,2.4900000000002365,,0.34999999999990905,50.0,50.0,0.5,0.0,0.0,NEUTRAL,0.26461769758794296,1.0
0.0012522407165729877,-0.003671629381996321,-0.003671629381996321,,,4.460000000000036,,0.38999999999987267,50.0,50.0,0.5,0.0,0.0,NEUTRAL,0.2738472405081241,1.0
0.0014088793520672378,-0.0034518201071631837,-0.0034518201071631837,,,4.620000000000346,,0.36999999999989086,50.0,50.0,0.5,0.0,0.0,NEUTRAL,0.26461769758794296,1.0
0.0012885998920172481,-0.0035242466176192058,-0.0035242466176192058,,,4.579999999999927,,0.2300000000000182,50.0,50.0,0.5,0.0,0.0,NEUTRAL,0.2540876347401637,1.0
0.001567730736258487,-0.003162218578718353,-0.003162218578718353,,,6.5,,0.2800000000002001,50.0,50.0,0.5,0.0,0.0,NEUTRAL,0.27663216551441766,1.0
0.0012031111277906415,-0.003491778268346705,-0.003491778268346705,,,4.910000000000309,,0.27999999999974534,52.38095238095264,50.0,0.5,0.0,5.255714285714346,NEUTRAL,0.46652492995325046,1.0
0.0016940835013576215,-0.002905212468535115,-0.002905212468535115,,,7.300000000000182,,0.34999999999990905,55.006922011998206,50.0,0.5,0.0,5.332857142857198,NEUTRAL,0.5384662192313663,1.0
0.002441350984261646,-0.0020204229219838686,-0.0020204229219838686,,,10.690000000000055,,0.2699999999999818,63.48799253905266,94.73288196068809,0.5,0.0,5.265000000000067,NEUTRAL,0.5001770318485382,0.0
0.0029589155589432553,-0.0013535025915228066,-0.0013535025915228066,,,3.199999999999818,,0.2899999999999636,67.43243243243205,97.52997584305275,0.5,0.0,5.3628571428572025,NEUTRAL,0.6638300905193348,-1.0
0.0026153057939295762,-0.0016022496081319305,-0.0016022496081319305,,,0.6199999999998909,,0.2899999999999636,63.02120562306367,94.6446561209982,0.5,0.0,5.057857142857204,NEUTRAL,0.6102297462285138,-1.0
0.0027181013228958525,-0.0013808587153046694,-0.0013808587153046694,,,1.4200000000000728,,0.2300000000000182,73.92837764514385,93.25187519922771,0.5,0.0,4.794285714285739,NEUTRAL,0.5920481744506465,-1.0
0.0022311105109824847,-0.0017938690425906747,-0.0017938690425906747,,,0.03999999999996362,,0.31999999999970896,87.00510855683243,90.45798693552227,0.7971182043333342,0.006638363798657734,4.442142857142893,NEUTRAL,0.6466643414316169,0.0
0.002491198848396137,-0.0014156777619375954,-0.0014156777619375954,,,1.4899999999997817,,0.2699999999999818,84.67620481927672,90.79483563530157,0.8172580088715734,0.0069516978131802,3.9842857142857286,NEUTRAL,0.6838576517795709,-1.0
0.002149924923021294,-0.0016793862787184402,-0.0016793862787184402,,,0.5399999999999636,,0.38999999999987267,77.21289151157542,87.10846431919943,0.7560677184726623,0.007049641246741321,3.5249999999999937,NEUTRAL,0.8426023783128026,-1.0
0.0018609461181420563,-0.0019033987844089908,-0.0019033987844089908,,,0.6200000000003456,,0.29999999999972715,70.52932761087165,82.23757049951801,0.6940825216080592,0.006967487191818087,3.3164285714285597,NEUTRAL,0.819057639986605,0.0
0.0024310114065176193,-0.0012043136777752997,-0.0012043136777752997,,,2.3099999999999454,,0.25,71.81942544459608,82.4340375456597,0.7698982765352989,0.007128707682991647,3.228571428571448,NEUTRAL,0.9068647620393981,-1.0
0.002125001369987329,-0.0014330881932905597,-0.0014330881932905597,,,0.0,,0.38999999999987267,68.8604240282682,82.9444321111644,0.7184650994536697,0.006809180699823938,3.1378571428571314,NEUTRAL,0.7814515236387141,-1.0
0.002100113417556296,-0.0013684239282955209,-0.0013684239282955209,,,0.33999999999969077,,0.2300000000000182,69.44202266782962,87.54738574751013,0.7351803487245039,0.005365337924788732,3.0899999999999506,NEUTRAL,0.8038214271834447,-1.0
0.0019858227967189815,-0.0014032421101781226,-0.0014032421101781226,,,0.07999999999992724,,0.2300000000000182,65.8364661654146,84.88576449912256,0.719573171289926,0.0044065509911087285,3.016428571428508,NEUTRAL,0.8047407230634709,-1.0
0.0017024581719154105,-0.001627131107020557,-0.001627131107020557,,,0.5799999999999272,,0.27000000000043656,67.91080950072708,82.36672524897564,0.6498523281013157,0.003898854846091815,2.9757142857142105,NEUTRAL,0.7599272397798251,-1.0
0.001110027288633067,-0.002199746966959032,-0.002199746966959032,,,0.2699999999999818,,0.25999999999976353,56.38039786511439,66.40181259724268,0.47209576546120746,0.0034870791316233022,2.932142857142805,NEUTRAL,0.40710479027825175,0.0
0.0011859366109978975,-0.0020702287192665295,-0.0020702287192665295,,,0.33999999999969077,,0.3000000000001819,49.579360628154525,49.49218123184028,0.49337181160448845,0.0032058161176526144,2.8278571428570882,NEUTRAL,0.5814517896285821,0.0
0.001034109446225095,-0.0021848008450879174,-0.0021848008450879174,,,0.1000000000003638,,0.38000000000010914,39.39588688945923,33.16307884298323,0.43118810614499864,0.0028873053941866618,2.632142857142818,NEUTRAL,0.6954365832177594,0.0
0.0009742835667248848,-0.002204729106649704,-0.002204729106649704,,,0.07000000000016371,,0.23999999999978172,42.39504473503071,29.432098765432276,0.39559395408861003,0.0024918899011730526,2.5292857142857037,NEUTRAL,0.6296735984611013,0.0
0.0008693182851102472,-0.002276975699001674,-0.002276975699001674,,,0.43000000000029104,,0.2300000000000182,38.04116394605955,25.651642727423067,0.3279881207338819,0.0022686613521431926,2.4921428571428805,NEUTRAL,0.3867122516032646,-1.0
0.0010079804471909166,-0.002090152424551923,-0.002090152424551923,,,0.1999999999998181,,0.23999999999978172,44.90254872563659,27.164382807771744,0.3246552327451757,0.0017216466403476495,2.363571428571439,NEUTRAL,0.5141468625535773,-1.0
0.0005170284409614998,-0.00258600968759016,-0.00258600968759016,,,2.2200000000002547,,0.38000000000010914,31.726065688329697,21.952430579507062,-0.0566635502386195,0.0016376150062177347,2.4042857142857366,NEUTRAL,0.2904906102330056,-1.0
0.00047737133402944303,-0.0026109400876281226,-0.0026109400876281226,,,2.180000000000291,,0.32999999999992724,34.179104477611176,18.663537050466278,0.02191557550814331,0.0018166698124599593,2.4500000000000455,NEUTRAL,0.2529011711965905,-1.0
6.236878071520042e-05,-0.003039937111611913,-0.003039937111611913,,,3.3600000000001273,,0.27999999999974534,34.12816691505259,8.872242967013284,-0.03087924935378055,0.002034934917941229,2.4521428571428845,NEUTRAL,0.4646671896696745,1.0
-0.00024046608560649216,-0.0033644227227934615,-0.0033644227227934615,,,2.1599999999998545,,0.2800000000002001,14.030612244895693,4.899010010092155,-0.05464313451284363,0.0023652727892248377,2.3614285714285677,NEUTRAL,0.6101062523288688,1.0
-0.0002247055364994512,-0.0033569322267981688,-0.0033569322267981688,,,2.2599999999997635,,0.2300000000000182,15.01364877160816,2.0945570318779825,0.019435350588508874,0.002583519533230688,2.36000000000003,NEUTRAL,0.5224974070917575,1.0
-1.7822266993726156e-05,-0.0031397564822785106,-0.0031397564822785106,,,1.2599999999997635,,0.34999999999990905,19.828326180257662,7.0626546003953665,0.15785226588986526,0.002710346011762792,2.4171428571429,NEUTRAL,0.617571344638014,1.0
0.0008333084311150199,-0.0022146935346359312,-0.0022146935346359312,,,0.12000000000034561,,0.2899999999999636,39.466666666665326,25.701398055892202,0.5033712326513219,0.002617397474793542,2.5707142857143674,NEUTRAL,0.5979370318270987,1.0
0.0007747558000774519,-0.0022420967332998547,-0.0022420967332998547,,,1.4699999999998,,0.2300000000000182,41.71952078928805,45.648003796509194,0.502034562165045,0.0025656112390963935,2.563571428571517,NEUTRAL,0.4412600098651775,1.0
0.0010724888504815581,-0.0018859719961734265,-0.0018859719961734265,,,0.15000000000009095,,0.2600000000002183,55.098934550988574,67.79167500797234,0.6288812122668569,0.0025699176459980802,2.595714285714361,NEUTRAL,0.5893358742809555,1.0
0.0008648737699666546,-0.0020652479167339623,-0.0020652479167339623,,,0.7699999999999818,,0.25,50.41825095057086,74.37700325542001,0.5915368696813224,0.0023937903133537963,2.509285714285787,NEUTRAL,0.4890153205448431,1.0
0.0014175465277660002,-0.0014281137225584844,-0.0014281137225584844,,,0.03000000000020009,,0.24000000000023647,59.97366688611051,83.69242709089092,0.8495429409523202,0.0023915878507270705,2.6307142857143453,NEUTRAL,0.4251323123802305,-1.0
0.0019652849300486677,-0.0007719171095055331,-0.0007719171095055331,,,2.699999999999818,,0.2300000000000182,66.01453325880479,88.71185288715225,1.0649385849035333,0.0026289597710426925,2.7285714285714806,NEUTRAL,0.8046975773940025,-1.0
0.0016153852060984137,-0.0010675962202128693,-0.0010675962202128693,,,0.01999999999998181,,0.2300000000000182,63.08760683760786,90.0741265657338,0.9274840888102036,0.0027407101415152227,2.752857142857173,NEUTRAL,0.7452469917541087,-1.0
0.0012194059344475048,-0.0014281137225584844,-0.0014281137225584844,,,0.30999999999994543,,0.25,57.24526369687685,82.20694668647916,0.7875543377053313,0.0027894178300911306,2.7807142857143066,NEUTRAL,0.4747130709229489,-1.0
0.0009447477612211326,-0.00167440936079293,-0.00167440936079293,,,0.75,,0.32999999999992724,61.52999449642364,69.21017402945068,0.6804597123081407,0.002830440343857358,2.666428571428599,NEUTRAL,0.5184965833627284,-1.0
0.0009888130249190775,2.484070895381095e-05,-0.0015873213021499316,,,0.08999999999969077,,0.2300000000000182,61.94882961350183,63.15930388219554,0.6903134032466558,0.002875157642927172,2.5935714285714573,NEUTRAL,0.8699278482278747,-1.0
0.0005054255882167756,-0.0004572894169808822,-0.0020702287192665295,,,1.9299999999998363,,0.36999999999989086,59.80031529164519,56.037483266399306,0.529209225010338,0.0028761165212900985,2.6050000000000506,NEUTRAL,0.574977961159562,-1.0
0.0008960496307315972,-1.2420817289822854e-05,-0.0016246429015029098,,,0.15999999999985448,,0.38999999999987267,67.33230926779372,56.49263721552936,0.6703897843213247,0.0029136750700741476,2.619285714285752,NEUTRAL,0.8732906597523067,-1.0
0.00016368282081667817,-0.0007656986876223769,-0.002379135207969274,,,1.7099999999995816,,0.3500000000003638,59.31438881371161,48.96921017402885,0.4374312466222756,0.002915663220721897,2.6907142857143236,NEUTRAL,0.6446529722916609,-1.0
6.5615759618051e-05,-0.0008627376879625107,-0.0024763306547855926,,,1.2799999999997453,,0.2300000000000182,56.24999999999974,43.16057657861462,0.40638345781249696,0.002927058762567736,2.655714285714339,NEUTRAL,0.4970109981010426,1.0
-0.00011735637088161048,-0.0010593615481599731,-0.002673271512375382,,,0.15999999999985448,,0.2699999999999818,44.68864468864526,23.385994378847247,0.3108019818696329,0.002924244209059318,2.459285714285735,NEUTRAL,0.7720200541784388,1.0
0.0003781981914390815,-0.0005269136035671916,-0.0021399651541098336,,,2.199999999999818,,0.2899999999999636,50.824305228450086,19.3265293424823,0.49222290630236504,0.0028761923993835307,2.482857142857191,NEUTRAL,0.44530462944602983,-1.0
0.0003957546381997523,-0.0004921002989882164,-0.0021050957234495238,,,2.099999999999909,,0.25,47.82608695652204,18.832500057074164,0.484838097365471,0.002753779241623926,2.4114285714286194,NEUTRAL,0.381257110865276,-1.0
0.00035482054206924354,-0.000519453405775165,-0.0021324929289715635,,,2.1599999999998545,,0.3000000000001819,49.203084832905034,27.35314932767308,0.45354132000927855,0.002495356407262665,2.364285714285773,NEUTRAL,0.5041035606160373,-1.0
0.000130140174077776,-0.0007482834229119458,-0.002361691866333212,,,1.4800000000000182,,0.2899999999999636,39.52062430323369,24.06227883935097,0.3151990136454569,0.002193863233320838,2.250714285714334,NEUTRAL,0.37765417669079043,-1.0
0.0002607683130669151,-0.0006015217007653426,-0.0022146935346359312,,,2.0599999999999454,,0.27999999999974534,31.28562381254001,22.469922151453535,0.3431806155415379,0.0019418762464082867,2.0942857142857583,NEUTRAL,0.4692890603536571,-1.0
0.0002688927442333846,-0.0005816251202398447,-0.002194764876802336,,,2.1799999999998363,,0.2699999999999818,34.375000000000085,23.65282924358375,0.3586216763086564,0.00194217107854406,2.0278571428571985,NEUTRAL,0.48009937288305604,-1.0
8.442177870655596e-06,-0.0008527841039054755,-0.002466361023539843,,,1.069999999999709,,0.2300000000000182,35.1633078526754,24.9593953066482,0.2291326253250172,0.0019866202780537824,2.029285714285769,NEUTRAL,0.39025496374044005,1.0
-0.00012127303234923817,-0.0009921522991078676,-0.002605953908433548,,,1.1199999999998909,,0.36999999999989086,36.719883889695495,22.619707931650325,0.20247062228913315,0.0020692457735949285,2.022857142857187,NEUTRAL,0.38725812347285,1.0
-0.00043000842837850195,-0.0013332703180695756,-0.0029476218785679056,,,2.699999999999818,,0.25999999999976353,31.878306878306148,15.189999363223478,0.07382039482320377,0.002257537341132194,2.1050000000000506,NEUTRAL,0.32767566270994003,1.0
2.3491926387907373e-05,-0.0008602492733877253,-0.0024738382283837055,,,0.7199999999997999,,0.2699999999999818,44.56094364351268,21.87505396541115,0.3123720466479096,0.0022259330125899957,2.109285714285761,NEUTRAL,0.41221586354290946,1.0
0.0009094276987860484,0.00010183906447154331,-0.0015101988097248674,,,0.04999999999972715,,0.3000000000001819,51.51862464183444,46.191003913936235,0.8114208603531716,0.0019385056268118683,2.326428571428648,NEUTRAL,0.777919935157389,-1.0
0.0010349281865253623,0.0002756627080507598,-0.0013360949273095095,,,0.599999999999909,,0.2699999999999818,62.54092992796534,75.58411657559647,0.9181649618267974,0.0018133787025505443,2.279285714285769,NEUTRAL,0.9168962487141958,-1.0
0.0008980584219646632,0.00017137577491644807,-0.0014405499920521832,,,0.6100000000001273,,0.3700000000003456,62.99472295514581,92.58837961414257,0.8771342133355879,0.0018037380027242237,2.1914285714286246,NEUTRAL,0.6872450548094166,-1.0
0.0010838507742151407,0.00041219603646193133,-0.001199341479585104,,,0.15999999999985448,,0.36999999999989086,70.30423280423314,95.08194157632876,0.9717528395842261,0.0019576942794195364,2.2042857142857883,NEUTRAL,0.6668408051169284,-1.0
-0.00011541005195771761,-0.0008428307178233406,-0.002456391590588169,,,0.7100000000000364,,0.3400000000001455,46.196251378169364,73.39158651966426,0.32251519714176774,0.0019318039824354537,2.3821428571429157,NEUTRAL,0.42732005889773145,-1.0
-0.0003294602686402916,-0.0010792771330022917,-0.0026932192051645964,,,1.2999999999997272,,0.30999999999994543,43.949044585987686,50.00000000000093,0.24307069883592694,0.001989923605031941,2.3085714285714727,NEUTRAL,0.3321926441099311,-1.0
-0.0003404416399124549,-0.0011041727284257466,-0.002718154937318262,,,0.4899999999997817,,0.34999999999990905,43.972384492830464,24.876847290642843,0.26168428219326123,0.0019749286826331275,2.363571428571439,NEUTRAL,0.5579114772516292,-1.0
-0.0005727843539802992,-0.001370633128028631,-0.00298504492492612,,,1.669999999999618,,0.3200000000001637,43.48739495798298,17.687777446647114,0.15049269776462051,0.002089531677732737,2.425714285714321,NEUTRAL,0.20622230469733777,-1.0
-0.001127763020692076,-0.0019962514281162756,-0.0036116718481255306,,,4.129999999999654,,0.38999999999987267,36.80688336520057,11.82125868857664,-0.03262870637852931,0.002408730975034813,2.624285714285731,NEUTRAL,0.4566407855406794,1.0
-0.001018755379555507,-0.001926422603358605,-0.0035417304451927836,,,0.9099999999998545,,0.36000000000012733,37.04761904761864,8.084687554459604,0.047636105362957114,0.002632358577860115,2.652142857142865,NEUTRAL,0.540937341603919,1.0
-0.0003864480657290834,-0.0012834575750114564,-0.0028977288273028465,,,1.2399999999997817,,0.3900000000003274,46.36846767050507,16.251580145688514,0.31791843835532974,0.0026638198830665483,2.670000000000008,NEUTRAL,0.6905269364091325,1.0
-0.0008013595839101354,-0.0017518931146121232,-0.0033669195796451282,,,0.3799999999996544,,0.2699999999999818,43.104158089748914,19.792619701129972,0.15820491188327718,0.002799780206527561,2.704999999999992,NEUTRAL,0.6290339812217635,1.0
-0.0006587938819199972,-0.0016297586464295052,-0.0032445882060213893,,,0.4800000000000182,,0.36000000000012733,48.0695799745432,24.03171698688733,0.25869521924967004,0.0028572557261555406,2.609999999999965,NEUTRAL,0.6371257736334122,1.0
-4.7417915065465076e-05,-0.000994641369621166,-0.0026084469918314533,,,0.1299999999996544,,0.3799999999996544,48.99999999999994,27.41689539493886,0.4724803361092275,0.002855053171780325,2.6092857142856962,NEUTRAL,0.8641977086095655,1.0
0.0005531337468783064,-0.0003429278584155513,-0.0019556827867609696,,,0.13999999999987267,,0.38999999999987267,46.526867627784654,46.081122293382684,0.7116140450144759,0.0028991837068866,2.4599999999999715,NEUTRAL,0.7911006248239563,-1.0
0.0009008687061874509,5.713178564154479e-05,-0.0015549781657218634,,,2.699999999999818,,0.33999999999969077,48.22335025380676,66.11771881671292,0.801805867694788,0.0030081056358554443,2.5285714285714027,NEUTRAL,0.7908992394048466,-1.0
0.0007159117396696342,-0.00010682911316936913,-0.0017192034026314925,,,1.919999999999618,,0.36999999999989086,47.302904564314915,76.42573955474148,0.7206387906379618,0.003075075181430331,2.5499999999999545,NEUTRAL,0.7862988972765457,-1.0
0.0006192692206532884,-0.00018137457078826338,-0.0017938690425906747,,,1.7699999999999818,,0.38999999999987267,44.540353905913165,78.37968518580897,0.6927102221589636,0.003123897579808287,2.5685714285713663,NEUTRAL,0.7086536864967853,-1.0
0.0003748005903845769,-0.0004199947314270513,-0.002032873907143846,,,0.8399999999996908,,0.38999999999987267,54.806160382368546,75.31068400806559,0.6046506764770587,0.0030917095255074897,2.34785714285707,NEUTRAL,0.6439904366475558,-1.0
0.00023166617447960942,-0.0005592424129445977,-0.0021723460840602942,,,0.2699999999999818,,0.38999999999987267,55.483870967742,72.67572808527734,0.5537652518827284,0.0030932444109247254,2.390714285714239,NEUTRAL,0.7720932954126398,-1.0
-0.0002523960637030656,-0.0010742981625025585,-0.0026882322075583703,,,0.04000000000041837,,0.2800000000002001,50.024236548714896,62.6066189014002,0.4030205312036716,0.0030031578072778247,2.434999999999978,NEUTRAL,0.7350138017223941,-1.0
-0.0003680559756241256,-0.0012112379000567928,-0.002825392719639496,,,0.6300000000001091,,0.3700000000003456,51.420029895365516,51.45001705902562,0.37025845875486724,0.0028610710748703774,2.378571428571409,NEUTRAL,0.7805115548777473,1.0
-0.0007829443494179966,-0.0016771133743571447,-0.0032920192793389133,,,0.09000000000014552,,0.38999999999987267,53.08641975308601,35.99454111224907,0.23603620731631553,0.0027779133180203574,2.2771428571428323,NEUTRAL,0.6297226828740056,1.0
-0.0003433226111066986,-0.001233649787717732,-0.0028478407397918757,,,0.6300000000001091,,0.3599999999996726,56.71570953962972,31.82925110498609,0.42073216626148796,0.0024547765888244728,2.3978571428571223,NEUTRAL,0.789113948750545,1.0
0.000170939816003076,-0.0006910661061905603,-0.0023043823037359784,,,0.3000000000001819,,0.3200000000001637,55.533885909312545,37.792824119535126,0.632348348204869,0.0024688678161870464,2.502142857142839,NEUTRAL,0.7567047658880711,1.0
0.00011862910294264065,-0.0007408199235811976,-0.0023542163343334734,,,0.32999999999992724,,0.3799999999996544,61.4347357065798,49.28517682467998,0.6062412065032982,0.0024810011071648387,2.402142857142865,NEUTRAL,0.7860827938859596,1.0
0.00023814616767568736,-0.0006064959695360193,-0.002219675822932964,,,0.04999999999972715,,0.34999999999990905,60.75740944017568,58.615500376222904,0.6495373907145588,0.0025050899646883546,2.3650000000000415,NEUTRAL,0.7637669882389507,1.0
4.478696381639168e-05,-0.0008055072831284104,-0.0024190079829749618,,,0.15000000000009095,,0.3400000000001455,52.38959467634596,57.223476297968936,0.5670739208921495,0.0024837765193858195,2.3171428571428936,NEUTRAL,0.7788979670430061,1.0
-6.830698133963705e-05,-0.000927440810379385,-0.002541138091709674,,,0.4399999999995998,,0.32999999999992724,40.51603905160311,54.063205417607094,0.47865735731678866,0.0022891985965436653,2.166428571428599,NEUTRAL,0.4359446015602482,1.0
0.000132109336749759,-0.0007134547117842696,-0.0023268070042857317,,,0.3900000000003274,,0.2899999999999636,38.94058697208272,52.40782543265575,0.5598063425575773,0.0020785744142198877,2.031428571428608,NEUTRAL,0.6343788150378921,1.0
0.00016209316671737,-0.0006761409256668203,-0.002289433060805462,,,0.2800000000002001,,0.32999999999992724,41.72932330827147,53.875094055680144,0.5602609498771017,0.00204426945486859,2.0121428571428948,NEUTRAL,0.6850386269256566,1.0
0.00019117974439937033,-0.0006388299220975903,-0.002252061904359441,,,0.16000000000030923,,0.38999999999987267,42.727957799547,61.09275247647582,0.5527219341251387,0.0018248426116397965,1.9985714285714624,NEUTRAL,0.769571548716639,1.0
0.0005359548455670367,-0.0002584165525740931,-0.0018710352316181958,,,1.3299999999999272,,0.25,51.77151120752069,68.27293260947245,0.7373557320954678,0.0016935109450440515,2.070714285714335,NEUTRAL,0.607220435726593,1.0
0.0011222188626037724,0.0003997854567485952,-0.0012117720676606118,,,2.6299999999996544,,0.2300000000000182,61.970074812966295,80.94989382212192,1.030693515796067,0.0019290475614016972,2.147857142857187,NEUTRAL,0.8527856686041505,-1.0
0.0009029080165540377,0.0002135897735202507,-0.0013982679359528984,,,2.2799999999997453,,0.3700000000003456,69.46191474493426,88.78357763672652,0.935318384175319,0.0020841103494931247,2.0942857142857583,NEUTRAL,0.8035242848825117,-1.0
0.001047184908221497,0.0004022675973450067,-0.001209285925352019,,,2.6399999999998727,,0.38999999999987267,73.30960854092561,94.31227598566284,0.9456898741588705,0.0021967488287596426,2.087857142857177,NEUTRAL,0.6866540381035454,-1.0
0.000833777669766706,0.0002334539512080248,-0.0013783717331969487,,,2.0599999999999454,,0.3900000000003274,80.46875000000028,91.5111980865421,0.8556448349614073,0.002290925096036591,2.020714285714348,NEUTRAL,0.6989200020939509,-1.0
0.0010960999321083776,0.0005213958511787045,-0.0010899656127021644,,,2.869999999999891,,0.30999999999994543,78.777589134126,92.34520901068454,0.9023241371282051,0.0024457605460895177,1.8478571428572,NEUTRAL,0.5249639128582287,-1.0
0.0013029282409144493,0.0007570868291713566,-0.0008538946532294233,,,3.9899999999997817,,0.3000000000001819,76.78737233054778,89.77348329704064,0.9472298178434561,0.002693807764498433,1.7050000000000571,NEUTRAL,0.3780760929744328,-1.0
0.0010583074690613593,0.0005809493307909826,-0.0010303161208474142,,,0.22000000000025466,,0.3900000000003274,75.94123048668575,88.36989887743539,0.8712616111162522,0.002873650770318531,1.7442857142857844,NEUTRAL,0.5437457000930124,-1.0
0.0012378211496335643,0.0008463722648027914,-0.0007644652714347939,,,0.8800000000001091,,0.38000000000010914,76.20345140781157,84.9347711185862,0.8784930373975314,0.00300132344583663,1.8857142857143572,NEUTRAL,0.7389353900496082,-1.0
0.000856436022990532,0.0004965798065821653,-0.001114821665776907,,,0.419999999999618,,0.33999999999969077,72.38999137187314,78.91783982229389,0.745839161719853,0.0029552945535881205,1.8671428571428805,NEUTRAL,0.7305031128598772,-1.0
0.0006807337680170716,0.0003501400560223728,-0.001261497506804122,,,1.2199999999998,,0.27999999999974534,71.52600170503142,70.49631784144964,0.6617698898738243,0.002649249294710354,1.850000000000039,NEUTRAL,0.8886855991758098,-1.0
0.0006578923581513251,0.000355104818002532,-0.0012565247406244743,,,0.9899999999997817,,0.3400000000001455,69.69147005444796,62.454358240518296,0.664655879740249,0.0024683290540620808,1.8350000000000364,NEUTRAL,0.824279544756765,-1.0
0.0006565846837539665,3.7247832176189934e-05,-0.001231661650625276,,,1.0399999999999636,,0.38999999999987267,69.06934306569342,59.00437732360146,0.6416653555014575,0.0024128433187899697,1.8392857142857468,NEUTRAL,0.8486927972564857,-1.0
0.00046767013252022884,-0.000129147304919266,-0.0013982679359528984,,,1.4599999999995816,,0.2800000000002001,66.16341030195626,55.57138887698964,0.581306437762061,0.0023142519157751357,1.8442857142857585,NEUTRAL,0.7674743426551609,-1.0
0.0004985526332183043,-8.44386937830002e-05,-0.0013535025915228066,,,1.4599999999995816,,0.2899999999999636,61.00307062436179,47.174838432684204,0.5652027627411437,0.0022323693237712634,1.7335714285714598,NEUTRAL,0.7171340945167298,-1.0
0.0008233031348517434,0.0002979049832056743,-0.0009706737369448986,,,0.09999999999990905,,0.33999999999969077,54.37125748503057,44.82561176096019,0.6968886267924094,0.0021073203419524947,1.690714285714291,NEUTRAL,0.7311809546001973,-1.0
0.0004071920666183716,-0.00010182490090695054,-0.001370910860991621,,,1.4899999999997817,,0.32999999999992724,48.349307774228016,37.03002486135047,0.5056452406201034,0.0018257637029343583,1.7178571428571234,NEUTRAL,0.6838058825983246,-1.0
0.0003098685768166379,-0.00017634406465618778,-0.0014455245863366046,,,1.7199999999998,,0.3400000000001455,45.140388768897395,32.28758169934743,0.44263209402813314,0.001597411585942657,1.6742857142856857,NEUTRAL,0.7003507477823683,-1.0
-0.00012176961052718555,-0.000636124412019756,-0.0019058883750748745,,,0.13000000000010914,,0.3200000000001637,39.6208530805673,14.967320261439577,0.09529713907818478,0.001423954031846712,1.7142857142856818,NEUTRAL,0.3210450941208539,-1.0
-3.6321461793951155e-05,-0.0005441345279446759,-0.001813781759815586,,,0.21000000000003638,,0.330000000000382,37.303149606298255,9.398692810458444,0.08722096763865873,0.0012014361626102306,1.6728571428571155,NEUTRAL,0.3418744024792192,-1.0
0.000350799958161373,-0.00013411517513205716,-0.0014032421101781226,,,0.009999999999763531,,0.3700000000003456,39.391056137011134,13.49999999999909,0.35521178489094307,0.0010676677027378735,1.6742857142857182,NEUTRAL,0.7083104193155556,-1.0
0.00022281619287618155,-0.0002508743343135888,-0.001520149431682669,,,0.06999999999970896,,0.32999999999992724,39.20454545454353,22.333333333330703,0.28971451197236814,0.001087644390145339,1.6278571428571078,NEUTRAL,0.46676345173971073,-1.0
0.0005737650004018601,0.00013407921101832258,-0.0011347073969514767,,,0.5199999999999818,,0.38000000000010914,43.88111888111803,40.959183673465894,0.6327532417805867,0.0010961891988327068,1.5499999999999545,NEUTRAL,0.7136681902550222,-1.0
0.00041697359356732437,-1.7383271332926636e-05,-0.001286362078641879,,,0.010000000000218279,,0.32999999999992724,46.6976744186042,49.75201856443366,0.4980708088566524,0.0010941538064492924,1.4771428571428455,NEUTRAL,0.4948576742468851,-1.0
0.00023501475353491144,-0.00018131240375540665,-0.0014504992300432532,,,0.04999999999972715,,0.2699999999999818,47.900763358778185,56.417127598702514,0.38126770813856914,0.001099107017587903,1.5278571428571337,NEUTRAL,0.6802246662751124,-1.0
0.000358659639596914,-4.221756449344336e-05,-0.0013112278854463006,,,0.010000000000218279,,0.27999999999974534,48.68421052631472,53.66043613707031,0.47691698114284753,0.0010919763038508622,1.5085714285714207,NEUTRAL,0.673260694187589,-1.0
0.00020791956664421548,-0.00018876500495502264,-0.0014579612882714566,,,0.1000000000003638,,0.2699999999999818,46.54088050314434,48.36448598130449,0.372871259441147,0.0010245995127856685,1.4835714285714272,NEUTRAL,0.46732567166002587,-1.0
-0.00036844636422401735,-0.000805231019288211,-0.002075209571313871,,,1.2600000000002183,,0.38999999999987267,39.48170731707152,33.60529092553283,-0.08452221830081971,0.0011525109607523972,1.5478571428571481,NEUTRAL,0.4810131445866731,-1.0
-0.0006343946320266031,-0.0011137490832701508,-0.0023841191313751934,,,2.2400000000002365,,0.3100000000004002,35.922330097085165,17.057232964460297,-0.19084621974116542,0.0013275472162377702,1.6078571428571584,NEUTRAL,0.29005005106097986,-1.0
-0.00027266695237494515,-0.0007604619433530272,-0.0020303836853576467,,,0.8299999999999272,,0.3200000000001637,36.143745680719356,12.513403370840308,0.12143487870377344,0.001376561585057193,1.5671428571428936,NEUTRAL,0.2782601211303246,-1.0
-0.00027135256048535354,-0.0007679231778598778,-0.002037854387848378,,,0.8800000000001091,,0.30999999999994543,39.83244478293964,22.512411092568886,0.15534183560388085,0.0014421324054197915,1.488571428571504,NEUTRAL,0.2333658738199832,-1.0
-0.00034039102114046595,-0.0008574666706432785,-0.0021275115074512476,,,1.3099999999999454,,0.2699999999999818,39.2348087021759,28.857976841806273,0.12987250391536892,0.0015107415784715375,1.467857142857221,NEUTRAL,0.24093362236094162,-1.0
0.00018261657556654806,-0.00030553692525523964,-0.001574881387087996,,,0.20000000000027285,,0.3500000000003638,54.59183673469308,40.04474272930798,0.5123366675948974,0.0014800025739624594,1.503571428571474,NEUTRAL,0.6303753327583905,-1.0
6.0342274064377766e-05,-0.00043227773098904193,-0.0017017830214225687,,,0.0,,0.36999999999989086,51.343500363107864,47.65100671141155,0.4441470158301386,0.0014655115984023453,1.5028571428571726,NEUTRAL,0.6220711829186137,-1.0
2.347308411988571e-05,-0.000467074943168322,-0.0017366243897590792,,,0.17000000000007276,,0.3799999999996544,44.90777866880512,56.71140939597464,0.42734582853907704,0.001449751846340789,1.390714285714304,NEUTRAL,0.20817168458969537,-1.0
4.816087675606712e-05,-0.0004521615558331844,-0.001721692077980437,,,0.15000000000009095,,0.29999999999972715,46.33140972794766,53.24384787472248,0.45128463967369703,0.001333550654067908,1.3828571428571845,NEUTRAL,0.14423124874450438,-1.0
0.00020181812318814673,-0.00028317423412544437,-0.0015524903186703728,,,0.03000000000020009,,0.36000000000012733,42.79437609841862,56.82326621924076,0.6065486841487484,0.0013103749493788835,1.3342857142857352,NEUTRAL,0.16516295135145861,-1.0
0.00014761509699758648,-0.00033784035552721043,-0.0016072258090158162,,,0.14000000000032742,,0.3799999999996544,44.761029411763246,60.73825503355739,0.592049862177319,0.0012941237069374048,1.3428571428571558,NEUTRAL,0.16737942082186905,-1.0
4.4416590915279974e-05,-0.00044967603450330563,-0.0017192034026314925,,,0.0500000000001819,,0.38000000000010914,44.55626715461998,65.34080729848385,0.4733025416478555,0.0012794965305678097,1.2828571428571454,NEUTRAL,0.17890106135560127,-1.0
-4.1541515701884666e-05,-0.0005416485495993134,-0.0018112926268712252,,,0.03999999999996362,,0.3200000000001637,40.988106129918435,62.855610526942144,0.3983691898369423,0.0012808922828395838,1.2907142857142975,NEUTRAL,0.08753381692210398,-1.0
-0.00018547396892660287,-0.0006958025709904319,-0.001965642263048126,,,0.6900000000000546,,0.31999999999970896,40.287769784173214,57.141859826287494,0.2797813958039684,0.001286649452960122,1.3292857142857233,NEUTRAL,0.14257124965415846,-1.0
-0.00028842201258686,-0.0007977692284751515,-0.002067738311811002,,,0.6999999999998181,,0.38000000000010914,49.66740576496704,48.45653351214412,0.2463462550491168,0.0013119955789308573,1.1821428571428376,NEUTRAL,0.16113939963089394,-1.0
-0.00023085987149825044,-0.0007505138037381506,-0.0020204229219838686,,,0.6999999999998181,,0.3700000000003456,58.03108808290329,42.440611715453485,0.26430699366288424,0.0012138596184761799,1.0449999999999753,NEUTRAL,0.1768405829266188,-1.0
-0.0004642179257540474,-0.001006741438969029,-0.002276975699001674,,,1.5099999999997635,,0.3599999999996726,43.11797752808922,26.8456375838938,0.13296522186448073,0.0011938254407792088,1.0092857142856897,NEUTRAL,0.1207662306304447,-1.0
-0.0005236436773814287,-0.0010938389521021935,-0.002364183735111923,,,0.47000000000025466,,0.32999999999992724,41.4304993252356,16.795367811553458,0.10807434371670385,0.0012141099224010198,0.9878571428571051,NEUTRAL,0.05410705996048082,-1.0
-0.0012669678114968525,-0.0019132970412316893,-0.003184681681113888,,,3.7800000000002,,0.3100000000004002,28.826291079810446,3.811723371823982,-0.2891093854613737,0.0016355284454248767,1.2085714285714013,NEUTRAL,0.1905439618963847,1.0
-0.0012964151407124872,-0.0019855932519688025,-0.0032570696326155203,,,0.9800000000000182,,0.3700000000003456,10.507674144036528,4.602237205815343,-0.11646796047354326,0.001916158312073452,1.1142857142857079,NEUTRAL,0.34226973553115864,1.0
-0.0011291134378307796,-0.0018659362148364322,-0.0031372607558783528,,,0.569999999999709,,0.330000000000382,15.457788347207298,4.338496476365221,0.022312453715849292,0.0021454572003627766,1.1435714285714442,NEUTRAL,0.22160433345567854,1.0
-0.0006647761154501417,-0.001417476742190777,-0.0026882322075583703,,,1.3200000000001637,,0.38999999999987267,31.490621915103844,15.16875217596145,0.2535134946103239,0.002191647723717522,1.2442857142857195,NEUTRAL,0.12379425000824479,1.0
-0.0008061063518757367,-0.0016042860553963252,-0.002875278573702629,,,0.5399999999999636,,0.38000000000010914,29.10927456381981,22.279792746114595,0.1970642308198553,0.0022842373235593904,1.2942857142857065,NEUTRAL,0.0737378102293009,1.0
-0.000649592503504746,-0.0014672857451945487,-0.002738104416032649,,,1.1400000000003274,,0.38999999999987267,27.850467289722147,29.663212435233675,0.2816620177314728,0.0023303754006739562,1.3014285714285896,NEUTRAL,0.09796845998059472,1.0
-0.0006035997254509532,-0.0014548330299322344,-0.002725635898813263,,,1.080000000000382,,0.38000000000010914,27.981220657280005,29.631335726237847,0.2919384265265346,0.002375657597518681,1.3107142857143117,NEUTRAL,0.13169852653085554,1.0
-0.0006196310621762035,-0.0014872107337818223,-0.002758054688568658,,,1.2100000000000364,,0.3700000000003456,30.490196078431808,33.8246047376709,0.3253930168900801,0.0023255835654055553,1.3057142857143325,NEUTRAL,0.13506932614099793,1.0
-0.00035760030899721114,-0.001243184242391091,-0.0025137185381148173,,,0.7400000000002365,,0.36000000000012733,36.67296786389385,41.17198395970423,0.42304780521796503,0.0022629718192145984,1.3250000000000455,NEUTRAL,0.14525450388150457,-1.0
-0.0005010580936462254,-0.001417476742190777,-0.0026882322075583703,,,1.1600000000003092,,0.30999999999994543,36.36363636363714,44.13732916761263,0.3512649116486497,0.00221470337239155,1.3092857142857415,NEUTRAL,0.09892711931818818,1.0
-0.00032263978770180694,-0.0012506526765955755,-0.002521196449439288,,,0.7300000000000182,,0.38999999999987267,42.09115281501352,51.15672486625451,0.46032749013999974,0.002130684272666324,1.348571428571469,NEUTRAL,0.16985860323010674,-1.0
-0.0007982300175596123,-0.0017687359135482863,-0.003039937111611913,,,0.07999999999992724,,0.3799999999996544,35.4935945742279,40.31012465795392,0.2393863484592845,0.0020239881513534437,1.477142857142878,NEUTRAL,0.22841212100444339,1.0
-0.0004013480445848765,-0.0013726528754839675,-0.002643351461303401,,,1.3200000000001637,,0.3900000000003274,44.44444444444372,46.62591413163534,0.443812545967496,0.001827664108543118,1.4814285714285884,NEUTRAL,0.4439739458673381,1.0
-0.00043262651437375813,-0.0014249477767830545,-0.0026957127225704135,,,1.1700000000000728,,0.3900000000003274,44.79768786127136,47.96057282290139,0.4334359725024416,0.0016511634604056732,1.4678571428571558,NEUTRAL,0.4141333591886546,1.0
-0.00024305991807685876,-0.001243184242391091,-0.0025137185381148173,,,0.7800000000002001,,0.30999999999994543,63.71115173674639,70.06666492899024,0.5792968043997411,0.0014770257121439001,1.2642857142857338,NEUTRAL,0.21453731328334463,1.0
0.00027274361784820867,-0.0006908291191928097,-0.0019606625001552806,,,1.1899999999995998,,0.38999999999987267,69.90144048521668,81.50199989308702,0.9639550199984348,0.0014959108520995917,1.3721428571428922,NEUTRAL,0.2226894582088565,1.0
0.00016114896910695612,-0.0008002564797164308,-0.0020702287192665295,,,0.19000000000005457,,0.32999999999992724,66.09152288072123,89.23316122654516,0.8736471242878002,0.0014927586618648828,1.3571428571428896,NEUTRAL,0.04585414564872313,1.0
0.000712627820814905,-0.00020118625376291453,-0.0014703982991068505,,,2.630000000000109,,0.25,67.43515850144246,92.49130956522345,1.1461331199322542,0.0017560524242350396,1.4014285714285961,NEUTRAL,0.24092600731814823,-1.0
0.0008852608227648672,1.4899465854135579e-05,-0.0012540383760575968,,,1.0,,0.3200000000001637,73.43750000000293,89.79526427760352,1.1222610775122535,0.00213120904212001,1.4521428571428845,NEUTRAL,0.63829356122459,-1.0
0.0006341233652390395,-0.0002260296769513948,-0.0014952732475248464,,,0.09999999999990905,,0.3200000000001637,67.73296244784547,87.41299522708736,0.950917175619423,0.002344570336236566,1.4478571428571416,NEUTRAL,0.7729807727242972,-1.0
0.0008407383484981528,3.228161487539523e-05,-0.00123663416984103,,,0.75,,0.3200000000001637,69.40547762191174,83.35255670895852,0.9534767332195663,0.0024695364993264444,1.4492857142857116,NEUTRAL,0.8738111321699404,-1.0
0.0006732279119978394,-9.437359526136628e-05,-0.0013634500999614512,,,0.4499999999998181,,0.29999999999972715,67.76750330251096,81.23798539023426,0.8795658828864353,0.0025057676541491987,1.4942857142857195,NEUTRAL,0.8955568738104477,-1.0
0.00047836713774889394,-0.0002732355812341577,-0.001542539054058427,,,0.14000000000032742,,0.36999999999989086,63.43582887700566,80.3152633602449,0.7918531701330336,0.0024762976578166594,1.4892857142857403,NEUTRAL,0.7982764000912153,1.0
0.0003264810859150511,-0.0004198507418191349,-0.0016893402629408886,,,0.900000000000091,,0.3200000000001637,63.69127516778533,73.9715494040739,0.6953098864961316,0.0024835374220556748,1.501428571428635,NEUTRAL,0.7900355185943061,1.0
0.000374496072108629,-0.00034778029228440383,-0.0016171783591228393,,,0.4600000000000364,,0.29999999999972715,62.71536871123403,70.47289504036821,0.7165262915537656,0.002450101973975573,1.5200000000000469,NEUTRAL,0.787091929646232,1.0
0.0005719759474955377,-0.00014405106361839562,-0.00141319060687721,,,0.25,,0.38000000000010914,74.65753424657565,71.69696768536774,0.7608759552949873,0.002459758619054602,1.4128571428571897,NEUTRAL,0.4673300848952404,-1.0
9.132707430443901e-05,-0.0006460702775368594,-0.0019158468614651474,,,0.7399999999997817,,0.38999999999987267,60.42120551924401,65.44598129075654,0.5316336511702102,0.0023764525552269007,1.4914285714286117,NEUTRAL,0.7471026380076476,1.0
-9.538465134030173e-06,2.982181465739478e-05,-0.002022913094261754,,,0.3200000000001637,,0.38999999999987267,59.59885386819586,55.051460112561614,0.47289936908529795,0.0022878628826382345,1.5050000000000117,NEUTRAL,0.6619962246164485,1.0
0.00016546552855371103,0.00021368370835644248,-0.0018386737695794135,,,0.010000000000218279,,0.3900000000003274,60.00000000000065,43.79104908654389,0.5579382541536865,0.002236725819520891,1.529285714285704,NEUTRAL,0.7935877419366384,1.0
1.9257045844522604e-05,4.97020362923817e-05,-0.0020029920625847905,,,0.4699999999997999,,0.3000000000001819,48.92258579409427,31.443687127242658,0.4553878071512073,0.0021193837904089044,1.436428571428548,NEUTRAL,0.09572114887424694,1.0
9.53931654918638e-05,0.00013418416030533446,-0.001918336513994861,,,0.33999999999969077,,0.29999999999972715,52.78450363196131,23.82211125774316,0.48887835171215305,0.002044313034194802,1.4557142857142285,NEUTRAL,0.6951224319106585,1.0
0.00010108795156063374,0.00015654468605327351,-0.0018959300866462686,,,0.3799999999996544,,0.3000000000001819,41.04104104104185,16.101813626866658,0.44941422530451725,0.0017412423853806203,1.3457142857142312,NEUTRAL,0.26800555699906126,1.0
0.0002970832000510845,0.0003627112917489595,-0.0016893402629408886,,,0.580000000000382,,0.3900000000003274,40.92276830491567,29.20797236709889,0.565108011841113,0.0015607705679074452,1.3199999999999363,NEUTRAL,0.15949362539152426,1.0
0.0009641656627509634,0.0010997440550517068,-0.000950794521636143,,,1.8999999999996362,,0.30999999999994543,57.64006791171348,56.49336351792922,0.9772709497137925,0.001444738879598091,1.4321428571428376,NEUTRAL,0.06566666752211524,-1.0
0.0009105439035350045,0.0010947845061925715,-0.0009557642514379682,,,0.29999999999972715,,0.2300000000000182,56.151142355007124,78.53426951959229,0.9901672521428994,0.0013724080018180321,1.4371428571428169,NEUTRAL,0.05049023736021859,-1.0
0.0010470144030442076,0.001295606850335021,-0.0007545296599652429,,,0.9500000000002728,,0.38000000000010914,60.55508830950441,94.67223422629603,1.0279731956722196,0.0015415269382119852,1.4149999999999312,NEUTRAL,0.02741942667174774,-1.0
0.0013861159318799042,0.0017118699574264482,-0.0003374120495797551,,,2.4099999999998545,,0.2899999999999636,67.86833855799384,92.11083294097726,1.1111245525907867,0.0017860584371047824,1.514999999999905,NEUTRAL,0.016535337277182705,-1.0
0.001294976439556841,0.001667286937104528,-0.00038208658975312336,,,0.15999999999985448,,0.38999999999987267,71.68874172185353,91.1566430978982,1.0022199829053868,0.002026859192553184,1.5321428571427467,NEUTRAL,0.015414735514769275,-1.0
0.0010462177489109186,0.0014517461900968348,-0.0005980697979714898,,,0.6599999999998545,,0.38999999999987267,65.97110754414186,83.5281872425828,0.8642679497694253,0.0021493798427582463,1.5028571428570427,NEUTRAL,0.05261694422778948,-1.0
0.0014183695509398678,0.001895113880468885,-0.000153791964121796,,,1.2199999999998,,0.30999999999994543,68.89214966984571,85.56213017751327,0.9891818503450558,0.0024203090345158674,1.5721428571427754,NEUTRAL,0.061372740546224984,-1.0
0.0011310855595008781,0.0016400397976373683,-0.0004093896620426537,,,0.0,,0.34999999999990905,73.76276512176285,84.04657814649865,0.8293500661878316,0.002545520752845395,1.5457142857142117,NEUTRAL,0.06156255563154117,-1.0
0.0010961765401823272,0.0016400397976373683,-0.0004093896620426537,,,0.13999999999987267,,0.3900000000003274,76.54618473895684,86.3002952931577,0.810166420308737,0.002659997954645681,1.5399999999999636,NEUTRAL,0.0619555861140932,-1.0
0.0007237887449167315,0.001280733890303617,-0.0007694331511513969,,,0.900000000000091,,0.36000000000012733,66.56370656370783,75.75410462008487,0.6631690128048069,0.002678364171605451,1.656428571428543,NEUTRAL,0.2252942976379266,-1.0
0.0006534878208894751,0.0012286750415142782,-0.0008215988661439078,,,0.25999999999976353,,0.36000000000012733,70.59787059787365,70.82856051928293,0.6447413977512283,0.002659825946132938,1.6142857142856752,NEUTRAL,0.2348793248673363,-1.0
0.0006034234350051404,0.0012113208858527784,-0.0008389886463489372,,,0.5499999999997272,,0.3000000000001819,67.90736145575073,64.26116838488092,0.6041994843407906,0.0026389786494568183,1.6185714285714181,NEUTRAL,0.19710642492233604,-1.0
0.0006918993217612551,0.0013427016348198657,-0.0007073381994892047,,,0.07999999999992724,,0.2899999999999636,69.32907348242972,63.66759062517381,0.6348788056630122,0.002644261648940185,1.6400000000000026,NEUTRAL,0.09778563962994234,-1.0
0.0006561459050979431,0.001330308701112315,-0.0007197565733630727,,,0.2899999999999636,,0.3900000000003274,65.59048428207387,60.12578077408549,0.5973506093826623,0.0025247217852706993,1.576428571428583,NEUTRAL,0.2447486702282885,-1.0
0.0008687164931171137,0.0015929730534463844,-0.00045655302466382454,,,0.15000000000009095,,0.2600000000002183,61.5384615384642,59.812178815549025,0.7218491146367948,0.0023823155294751676,1.5042857142857105,NEUTRAL,0.027900853120304665,-1.0
0.0006777041326723925,0.0014195309591760268,-0.0006303511601935634,,,0.2800000000002001,,0.3400000000001455,55.72450805009089,51.55555555555954,0.6094328239280373,0.0022422522037094878,1.5585714285714403,NEUTRAL,0.10360210651687267,-1.0
0.0005582479726374938,0.0013154367746482391,-0.0007346590288601955,,,0.169999999999618,,0.24000000000023647,50.092421441774434,42.647058823535964,0.5355751398597589,0.001971059030607591,1.5642857142857207,NEUTRAL,0.18117655209971226,-1.0
0.00028682545061750034,0.0010501463501828491,-0.0010004940404814647,,,0.04999999999972715,,0.38999999999987267,38.15028901734163,24.3576340488863,0.3646976894442651,0.0016913504940715167,1.5342857142857156,NEUTRAL,0.15239085266163757,-1.0
0.0001411027741120184,0.0009038044206960964,-0.0011471363801142892,,,0.6300000000001091,,0.25999999999976353,35.86956521739059,13.92146547536442,0.1701520052190561,0.0013630641073605688,1.5107142857142921,NEUTRAL,0.05177815168200703,-1.0
-3.0477223151922108e-05,0.0007251595599373229,-0.0013261479623513412,,,0.8800000000001091,,0.36000000000012733,36.80297397769365,7.458234458695569,-0.013766757998932882,0.0011719485802651434,1.5300000000000051,NEUTRAL,0.23003743397220797,-1.0
-0.0004973700146107747,0.00022610437077137728,-0.0018262276100767783,,,2.0900000000001455,,0.38999999999987267,19.06507791017374,6.426744200663285,-0.20254689651596794,0.0015168318001922705,1.5542857142857298,NEUTRAL,0.6150787683348211,-1.0
-0.0007118508385852684,-1.491157436412081e-05,-0.002067738311811002,,,1.1100000000001273,,0.3700000000003456,19.2059095106181,5.7603185833545,-0.16722592369236836,0.0019350044899117329,1.5050000000000117,NEUTRAL,0.7290132170983941,-1.0
-0.0002241481261103931,0.0004819013741640253,-0.0015699055075862613,,,1.0099999999997635,,0.3000000000001819,32.22308288148885,14.321235521237194,0.1574388379962141,0.00204340607759158,1.6178571428571493,NEUTRAL,0.3031544685250591,-1.0
-4.5945715207232605e-05,0.0006680789873014328,-0.0013833457097656666,,,0.23999999999978172,,0.330000000000382,40.17929910350543,28.402491942785115,0.27469644141964056,0.0020427090069179104,1.5028571428571726,NEUTRAL,0.18496064985510588,-1.0
-0.0006390236830868886,2.236652774560082e-05,-0.0020303836853576467,,,0.7100000000000364,,0.3900000000003274,33.22102425876072,33.01409260701745,0.03701206343219101,0.0022104997787896906,1.7721428571429183,NEUTRAL,0.5131450613878846,-1.0
-0.0007449548957151649,-0.0001143334360677342,-0.002167364266327262,,,0.7200000000002547,,0.32999999999992724,32.64900662251671,25.90890129129811,0.05033200873195226,0.002409767922672758,1.7842857142857806,NEUTRAL,0.4946792649677926,-1.0
-0.0010093096505502102,-0.00042764155681423316,-0.002481315544770595,,,2.1900000000000546,,0.36000000000012733,27.70186335403892,11.874744181451064,-0.01641269390657738,0.002576741291430474,1.8128571428571831,NEUTRAL,0.5564781180483493,-1.0
-0.0010731230813557102,-0.0005395848926176513,-0.0025934886774201965,,,0.29999999999972715,,0.38999999999987267,27.719080174023162,8.695461146719987,0.037870028642809576,0.0027590766826083653,1.8471428571428987,NEUTRAL,0.7207322813055143,0.0
-0.0007537807989441901,-0.00023615216153808957,-0.002289433060805462,,,0.7699999999999818,,0.3200000000001637,25.87635436583767,11.564441329674807,0.1698192904808364,0.002772892663451211,1.836428571428574,NEUTRAL,0.432730835758772,-1.0
-0.0005327979208781436,-3.4794365301152045e-05,-0.002087661918064263,,,0.4600000000000364,,0.30999999999994543,31.43769968051147,20.80585425902866,0.2709377174506305,0.0027779510435914844,1.786428571428587,NEUTRAL,0.5172286405842337,-1.0
-0.0007376810232648642,-0.0002833959787602986,-0.0023367738599526905,,,0.15000000000009095,,0.3900000000003274,30.23970497848765,24.3074686652288,0.2073798043907358,0.0028139247390919987,1.782857142857178,NEUTRAL,0.6101084874040397,-1.0
-0.00045855936849365495,-9.941000164130477e-06,-0.0020627575340355447,,,0.2699999999999818,,0.330000000000382,37.43185947910381,31.431118961293787,0.3373758649260249,0.0027731306528579794,1.7400000000000415,NEUTRAL,0.6378301066005693,-1.0
-0.00043472868635176834,-4.970475376260465e-06,-0.002057776805773641,,,0.5,,0.29999999999972715,38.625000000000725,35.11455359422694,0.3361961572312203,0.002685858738210273,1.7007142857143143,NEUTRAL,0.5461288822091858,-1.0
-0.0003722571545202907,4.224704581309858e-05,-0.0020104623566396564,,,0.19000000000005457,,0.3700000000003456,41.15409004438843,45.22507911890617,0.38293717553754125,0.0025732279020235925,1.7292857142857494,NEUTRAL,0.7293050319727067,-1.0
-0.0004010292728342468,-2.4852315117957235e-06,-0.0020552864602101963,,,0.16000000000030923,,0.34999999999990905,47.34931009440806,48.01752366096417,0.4057893416466307,0.0022733029306252427,1.6364285714285935,NEUTRAL,0.5710998640795011,-1.0
-0.0003936913368278957,-4.970475376260465e-06,-0.002057776805773641,,,0.40000000000009095,,0.30999999999994543,50.660450660450955,49.840764331207936,0.3990939040846172,0.002005648361557634,1.605714285714287,NEUTRAL,0.4568261018659554,-1.0
-0.0005988666222116795,-0.00024858431234121674,-0.0023018907322796085,,,0.2199999999997999,,0.25999999999976353,37.686240140225955,44.692144373669585,0.31789832583763716,0.0017350669295306581,1.5085714285714533,NEUTRAL,0.26820472371696624,-1.0
-0.00019993726906007838,0.00015654468605327351,-0.0018959300866462686,,,0.2300000000000182,,0.3900000000003274,40.89775561097249,47.556625929092995,0.549996802363631,0.0014960901662319556,1.5385714285714585,NEUTRAL,0.41361146719886666,-1.0
-0.0004064648916911662,-8.450480186113015e-05,-0.002137474400015884,,,0.680000000000291,,0.34999999999990905,47.536231884057,55.675386375402006,0.4199409922294438,0.001297538325012109,1.3057142857143,NEUTRAL,0.12989431078895827,-1.0
-0.0007086399162071217,-0.00042764155681423316,-0.002481315544770595,,,0.07000000000016371,,0.38999999999987267,43.61702127659562,54.70754972183462,0.1495914770780301,0.0011773707192284577,1.3221428571428402,NEUTRAL,0.09848277210141396,-1.0
-0.0008125223637324778,-0.0005619765660745733,-0.0026159263164176683,,,0.44000000000005457,,0.3400000000001455,48.3300589390956,42.28723404254655,0.12153054392091511,0.0012313087623852695,1.267142857142874,NEUTRAL,0.05550244475955314,0.0
-0.0008185451712771399,-0.0006042746838748905,-0.0026583112636303866,,,0.6599999999998545,,0.38999999999987267,48.23529411764648,21.177574551030737,0.12490615439119714,0.0013159748980935222,1.2428571428571493,NEUTRAL,0.08578209938210729,-1.0
-0.0008553983179180469,-0.0006714613984303403,-0.002725635898813263,,,0.3799999999996544,,0.38999999999987267,40.69767441860638,12.439659157694942,0.0975671745292218,0.0012843972162712258,1.1700000000000077,NEUTRAL,0.07629489546084504,-1.0
-0.0006395153110108243,-0.00047739105786876536,-0.002531167171408213,,,0.23999999999978172,,0.2699999999999818,40.000000000000966,13.756953359007028,0.23811682161148717,0.0010365124013759746,1.1578571428571454,NEUTRAL,0.04133034258005498,-1.0
-0.0007305331505021318,-0.0006067629198227592,-0.002660804607419372,,,0.21000000000003638,,0.2899999999999636,42.212189616252715,16.21603513562724,0.14277933799230041,0.0010681839946491958,1.1678571428571363,NEUTRAL,0.04379340430432174,-1.0
-0.00091716819032295,-0.0008382229673093903,-0.002892739795195045,,,1.0599999999999454,,0.3900000000003274,29.349112426034765,14.457326958433379,0.029288684864386242,0.001179301232650397,1.201428571428583,NEUTRAL,0.08092789708469338,1.0
-0.0009013501239068868,-0.0008631175207882613,-0.002917685452116881,,,1.1799999999998363,,0.36999999999989086,29.73621103117476,7.521975894006514,0.06078722098746349,0.001283995810252082,1.2085714285714337,NEUTRAL,0.11337539073750953,1.0
-0.0007269085160112762,-0.0007237239701856338,-0.0027780057549734445,,,0.5199999999999818,,0.38000000000010914,32.566168009204944,11.278218753761792,0.2055208641836131,0.0013228747822384892,1.2049999999999923,NEUTRAL,0.07590176125672261,-1.0
-0.0005064229276713786,-0.0005221698394701627,-0.0025760378747190548,,,0.2300000000000182,,0.330000000000382,37.725823591924176,25.06180358997628,0.3583003593726346,0.0013325070290400333,1.2221428571428337,NEUTRAL,0.04109489100875113,-1.0
-0.0006407335345813848,-0.0006814157531385503,-0.0027356106877822655,,,0.32999999999992724,,0.38999999999987267,36.48509763617687,33.46828609985878,0.277295889274793,0.001329559818088662,1.2349999999999974,NEUTRAL,0.07099447287433504,-1.0
-0.0005809220689977041,-0.0006440879441160814,-0.0026982062523780046,,,0.25999999999976353,,0.29999999999972715,40.04424778761258,35.222672064772524,0.3067444783175097,0.0013501518159582235,1.2114285714285415,NEUTRAL,0.04253041613183182,-1.0
-0.0006018442448053539,-0.0006938589750286418,-0.0027480794530700607,,,0.4899999999997817,,0.27000000000043656,28.29949238578665,30.555369670199493,0.28672007751946776,0.0013213546214532164,1.1378571428570987,NEUTRAL,0.036512212746046435,-1.0
-0.0005402475047458706,-0.0006440879441160814,-0.0026982062523780046,,,0.5099999999997635,,0.38999999999987267,31.90271816881385,31.859390007268942,0.3041445030602465,0.0012923331414876208,1.1435714285713792,NEUTRAL,0.08277852724261331,-1.0
-0.0007367261263464482,-0.00088303405526554,-0.0029376428711789986,,,1.2999999999997272,,0.30999999999994543,35.396825396827225,30.244805411279795,0.18144723637917373,0.0012625423417255816,1.1685714285714053,NEUTRAL,0.06507591861500588,1.0
-0.0005364843925229129,1.492177260709367e-05,1.492177260709367e-05,,,0.5399999999999636,,0.36000000000012733,44.6935724962625,38.20084805111643,0.34947434240608205,0.0011621260557753076,1.1742857142856857,NEUTRAL,0.04913359682255176,-1.0
-0.00048577033763743933,4.725075228172753e-05,4.725075228172753e-05,,,0.33999999999969077,,0.36000000000012733,47.82608695652204,46.034638796942325,0.4122386004055128,0.001052614146326846,1.2199999999999622,NEUTRAL,0.05275881404440508,-1.0
-0.00023436649222394732,0.00030332187174463644,0.00030332187174463644,,,0.13000000000010914,,0.38999999999987267,57.54716981131995,66.30573838880422,0.684838131044645,0.0010069745181203722,1.298571428571417,NEUTRAL,0.02816331968781129,-1.0
-0.0005300944415477342,-2.7357739753201498e-05,-2.7357739753201498e-05,,,0.6499999999996362,,0.29999999999972715,43.672456575682446,64.53632458824448,0.3452638335143544,0.0007432886136548534,1.3392857142857142,NEUTRAL,0.06462159697415909,-1.0
-0.0002783732246924541,0.0002188080431847782,0.0002188080431847782,,,0.24000000000023647,,0.3200000000001637,52.688172043012564,69.55223880597438,0.7345126532162805,0.0005477107107006477,1.3314285714285623,NEUTRAL,0.04062801008853232,-1.0
0.000140611840721855,0.0006586207239360394,0.0006586207239360394,,,0.599999999999909,,0.38000000000010914,66.84434968017285,70.54347711758743,1.2686101462443191,0.0007436646862022538,1.3649999999999767,NEUTRAL,0.1033772271289066,-1.0
-8.643894655849485e-05,0.0004151564418855741,0.0004151564418855741,,,0.009999999999763531,,0.32999999999992724,61.290322580644876,78.52976134128643,0.8994555997957117,0.0007971584411240698,1.4014285714285637,NEUTRAL,0.02296326402296456,-1.0
-4.47323392741429e-05,0.0004549138149619233,0.0004549138149619233,,,0.0500000000001819,,0.3200000000001637,59.21730175077217,78.64693446088661,0.8927604991128886,0.0008575859522293005,1.3235714285714104,NEUTRAL,0.023185815272296025,-1.0
-0.00019019786236691518,0.0002983508655905166,0.0002983508655905166,,,0.01999999999998181,,0.31999999999970896,53.82131324004327,70.47216349541583,0.7697029297378943,0.000883742574275311,1.2914285714285663,NEUTRAL,0.027829255743894686,-1.0
2.272217036665937e-05,0.000517028379389441,0.000517028379389441,,,0.24000000000023647,,0.36000000000012733,60.106951871659106,73.50246652572089,0.8983352905945415,0.0009482478970767317,1.3121428571428493,NEUTRAL,0.041350101236517535,-1.0
-9.595225472820208e-05,0.00038782141321127206,0.00038782141321127206,,,0.09999999999990905,,0.25,56.517311608959595,71.74066243833543,0.7350853179719388,0.0009704805229785634,1.307857142857139,NEUTRAL,0.029349018158923636,-1.0
0.0001261527702159893,0.0006064597909702249,0.0006064597909702249,,,0.6100000000001273,,0.3200000000001637,61.523809523808865,78.71740662438357,0.9127184897503452,0.0010109464317692904,1.317142857142861,NEUTRAL,0.059978785509264346,-1.0
1.6280806415116993e-06,0.0004772759475294936,0.0004772759475294936,,,0.0500000000001819,,0.3000000000001819,58.51449275362301,77.37843551797023,0.7509239169990493,0.0009814965246534829,1.2699999999999818,NEUTRAL,0.038786740089288084,-1.0
2.292563530637173e-05,0.0005021215879968038,0.0005021215879968038,,,0.13000000000010914,,0.3000000000001819,63.310745401741414,79.32350135740178,0.7452924485304154,0.0009852530656670481,1.145714285714283,NEUTRAL,0.09475128369292543,-1.0
0.0002588810361236737,0.000767892644135225,0.000767892644135225,,,1.2300000000000182,,0.25,64.4798500468597,81.05398448323156,0.9482746852759744,0.001084870297284367,1.164999999999996,NEUTRAL,0.30660645297630523,-1.0
0.00024357176929804914,0.000757959820674207,0.000757959820674207,,,0.6299999999996544,,0.38999999999987267,63.25757575757339,85.62339164605015,0.8774306734578504,0.0011372802849497926,1.1114285714285674,NEUTRAL,0.24529653205468696,-1.0
6.814574989908957e-05,0.000581619337600235,0.000581619337600235,,,0.0,,0.38999999999987267,55.39070227497569,84.81538228728895,0.7168750937979644,0.0011371789942211375,1.067142857142861,NEUTRAL,0.0641073603761859,-1.0
-3.254299298283665e-05,0.00047479131554489367,0.00047479131554489367,,,0.010000000000218279,,0.38999999999987267,60.73752711496673,72.80446855223902,0.5908056182930835,0.0010978643026305997,1.027142857142865,NEUTRAL,0.029435729002608938,-1.0
0.0002068280395755443,0.0007331268980531809,0.0007331268980531809,,,0.569999999999709,,0.38999999999987267,61.489361702126224,70.9602460525856,0.8023203718265287,0.0010899676819049295,1.0228571428571545,NEUTRAL,0.06855151096992369,-1.0
0.0003962576233737786,0.0009516142657662178,0.0009516142657662178,,,0.9600000000000364,,0.3900000000003274,57.46180963572198,77.04638837468272,0.9860962974623009,0.001054489939481461,0.9471428571428727,NEUTRAL,0.06716429659981314,-1.0
0.00031823768843200164,0.0008796233025630742,0.0008796233025630742,,,0.03000000000020009,,0.3900000000003274,61.58690176322436,84.39173255652422,0.8613197845667088,0.00102265775793002,0.9178571428571688,NEUTRAL,0.11482936076557365,-1.0
0.00033417682523375724,0.0009143788559829178,0.0009143788559829178,,,0.19000000000005457,,0.38999999999987267,61.683417085427216,84.17602996254607,0.8693888902313246,0.0009911909635765632,0.905714285714339,NEUTRAL,0.1525682727982824,-1.0
0.00011687434315283816,0.0006834573497760746,0.0006834573497760746,,,0.16000000000030923,,0.3900000000003274,57.69682726204372,73.68913857677488,0.6318990721081005,0.0009752116488079397,0.9264285714286545,NEUTRAL,0.05652286943798844,-1.0
0.00013804717720034096,0.0007207099738804991,0.0007207099738804991,,,0.15000000000009095,,0.36000000000012733,56.097560975609206,66.95123089021028,0.7033741950222391,0.0008151601266612237,0.8621428571429662,NEUTRAL,0.06855524663664168,-1.0
0.0003146656019826582,0.0009168613029866458,0.0009168613029866458,,,0.2300000000000182,,0.2800000000002001,62.99879081015777,65.68545200270843,0.8674208100857994,0.0007647226331947174,0.8742857142858286,NEUTRAL,0.18852281068133342,-1.0
0.00022469522171591244,0.0008374168795412709,0.0008374168795412709,,,0.02999999999974534,,0.38999999999987267,56.43044619422631,68.42908878326791,0.7614975291525795,0.0007888660371566439,0.8935714285715416,NEUTRAL,0.11270828926515326,-1.0
0.00011134223214537651,0.0007356102458578523,0.0007356102458578523,,,0.0,,0.36000000000012733,56.87830687830711,64.36633912824703,0.5870510847440024,0.0007594397021619046,0.8971428571430157,NEUTRAL,0.072940214727251,-1.0
1.3221805310643448e-05,0.0006312990095564662,0.0006312990095564662,,,0.15999999999985448,,0.38000000000010914,53.417721518987264,47.61904761905469,0.43555448624048754,0.0007327281441560908,0.9378571428572806,NEUTRAL,0.06339249168021956,-1.0
-0.0002488269663853063,0.0003604848894679424,0.0003604848894679424,,,0.01999999999998181,,0.31999999999970896,39.74522292993538,26.238523381384734,0.07940822599033136,0.0007327281441556387,0.9350000000001403,NEUTRAL,0.034839125810715486,-1.0
-0.0005995690846104632,-2.4870610648080625e-05,-2.4870610648080625e-05,,,1.5799999999999272,,0.38999999999987267,33.4405144694541,11.107107178538604,-0.20158849933937706,0.0009566553440058043,0.9914285714287416,NEUTRAL,0.057459944058262054,-1.0
-0.0005215161508844995,2.9843099902349795e-05,2.9843099902349795e-05,,,0.0500000000001819,,0.38999999999987267,37.44394618833894,5.9639665889673985,-0.05292870794810786,0.001082852142809627,0.965000000000178,NEUTRAL,0.08379950130236849,-1.0
-0.0007341957669498655,-0.00021641575705711656,-0.00021641575705711656,,,0.7600000000002183,,0.38999999999987267,36.58269441401771,7.634740259741036,-0.07326318848011298,0.0012861992688341618,1.0107142857144222,NEUTRAL,0.0979330865797772,-1.0
-0.0004973564801260789,7.460941968843129e-06,7.460941968843129e-06,,,0.14000000000032742,,0.32999999999992724,33.294930875575204,13.795634920632708,0.09584694151858403,0.001385617550420135,1.0100000000001532,NEUTRAL,0.06829527641635898,-1.0
-0.0003689574087117989,0.00012184811259766163,0.00012184811259766163,,,0.25,,0.31999999999970896,28.518518518518164,18.15873015872808,0.19305859692078814,0.0014455037409504086,0.9700000000001572,NEUTRAL,0.03145650946570041,-1.0
-0.000567311893434882,-0.00011192749088408245,-0.00011192749088408245,,,0.5900000000001455,,0.38000000000010914,27.049180327868328,19.266368095541115,0.1049490376601159,0.0015415880155021265,0.9914285714287091,NEUTRAL,0.04413986897552918,-1.0
-0.0005229699557374464,-8.705254989352455e-05,-8.705254989352455e-05,,,0.13000000000010914,,0.32999999999992724,25.473933649290018,16.053620936538234,0.14152872954856358,0.0016202630419765959,0.9842857142858585,NEUTRAL,0.05789216390282206,-1.0
-0.00044292350427290497,-1.989638955139293e-05,-1.989638955139293e-05,,,0.1799999999998363,,0.36000000000012733,31.257941550191504,12.348048624439045,0.21819836331729736,0.0016760919583693479,0.9478571428572715,NEUTRAL,0.06201710130002926,-1.0
-0.0005310398017948324,-0.00014426676417108228,-0.00014426676417108228,,,0.21000000000003638,,0.38999999999987267,27.044025157230294,11.452335252718818,0.1920670784383839,0.0017510729763733901,0.9542857142858209,NEUTRAL,0.038972397955104286,-1.0
-0.00045753000109514453,-9.202743910019322e-05,-9.202743910019322e-05,,,0.3000000000001819,,0.38999999999987267,20.726783310901723,10.364683301342799,0.21128505683440452,0.0017910768268703727,0.9342857142858065,NEUTRAL,0.041607220816032284,-1.0
-0.0006275339358205051,-0.0002910636011284493,-0.0002910636011284493,,,0.830000000000382,,0.3500000000003638,19.99999999999882,5.05438259756851,0.1714275145503812,0.0017827549910211656,0.9321428571429351,NEUTRAL,0.08673141864296668,-1.0
-0.0003767125199372784,-4.9742458421477325e-05,-4.9742458421477325e-05,,,0.1499999999996362,,0.34999999999990905,30.806845965768858,9.714493192840857,0.32788696508960663,0.001720543046780703,0.9578571428572299,NEUTRAL,0.04493792873195488,-1.0
-0.00024649763588398385,7.709103207482939e-05,7.709103207482939e-05,,,0.10999999999967258,,0.3900000000003274,36.40776699029022,19.921927581099965,0.41619831458879614,0.0016081713720681693,0.9464285714286363,NEUTRAL,0.05046938582251644,-1.0
-0.00033586366180492737,-2.984488122978093e-05,-2.984488122978093e-05,,,0.25,,0.38999999999987267,39.73509933774977,33.70638873398513,0.3783735123473666,0.0015517253187471783,0.905714285714339,NEUTRAL,0.05529978714545416,-1.0
-0.00046797542975398303,-0.0001790960128749636,-0.0001790960128749636,,,0.0500000000001819,,0.2300000000000182,47.61904761904624,39.843744415473765,0.3460417837478674,0.0014609178012069065,0.8278571428571857,NEUTRAL,0.048416932956883624,-1.0
-0.0004894383971905118,-0.00020895158542007746,-0.00020895158542007746,,,0.17000000000007276,,0.38999999999987267,42.50764525993918,36.30639679760399,0.27967821154603967,0.0012827933382025683,0.8507142857143078,NEUTRAL,0.03577679082467732,-1.0
-0.0003007495908687654,-2.4870610648080625e-05,-2.4870610648080625e-05,,,0.169999999999618,,0.32999999999992724,53.14900153609708,41.87677435439197,0.43470918681655885,0.0010493824054723883,0.7964285714286105,NEUTRAL,0.044041908571659474,-1.0
-0.0005730011223195727,-0.00032839170164113975,-0.00032839170164113975,,,0.6300000000001091,,0.38999999999987267,40.398293029872896,30.107526881712996,0.1516236913713406,0.0008584672478853031,0.8192857142857325,NEUTRAL,0.04115878456360411,-1.0
-0.0007229396414055013,-0.0005076053716591887,-0.0005076053716591887,,,1.0599999999999454,,0.36999999999989086,33.37874659400438,21.198156682021633,-0.0838105555610945,0.0007138126946714809,0.8407142857142844,NEUTRAL,0.0693352984162408,-1.0
-0.0010370392973941007,-0.0008786821261617634,-0.0008786821261617634,,,1.7999999999997272,,0.38000000000010914,30.62499999999946,1.9283519859557885,-0.31443904375852266,0.0008936232629832929,0.8928571428571429,NEUTRAL,0.07466334764853406,-1.0
-0.001121279160222441,-0.0010182183916629798,-0.0010182183916629798,,,0.7300000000000182,,0.38999999999987267,28.688524590163453,2.033537841026936,-0.20111391727756603,0.0011796780659264678,0.9392857142857208,NEUTRAL,0.07959026374239549,-1.0
-0.0012834115720935513,-0.0012325819978286183,-0.0012325819978286183,,,1.0599999999999454,,0.32999999999992724,23.49066959385236,3.0527224933055597,-0.1621125344426773,0.0014836908681238165,0.9849999999999974,NEUTRAL,0.135377331949232,-1.0
-0.0009622499081360991,-0.0009459536831203843,-0.0009459536831203843,,,0.05999999999994543,,0.36999999999989086,33.13008130081165,10.701501429338407,0.0872688502415782,0.0016060325730056207,1.0492857142856857,NEUTRAL,0.03986444553885422,-1.0
-0.0009989537349548816,-0.001025694646720364,-0.001025694646720364,,,0.17000000000007276,,0.38999999999987267,32.665330661321704,15.107913669064787,0.10674888210854379,0.001700226356336561,1.074999999999948,NEUTRAL,0.03419141304243405,-1.0
-0.0009570162284488373,-0.0010306788788005967,-0.0010306788788005967,,,0.30999999999994543,,0.3000000000001819,33.99374348279481,19.604316546762675,0.13189816995661932,0.0017532968881145382,1.0464285714285129,NEUTRAL,0.04238864589631457,-1.0
-0.0007003441119156912,-0.0007939826568302557,-0.0007939826568302557,,,0.1299999999996544,,0.3400000000001455,34.06249999999862,23.32134292565894,0.29365463755865284,0.0017628748038867653,1.073571428571313,NEUTRAL,0.04028404099791213,-1.0
-0.0007152463097753158,-0.0008413129460140071,-0.0008413129460140071,,,0.0,,0.31999999999970896,30.162162162161295,27.637889688250436,0.2964796108052364,0.0017684592083577347,1.069999999999904,NEUTRAL,0.03799481295392829,-1.0
-0.001458263337306589,-0.0016740612676529511,-0.0016740612676529511,,,2.7600000000002183,,0.38999999999987267,22.868852459013567,23.171419945588216,-0.04895459098959455,0.002008108254216231,1.2678571428570453,NEUTRAL,0.1219212874128234,-1.0
-0.001900912390059359,-0.0022158413966031757,-0.0022158413966031757,,,2.4200000000000728,,0.38999999999987267,19.928571428569214,11.720580617051807,-0.12662813210628993,0.0024373095298116714,1.4021428571427674,NEUTRAL,0.19306772647307,-1.0
-0.0017425140507771242,-0.0021184275784378965,-0.0021184275784378965,,,0.34999999999990905,,0.3900000000003274,21.98838896952033,2.5926679526949825,-0.004077724464335215,0.0027158887165049657,1.3828571428570544,NEUTRAL,0.3246852813144513,-1.0
-0.0015642536452325907,-0.0020035535664000986,-0.0020035535664000986,,,0.1999999999998181,,0.3900000000003274,21.245421245419863,5.108416023520459,0.10295874325578255,0.002888824537656224,1.4057142857141767,NEUTRAL,0.23252636509884486,-1.0
-0.00138298761848321,9.966661517215818e-06,-0.0018762240306175206,,,0.650000000000091,,0.38999999999987267,25.848765432098887,10.995646537616972,0.17771503370179625,0.0029266364665018695,1.3742857142856013,NEUTRAL,0.07866736478733156,-1.0
-0.0012898828741294604,4.484841236616145e-05,-0.001841276485479049,,,0.6199999999998909,,0.38000000000010914,27.25793327908802,15.816565236704784,0.20408427820481465,0.002881084556646634,1.3942857142856155,NEUTRAL,0.07913930110383738,-1.0
-0.0012243149630400895,5.730559078327229e-05,-0.0018287958102137724,,,0.8699999999998909,,0.38999999999987267,32.60869565217318,21.317481578675256,0.2496057776043106,0.002794637725140272,1.3699999999999233,NEUTRAL,0.09822809030905245,-1.0
-0.0013985884212837398,-0.00018441907989837924,-0.002070976424263556,,,0.04999999999972715,,0.3400000000001455,31.971580817050082,19.963142164632604,0.2041373733602046,0.002728124676328329,1.3799999999999142,NEUTRAL,0.10449959955244954,-1.0
-0.0017441409597445435,-0.000630795275767289,-0.002518194579149825,,,2.099999999999909,,0.38999999999987267,28.526148969888595,14.888995880810043,0.05685274420215337,0.0028118090931612775,1.4735714285713388,NEUTRAL,0.30607532088111616,-1.0
-0.001915573975585129,-0.0008953176631959961,-0.0027832159112163735,,,1.1399999999998727,,0.38999999999987267,20.344544708777747,5.823213680699805,0.042663295680864334,0.00280309109734351,1.432857142857074,NEUTRAL,0.35294633482093607,-1.0
-0.0017612908969049667,-0.0007979771279806373,-0.002685691771359599,,,0.7399999999997817,,0.3900000000003274,23.30097087378705,3.3129763023288454,0.11551071316419467,0.002771249736512854,1.4842857142856636,NEUTRAL,0.5312289601360538,-1.0
-0.0017159277855612078,-0.0008204386478971493,-0.0027081956584081674,,,0.9600000000000364,,0.3599999999996726,23.151125401929193,3.1553398058242963,0.131733769107527,0.0027411047198102364,1.4835714285713624,NEUTRAL,0.5061537042715737,-1.0
-0.0014700547992886803,-0.0006407747140823742,-0.002528192840776178,,,0.25999999999976353,,0.38999999999987267,21.316872427986723,7.119741100322858,0.22363387592891915,0.002719398853471684,1.5142857142856687,NEUTRAL,0.6005897609556852,-1.0
-0.0011965612679931538,-0.00041129798164865454,-0.002298283267151699,,,0.6000000000003638,,0.32999999999992724,26.785714285716878,12.930207855439287,0.32247925626061236,0.002658359172287654,1.5664285714285273,NEUTRAL,0.318194283430932,-1.0
-0.0011450455483384392,-0.00041379172815386804,-0.0023007817173852398,,,0.7100000000000364,,0.3500000000003638,36.77685950413353,25.3110352848103,0.3506075731403347,0.0026203146465274356,1.3742857142856661,NEUTRAL,0.18693344482687832,-1.0
-0.0010445989888116917,-0.0003539452431753556,-0.0022408223493987373,,,0.6100000000001273,,0.31999999999970896,49.30291508238202,37.1799673236427,0.40044574797607957,0.002474286735685357,1.2757142857142298,NEUTRAL,0.11169195296803644,-1.0
-0.0012092396954760298,-0.0005709228256940112,-0.0024582091970929486,,,0.13000000000010914,,0.30999999999994543,42.64018691588692,38.86073573573114,0.3280434499770514,0.002336202520278887,1.3021428571427935,NEUTRAL,0.08464217450449218,-1.0
-0.0012971080696143776,-0.0007131315952205539,-0.002600686202150325,,,0.4699999999997999,,0.2300000000000182,36.00464576074511,30.694444444440624,0.28327682330332243,0.002187847162378261,1.282857142857113,NEUTRAL,0.036808580849821304,-1.0
-0.0015228199603081543,-0.001017644153783972,-0.0029057731351919396,,,1.5099999999997635,,0.38999999999987267,28.311965811966402,21.249570668040047,0.14991416466669044,0.001910601379809365,1.4114285714285546,NEUTRAL,0.07102135119162707,-1.0
-0.0017790519033211102,-0.0013498239739716785,-0.003238579516109318,,,1.599999999999909,,0.3900000000003274,25.678294573643882,13.023677657565417,-0.005063483555207348,0.0015850939106198943,1.4457142857142375,NEUTRAL,0.25133978438550975,1.0
-0.0016899633398196326,-0.0013298370014046689,-0.0032185548439249492,,,1.8599999999996726,,0.38999999999987267,23.23330106486067,9.735442636235737,0.016355881611394178,0.0016299057973212863,1.3885714285713675,NEUTRAL,0.16422900775539093,1.0
-0.0015626276954266284,-0.0012623868592014393,-0.003150977476623303,,,1.6299999999996544,,0.32999999999992724,27.002053388092065,7.39556607525918,0.1072377380837213,0.0017392745748349653,1.3814285714284844,NEUTRAL,0.07367650516373245,1.0
-0.0017456887382213343,-0.0015272433257970228,-0.0034163335180000236,,,2.7100000000000364,,0.3900000000003274,30.65268065268056,10.208331766850796,0.03358326886510762,0.0019041233042700573,1.3399999999999181,NEUTRAL,0.11056454008032461,1.0
-0.0018126898579788467,-0.0016747241447301188,-0.003564092516653583,,,1.0599999999999454,,0.3599999999996726,31.309523809524777,14.718687631651656,0.0397358443234456,0.00203753524775732,1.4307142857142026,NEUTRAL,0.08214868292910664,1.0
-0.001212987691547382,-0.0011050385266818889,-0.002993332352185507,,,0.8899999999998727,,0.3400000000001455,44.14327202323308,28.577647214772696,0.3440213596137998,0.0019408233453635376,1.492142857142783,NEUTRAL,0.21818558908502822,1.0
-0.0009278177794363122,-0.000840405289815222,-0.0027281999615957364,,,0.12000000000034561,,0.3900000000003274,50.08992805755592,47.29927007299236,0.49459591505077627,0.0017996695158874203,1.5464285714285129,NEUTRAL,0.4393084619358819,1.0
-0.0007257279789766089,-0.0006657241807478732,-0.002553189367362506,,,0.15000000000009095,,0.27999999999974534,49.77375565610776,66.61800486617899,0.6142175080022744,0.0016091663425222258,1.5528571428570948,NEUTRAL,0.44738093566738496,1.0
-0.0005070814144209019,-0.00046865729684456757,-0.002355750774032352,,,0.7800000000002001,,0.3000000000001819,48.847926267281046,77.81021897810217,0.7434360064403871,0.0015049113301558413,1.5392857142856624,NEUTRAL,0.4623187012541451,1.0
-0.0002824249055525541,-0.00024673819582046345,-0.0021334130870935848,,,2.019999999999982,,0.36999999999989086,53.672787979967204,87.73159872221284,0.9020664604413045,0.0016169852869091699,1.5799999999999597,NEUTRAL,0.6436381803348067,1.0
-0.0004340512851849319,-0.00042376683850003314,-0.002310775642879217,,,0.0,,0.30999999999994543,48.72204472843562,90.64170680437617,0.7466549140929936,0.0016621294802759443,1.5678571428570973,NEUTRAL,0.2155293292480472,1.0
-0.00010944520165978134,-9.220103813393711e-05,-0.0019785844399534645,,,1.2999999999997272,,0.3100000000004002,57.31990704879922,93.69831833531924,0.8914855893456803,0.0017873506086170184,1.6085714285713948,NEUTRAL,0.387134256402954,1.0
0.0003605988180994758,0.0004159391881963115,-0.001469485754705377,,,2.0300000000002,,0.38999999999987267,65.76011157601144,92.25103007633652,1.0481271580566245,0.0020860086998482964,1.7385714285714065,NEUTRAL,0.5248634077285683,-1.0
0.000440318883120605,0.0005180030980569722,-0.0013672293309292133,,,0.7399999999997817,,0.34999999999990905,73.270893371757,96.78617746862682,1.0268076587715018,0.00240102221084712,1.5949999999999622,NEUTRAL,0.38764289575417027,-1.0
0.0005233319301795711,0.0006225347623411291,-0.0012625004980277373,,,0.849999999999909,,0.38999999999987267,79.07692307692389,97.55663851497803,0.9654634454032807,0.002661068916332723,1.531428571428543,NEUTRAL,0.4023952186851694,-1.0
0.0008370658495142451,0.0009807631033933544,-0.0009035964632785502,,,1.9600000000000364,,0.38999999999987267,82.23826714801406,99.169407724611,0.9855397897073638,0.0029847428384321808,1.582142857142831,NEUTRAL,0.13894492502542496,-1.0
0.001063353167904495,0.001264178458199971,-0.0006196465277397041,,,1.2999999999997272,,0.36000000000012733,83.6327345309376,96.66527354081707,1.0076520512384761,0.0033902484162122402,1.6835714285714078,NEUTRAL,0.13670809697933017,-1.0
0.0010752241742605611,0.0013263094506391236,-0.0005573983432329058,,,0.7600000000002183,,0.25999999999976353,90.34289713086282,95.37085627347012,0.9559125619566026,0.003751944302839604,1.6071428571428572,NEUTRAL,0.3517701367584094,-1.0
0.0007141782098381582,0.0009782762921087794,-0.0009060879652101733,,,0.21000000000003638,,0.34999999999990905,84.87836949375549,90.19598615048562,0.8234392208144106,0.003924254229765107,1.5821428571428637,NEUTRAL,0.2663513585227046,-1.0
0.0007541685474500286,0.0010528752454842152,-0.0008313483025808363,,,0.25999999999976353,,0.33999999999969077,82.61526832955553,87.09787943792189,0.809978864852606,0.004039964720272041,1.470714285714296,NEUTRAL,0.6111739868037066,-1.0
0.0006705371817917392,0.0009931969741096155,-0.0008911391396773298,,,0.25999999999976353,,0.3400000000001455,79.23322683706064,81.5373899819283,0.7637504866824611,0.004037051547658548,1.4350000000000105,NEUTRAL,0.5232521513457478,-1.0
0.0006282590108096041,0.0009757894684436836,-0.0009085794795456694,,,0.19000000000005457,,0.32999999999992724,77.67558528428336,79.01812908593175,0.7354691180676244,0.003959009311530042,1.345714285714296,NEUTRAL,0.5636838022192552,-1.0
0.0007948751573300044,0.0011771820799538132,-0.0007068069993802225,,,0.0,,0.2899999999999636,77.61944677284276,78.34490135963256,0.7503795015182853,0.003870556957330165,1.317142857142861,NEUTRAL,0.5853496676900645,-1.0
0.000800575622884375,0.0012194393565341135,-0.0006644700167237579,,,0.15000000000009095,,0.27000000000043656,75.50458715596497,79.98738523631174,0.7444666515899321,0.0036212737854475893,1.289999999999996,NEUTRAL,0.4520118651155823,-1.0
0.0008199838309696112,0.0012741199364930571,-0.0006096862977359033,,,0.38000000000010914,,0.32999999999992724,82.45614035087867,83.45837168152617,0.7488635176052796,0.0032035015291984065,1.269285714285713,NEUTRAL,0.3417485767371032,-1.0
0.00048663591691281045,0.0009534074983134712,-0.0009310036667603765,,,0.10999999999967258,,0.38999999999987267,70.82096933729066,78.12393318344007,0.6415649607572966,0.0028885084329386274,1.3035714285714286,NEUTRAL,0.38839110646764236,-1.0
0.0004509184562489226,0.0009285374663623034,-0.0009559206088018607,,,0.0,,0.29999999999972715,62.63736263736496,65.98514752930525,0.6130944287364555,0.0025959162513386133,1.1871428571428169,NEUTRAL,0.4451413420818068,-1.0
0.00044985118984973535,0.0009509205508368373,-0.0009334953051409454,,,0.08999999999969077,,0.3700000000003456,59.41644562334384,53.356885640663684,0.6022672509949493,0.0022959262876505325,1.1950000000000014,NEUTRAL,0.1044878088439178,-1.0
0.0004518124820565222,0.0009782762921087794,-0.0009060879652101733,,,0.1000000000003638,,0.38999999999987267,57.349081364829665,42.80463059924309,0.5587839946181973,0.0019885141072331788,1.184285714285709,NEUTRAL,0.08935062087688098,-1.0
0.0004696842796334916,0.001010603873151776,-0.000873699407576981,,,0.04999999999972715,,0.38999999999987267,52.20588235294275,37.59938020211868,0.5739388427188473,0.0017626687072352046,1.1278571428571078,NEUTRAL,0.08800598184920991,-1.0
0.0005585572457617581,0.0011274630587848151,-0.0007566198010388499,,,0.01999999999998181,,0.36000000000012733,45.8333333333327,42.08417720045283,0.6556937173473029,0.0013166964253119033,1.0285714285714025,NEUTRAL,0.06695859302218703,-1.0
0.0004392234201691912,0.001020550400254866,-0.0008637341192400633,,,0.15000000000009095,,0.38999999999987267,39.703459637559746,46.158484065457095,0.5518692375256594,0.0009070282435197356,1.0399999999999636,NEUTRAL,0.09943188132684586,-1.0
0.00031252928249394244,0.0009036661961626934,-0.000980838791427383,,,0.24000000000023647,,0.330000000000382,45.73055028462664,42.894056847536795,0.3220722511313298,0.0007449633489497294,0.9528571428571208,NEUTRAL,0.08631347571429276,-1.0
0.00031422025796792673,0.0009161019860493192,-0.0009683795450358407,,,0.0500000000001819,,0.32999999999992724,44.031311154596665,31.91214470283482,0.3437662492570804,0.0006476460943765355,0.9314285714285363,NEUTRAL,0.08786742320580937,-1.0
6.825050083462142e-05,0.0006673273539473997,-0.001217623418210037,,,1.080000000000382,,0.38999999999987267,38.52739726027122,16.66666666666079,-0.0699842552303361,0.0006303840735156954,0.9549999999999922,NEUTRAL,0.10152679726106345,-1.0
-0.00023038555823989043,0.0003437350549975227,-0.00154182608002552,,,1.4200000000000728,,0.36000000000012733,31.7796610169451,11.370678265338881,-0.2498504375331588,0.0008762149206408567,1.0257142857142623,NEUTRAL,0.09546786702419122,0.0
-0.0003452214899182942,0.0002067675260389887,-0.0016790519584371816,,,1.4200000000000728,,0.38999999999987267,22.25274725274653,3.02790346907855,-0.21224847053643736,0.001133627667057587,1.0892857142857142,NEUTRAL,0.2804884937731792,0.0
-0.0004079255920034896,0.00012955110541971614,-0.001756414025401914,,,0.3200000000001637,,0.38999999999987267,19.943422913718706,4.245852187027554,-0.08394828409559915,0.0012791856420321683,1.0507142857142884,NEUTRAL,0.2993523320636747,0.0
-0.0002897319863383875,0.0002391450564232958,-0.0016466133572477573,,,0.06999999999970896,,0.38999999999987267,21.71507607191984,6.1538461538460645,0.06262715452184939,0.0013994234993799112,1.0671428571428936,NEUTRAL,0.13769263202999502,0.0
-0.00047298383867151516,2.4916281294826645e-05,-0.0018612462127251934,,,0.7699999999999818,,0.38999999999987267,22.687861271674834,5.7806017893740345,0.007414612862220231,0.0015603022680162652,0.9921428571428805,NEUTRAL,0.18646737935032845,1.0
-0.00037124565601914247,0.00011211348874749753,-0.0017738845330722063,,,0.42000000000007276,,0.38999999999987267,26.81564245809747,9.611314871911189,0.11630124398853456,0.0016599046389484467,0.9800000000000507,NEUTRAL,0.14518859488579847,1.0
-0.00011066691116584999,0.0003835731080380892,-0.0015019128840711915,,,0.4099999999998545,,0.38999999999987267,35.941320293399926,19.29426705486448,0.3024820692799085,0.0016740850334075776,1.0892857142857468,NEUTRAL,0.0533343480968643,0.0
-0.0004168229150758458,5.481417992998732e-05,-0.0018312919203898558,,,0.34999999999990905,,0.38999999999987267,32.55813953488524,25.994607746433278,0.18356685591037147,0.001703270386700739,1.1514285714286285,NEUTRAL,0.11581749823999118,1.0
-0.00020043669865488147,0.00026903014632248924,-0.0016166718978083464,,,0.21000000000003638,,0.38000000000010914,34.51612903225626,31.644144144145702,0.28761152952219915,0.0016631311184749377,1.1678571428572337,NEUTRAL,0.07256125062966434,1.0
0.00010207351384444692,0.0005901820599594818,-0.0012949142243836875,,,0.25999999999976353,,0.38999999999987267,40.00000000000089,37.16216216216375,0.5265982846440125,0.0015541610120263637,1.2700000000000793,NEUTRAL,0.1049948377813218,-1.0
0.00011108836040441252,-4.980389715490708e-06,-0.001284940546597735,,,0.05999999999994543,,0.38999999999987267,41.386340468908955,51.72733217088102,0.5273856622858925,0.0015140498186379827,1.2864285714286194,NEUTRAL,0.1897785042841154,-1.0
-2.1394920136192637e-05,-0.00014196054991038148,-0.0014220960350667556,,,0.03999999999996362,,0.3900000000003274,41.76954732510318,59.968527912075814,0.45250467319787074,0.0014760009767695677,1.353571428571448,NEUTRAL,0.14541125192736007,-1.0
-4.3747716963495314e-05,-0.0001643790581079608,-0.0014445432379186938,,,0.19000000000005457,,0.38999999999987267,39.979338842974755,58.955945081309515,0.4428284762845661,0.0014265989875267037,1.3757142857143339,NEUTRAL,0.10338090729162987,-1.0
6.091630444477595e-05,-5.727747700185235e-05,-0.0013373045717387675,,,0.03999999999996362,,0.38999999999987267,45.681818181819395,57.17093327958006,0.48365515805907106,0.0013789472019692525,1.315714285714291,NEUTRAL,0.22260362796347602,-1.0
-3.124354479764838e-05,-0.00015690611037226824,-0.0014370607251552828,,,0.11999999999989086,,0.3900000000003274,53.10435931307974,57.96546395216166,0.48756575359496973,0.0013019223487797773,1.2435714285714508,NEUTRAL,0.10831390529589996,-1.0
-2.256680452447147e-05,-0.00015192420725453713,-0.0014320724454318136,,,0.21000000000003638,,0.3900000000003274,58.85797950219656,59.12786400591589,0.49684173652904545,0.001143473322772122,1.164999999999996,NEUTRAL,0.14282546365317644,-1.0
-0.00016021140981587305,-0.0003063862858509364,-0.0015867322283499208,,,0.4499999999998181,,0.38999999999987267,55.295735900962754,54.61936437546387,0.4221681098529045,0.0010000326881468684,1.1942857142857324,NEUTRAL,0.14109646713837115,1.0
-0.00039962623920176954,-0.0005805493541699707,-0.0018612462127251934,,,0.75,,0.38999999999987267,44.92574257425918,41.83296378418442,0.14788392415579463,0.0009493073813421668,1.2321428571428246,NEUTRAL,0.09227756006089483,1.0
-0.0004911916409024821,-0.0006952439334359912,-0.0019760875957517444,,,0.599999999999909,,0.38999999999987267,47.51308900523499,26.75535846267614,0.05695846988097837,0.0008669654010505407,1.2149999999999832,NEUTRAL,0.05544424254220662,1.0
-0.0003675307560038159,-0.0005855355283025223,-0.0018662387689301846,,,0.19000000000005457,,0.38999999999987267,47.92207792207693,17.960088691795747,0.19999400993833819,0.0008336417650744566,1.1949999999999688,NEUTRAL,0.05734708173536057,1.0
-0.00015336727945754558,-0.0003686828804097408,-0.0016491085596705497,,,0.13999999999987267,,0.32999999999992724,44.22809457580064,21.238950307325094,0.3893306895997569,0.0008362012415991585,1.0828571428570999,NEUTRAL,0.07823820355526062,1.0
-0.00010552873877134612,-0.0003213367609254408,-0.0016017018393415427,,,0.09000000000014552,,0.38999999999987267,55.06807866868082,31.065149697698796,0.5170341163102623,0.0008262368706532879,1.0099999999999258,NEUTRAL,0.08620083575154283,1.0
-0.00016416181955396423,-0.000393603690906491,-0.0016740612676529511,,,0.04999999999972715,,0.38999999999987267,48.427672955972724,35.44106167057329,0.41770611292286924,0.0008172786139237816,0.9799999999999207,NEUTRAL,0.07900980661415798,1.0
-0.00020326505558897518,-0.00044344903699316645,-0.001723970413478876,,,0.08000000000038199,,0.3900000000003274,31.702544031308236,34.97267759562871,0.35881954534899274,0.000823099767976448,0.8585714285713623,NEUTRAL,0.08108781952999876,1.0
-0.0002285362646944032,-0.00047834373481821013,-0.00175890977490438,,,0.19000000000005457,,0.36000000000012733,31.15384615384515,32.76344110157702,0.2987636425549536,0.0008008865913099852,0.8085714285714077,NEUTRAL,0.06965373002919084,1.0
-0.00010471677725584915,-0.000356222940757344,-0.0016366326718712688,,,0.17000000000007276,,0.38999999999987267,40.97087378640952,39.34106683659322,0.4414333583961288,0.0007847227873192872,0.7221428571428338,NEUTRAL,0.0778198776877853,1.0
0.00024684135681191343,1.9921062788681658e-05,-0.0012600072213852474,,,1.5300000000002,,0.38999999999987267,55.94512195122108,62.91639860864626,0.89332962153886,0.0008394365662164734,0.767142857142809,NEUTRAL,0.17610713898734817,1.0
0.00026007170452134297,4.233130973074119e-05,-0.001237568290362854,,,0.5700000000001637,,0.36999999999989086,55.606758832565625,83.64363423324352,0.8737510543888342,0.0008787208634108596,0.7799999999999727,NEUTRAL,0.15178333384777454,1.0
0.00019437788381530114,-1.2451067305534725e-05,-0.0012924207863098162,,,0.38000000000010914,,0.3900000000003274,54.68277945619261,96.10778443113917,0.7895290163402487,0.0009110654499073837,0.7971428571428143,NEUTRAL,0.10914666187342334,1.0
0.00028952646918202404,9.710768495275903e-05,-0.0011827218039121947,,,0.36000000000012733,,0.3900000000003274,55.267175572519726,93.01397205589035,0.7870632878619883,0.0009054427539920101,0.7857142857142857,NEUTRAL,0.13146300941965786,1.0
0.00031751299993155703,0.0001419202557552806,-0.0011378518750901837,,,0.5700000000001637,,0.38999999999987267,64.8801128349804,93.84655007602794,0.999037923675189,0.0009860171981518142,0.792142857142835,NEUTRAL,0.10356658101015373,1.0
0.0003410767549444606,0.0001792609965417068,-0.0011004633398813573,,,0.13999999999987267,,0.3900000000003274,74.91856677524437,93.97653401059638,0.8928281800075161,0.0010544448254737636,0.730714285714287,NEUTRAL,0.08808027574129947,1.0
0.00028131309420400093,0.00012947272233827282,-0.0011503153407746679,,,0.2199999999997999,,0.30999999999994543,80.41237113402183,94.88730692320708,0.8701622273509597,0.001123027724093873,0.6828571428571389,NEUTRAL,0.0905802545283684,1.0
0.0002711206067691011,0.00013445177289600743,-0.0011453299172623401,,,0.03999999999996362,,0.2899999999999636,76.38640429338494,90.96731042526058,0.8048908918398854,0.001169410321670266,0.6614285714285545,NEUTRAL,0.09419260564265856,1.0
0.0002688264460584211,0.00013694127957936168,-0.0011428372241254906,,,0.07000000000016371,,0.3799999999996544,71.40077821011738,87.82563216163125,0.7540596093827961,0.001203372422848603,0.632857142857152,NEUTRAL,0.1860407489085127,1.0
0.00029326671626011283,0.00017179307151074692,-0.0011079408235112058,,,0.15999999999985448,,0.38999999999987267,70.30303030303325,86.80546842106492,0.7842929396317884,0.001248842124432347,0.6071428571428896,NEUTRAL,0.16009196924542865,1.0
0.00019861264165742,7.469989317919804e-05,-0.0012051582766235873,,,0.04999999999972715,,0.38999999999987267,69.18489065606748,83.78378378378217,0.6892786283200006,0.0012645038073196672,0.6121428571428689,NEUTRAL,0.2160163900433849,1.0
0.0003053052576061938,0.00019668572111457657,-0.0010830163124663666,,,0.30999999999994543,,0.32999999999992724,75.00000000000423,87.98798798798663,0.7694226209041879,0.0012381963712204147,0.5957142857142961,NEUTRAL,0.1645402851021955,-1.0
0.0004533141580320373,0.00036343450586599134,-0.0009160540969772297,,,0.6700000000000728,,0.38999999999987267,78.77697841726892,91.19119119119112,0.8193503293933723,0.0011697234023827275,0.5914285714285857,NEUTRAL,0.09179293956600008,-1.0
0.0004977860391393544,0.00043559210657320935,-0.000843804137876071,,,0.21000000000003638,,0.38999999999987267,78.54545454545575,94.49962783296002,0.8785038066356758,0.0011378576104530832,0.6100000000000299,NEUTRAL,0.0541955402650617,-1.0
0.0005140407087939344,0.000472910916028467,-0.0008064375620695034,,,0.27999999999974534,,0.38999999999987267,71.49758454106275,93.35435444569141,0.8808767184059252,0.0011434665541695858,0.5357142857143182,NEUTRAL,0.03917338706810435,-1.0
0.0002658086760626524,0.00022655526454680346,-0.0010531085373990505,,,0.4099999999998545,,0.3900000000003274,58.847736625517136,80.7802144694166,0.6819896893297868,0.001111685832130202,0.5578571428571715,NEUTRAL,0.16453246084013032,-1.0
0.0001634636319276809,0.00013196225381575084,-0.0011478226228119593,,,0.0,,0.38999999999987267,55.21235521235549,63.0425337687739,0.5475290018366756,0.0010268129696648137,0.5492857142857507,NEUTRAL,0.18602774819352358,1.0
0.00031716518783907036,0.00030619865571322334,-0.0009733632063728788,,,0.09000000000014552,,0.38999999999987267,61.60267111853113,52.97502369194863,0.7352501710697776,0.0009181557618835654,0.5950000000000273,NEUTRAL,0.09751846382170148,-1.0
0.0002620962687725233,0.00024397834069833028,-0.0010356631605153057,,,0.09999999999990905,,0.38999999999987267,50.4655493482327,46.351955989345065,0.6243326887720713,0.000718902334333804,0.5492857142857182,NEUTRAL,0.11984567834287103,-1.0
0.00030798996768827196,0.0002937552122878892,-0.000985822576830689,,,0.009999999999763531,,0.3700000000003456,53.919694072657364,50.61082024432943,0.6609092053950695,0.0005252978904354522,0.5414285714285663,NEUTRAL,0.10529134003336348,-1.0
-1.2526588289423231e-06,-2.7392757354987058e-05,-0.00130738160103196,,,0.6900000000000546,,0.45000000000027285,42.6791277258548,31.468567821468714,0.07974736984676678,0.0005441476855367962,0.6264285714285377,NEUTRAL,0.3989212236912319,1.0
-0.0001373405558926852,-0.00017185211751697465,-0.0014520258624983631,,,0.5499999999997272,,0.45000000000027285,40.592592592590826,18.605590315163333,-0.05739692461293943,0.0006190864850792845,0.6535714285714026,NEUTRAL,0.20570522098767938,1.0
-3.983305627936618e-05,-6.972997068855858e-05,-0.001349773004041866,,,0.010000000000218279,,0.45000000000027285,44.77825464949798,8.336780929862911,0.11673199701319123,0.0006382401428381889,0.6549999999999727,NEUTRAL,0.24784811277230726,1.0
-0.0001232973674733847,-0.00016188806312142376,-0.0014420490545737023,,,0.38000000000010914,,0.45000000000027285,40.33850493652882,8.564814814817233,0.022018053910190332,0.0006883560713129999,0.6692857142857065,NEUTRAL,0.2795242963282261,1.0
-0.00022116091288242997,-0.0002715035818546299,-0.0015518048761047004,,,0.7900000000004184,,0.45000000000027285,40.225035161740024,10.181840077069625,-0.017500912572464618,0.0007847136028439478,0.6964285714285714,NEUTRAL,0.30609597422768636,1.0
-0.00018584489831934925,-0.0002465888541837365,-0.0015268582587338918,,,0.07999999999992724,,0.4499999999998181,35.993975903611314,7.959350246197421,0.07109693084838162,0.0008571400233450177,0.6799999999999987,NEUTRAL,0.209343892289151,1.0
-0.00012427590368434608,-0.00019925429081666413,-0.0014794631093134082,,,0.05999999999994543,,0.45000000000027285,33.80062305295327,11.93158558351554,0.15418743260760273,0.0009036270933604574,0.6842857142856766,NEUTRAL,0.1568667853694833,1.0
-9.335625179709185e-05,-0.00017434316213660485,-0.0014545200955399758,,,0.13000000000010914,,0.4499999999998181,30.78175895765044,15.934707734964158,0.22299310271651968,0.0009348373929483252,0.6357142857142597,NEUTRAL,0.1568667853694833,1.0
-4.074872769043274e-05,-0.00011954304670397859,-0.0013996498384923359,,,0.1999999999998181,,0.4499999999998181,30.668841761825448,21.38976837193727,0.2905018869901835,0.0009532191584630078,0.630714285714248,NEUTRAL,0.1981251277911923,1.0
9.379619596175708e-06,-6.723944714231896e-05,-0.0013472792927405938,,,0.06999999999970896,,0.4499999999998181,38.967971530245904,30.002250484024817,0.3835514528172177,0.0009536834988267966,0.5942857142856935,NEUTRAL,0.3941092928533956,1.0
2.740106485283864e-05,-4.233489391375455e-05,-0.0013223428628349302,,,0.23999999999978172,,0.45000000000027285,44.696969696969504,39.14561013408652,0.43275817893641794,0.0009554009528365061,0.5657142857142584,NEUTRAL,0.4266750351764854,1.0
-7.893750619000435e-05,-0.00015192420725453713,-0.0014320724454318136,,,0.03999999999996362,,0.45000000000027285,30.478087649400194,40.042370271832176,0.30428030987138244,0.0009599267711617057,0.5357142857142533,NEUTRAL,0.2296696505465495,1.0
-9.51602591334018e-05,-0.00017434316213660485,-0.0014545200955399758,,,0.0,,0.4499999999998181,30.784708249493093,32.518679758452315,0.24982512738053256,0.0009530595684527119,0.5621428571428169,NEUTRAL,0.18334431008407695,1.0
-0.0001262510054432021,-0.00020921908974755364,-0.0014894406627263784,,,0.01999999999998181,,0.45000000000027285,31.746031746036337,25.456383520902815,0.3155591917496549,0.000888396320423357,0.5699999999999689,NEUTRAL,0.17452177338834096,1.0
-0.0002042576984720309,-0.000303894583452641,-0.0015842373366877166,,,0.34999999999990905,,0.4499999999998181,37.20930232558435,19.58763458763996,0.17941515220058057,0.0008016622829428376,0.5114285714285935,NEUTRAL,0.1584864865112264,1.0
3.6730167755843886e-06,-8.965460563183519e-05,-0.0013697231415969976,,,0.2300000000000182,,0.45000000000027285,53.79746835442637,39.68864468864564,0.4951498451823279,0.000744516705348506,0.5392857142857598,NEUTRAL,0.36689497576915325,1.0
-2.290437281949956e-05,-0.00012452462723552837,-0.0014046377952167282,,,0.0,,0.4499999999998181,47.161572052399876,51.90476190475463,0.43396481167729684,0.0007203205070127222,0.5657142857143234,NEUTRAL,0.2552937335997051,1.0
0.00027706503316824447,0.00019419651193193166,-0.0010855087077217196,,,1.2700000000004366,,0.4499999999998181,62.59124087591023,79.71554993678161,0.9236777621073695,0.0006527609004682915,0.6507142857143273,NEUTRAL,0.5835602780615246,1.0
0.0003433866044218105,0.00027633387106414114,-0.0010032662165660278,,,0.41000000000030923,,0.4499999999998181,69.74169741697361,86.24994147118063,1.0481118115046164,0.0006617777094192551,0.6200000000000533,NEUTRAL,0.4326597419021512,-1.0
0.0007004669942339732,0.0004155851912313063,-0.0006171564516490316,,,0.09000000000014552,,0.45000000000027285,68.07339449541277,94.06066865014715,1.0246452900300376,0.0006469959874848039,0.627142857142904,NEUTRAL,0.28437554096356005,-1.0
0.0006608174665415874,0.0003981723887356805,0.0003981723887356805,,,1.5099999999997635,,0.4499999999998181,75.21367521367338,89.66127796394154,1.2744702884672077,0.0009423083990363093,0.7692857142857454,NEUTRAL,0.5081762480506852,-1.0
0.0005413622350258357,0.00029368283249621354,0.00029368283249621354,,,0.9200000000000728,,0.4499999999998181,68.76675603217271,79.88918151151556,1.0126157255883848,0.0010697111147888736,0.8814285714285818,NEUTRAL,0.6538829510461045,-1.0
0.0006834805688648622,0.00048025600382210033,0.00048025600382210033,,,1.5399999999999636,,0.4499999999998181,70.46894803548841,78.55191256830736,1.0370602770361859,0.001238905893189747,0.9321428571428702,NEUTRAL,0.6150849368376473,-1.0
0.0009124608004591,0.0007637138883981932,0.0007637138883981932,,,1.2699999999999818,,0.45000000000027285,74.22566371681486,82.92420755557163,1.1333093249088062,0.0015296367781387845,1.021428571428552,NEUTRAL,0.7173222933748302,-1.0
0.0010789296659981867,0.000987382888181947,0.000987382888181947,,,1.0399999999999636,,0.4499999999998181,76.17586912065451,89.7639869667662,1.1113177640846212,0.0018299319135526193,1.1157142857142779,NEUTRAL,0.280202086070224,-1.0
0.0009950946664001761,0.0009451419702727299,0.0009451419702727299,,,0.0,,0.45000000000027285,77.8474399164096,88.8550194279544,0.9775140085312879,0.00200572170301245,1.1814285714285364,NEUTRAL,0.45395524139346727,-1.0
0.000847576837560531,0.0008333105313038471,0.0008333105313038471,,,0.24000000000023647,,0.4499999999998181,76.80412371134338,81.83607007815426,0.8737376062919208,0.002098217822088046,1.167142857142835,NEUTRAL,0.6924537054749049,-1.0
0.00043918310633683056,0.0004205601662331496,0.0004205601662331496,,,0.44000000000005457,,0.45000000000027285,64.10934744268093,68.3443708609296,0.6407742476561088,0.0020716136279015263,1.271428571428552,NEUTRAL,0.5640342851405951,-1.0
0.0005398252905280694,0.0005548657747343396,0.0005548657747343396,,,0.08999999999969077,,0.45000000000027285,69.40363007778966,61.54466124420543,0.7099349965098927,0.002068500339324378,1.304285714285665,NEUTRAL,0.4853091899345706,-1.0
0.00035740640003715076,0.0003907095733799138,0.0003907095733799138,,,0.30999999999994543,,0.45000000000027285,62.933333333335234,53.23625086369526,0.6187224289431325,0.00204316481180852,1.3178571428570973,NEUTRAL,0.5029789871613178,-1.0
0.0006369088274470161,0.0007115100432378365,0.0007115100432378365,,,0.2899999999999636,,0.45000000000027285,67.65188834154516,58.1613365806646,0.7353492768651866,0.0020570297963463514,1.405714285714209,NEUTRAL,0.6532572401765663,-1.0
0.0005458092269967178,0.0006394100509288138,0.0006394100509288138,,,0.13000000000010914,,0.45000000000027285,62.12121212121243,54.902776006667786,0.6777508430648321,0.002005833670342718,1.3849999999998934,NEUTRAL,0.513252481249182,-1.0
0.00030850165618997115,0.00041061016670763717,0.00041061016670763717,,,0.3200000000001637,,0.45000000000027285,56.43648763853315,49.030469134257196,0.552424769020868,0.0018870944932458883,1.4735714285713064,NEUTRAL,0.8042045836935434,-1.0
0.00046180855704476683,0.0005971397008329194,0.0005971397008329194,,,0.09999999999990905,,0.45000000000027285,59.79133226324146,42.883897030236994,0.6430497062670272,0.0017745319115493531,1.5428571428570064,NEUTRAL,0.6193545765996975,-1.0
0.0006747520279470883,0.0008457374830851599,0.0008457374830851599,,,0.0,,0.45000000000027285,55.975395430580704,45.742755889094745,0.7171050609652628,0.0015869561620664226,1.4499999999998832,NEUTRAL,0.5243145105109859,-1.0
0.0006277810230571511,0.0008183977811221162,0.0008183977811221162,,,0.1299999999996544,,0.4499999999998181,60.535714285713,54.57525610716772,0.7631418897243298,0.0014714169197520897,1.41714285714277,NEUTRAL,0.3009851084611405,-1.0
0.00018363915966243367,0.000365832717390443,0.000365832717390443,,,0.45000000000027285,,0.4499999999998181,48.96661367249515,42.72340425531544,0.38063572928357325,0.0012382605253221885,1.4771428571427805,NEUTRAL,0.7209525941518682,-1.0
0.00015235071228236437,0.0003384667456421592,0.0003384667456421592,,,0.09000000000014552,,0.45000000000027285,41.88948306595278,29.06692474808953,0.32876130313895063,0.0011268627242209017,1.4207142857142117,NEUTRAL,0.34763493987710065,-1.0
-3.5178290121403946e-05,0.00014188528201559468,0.00014188528201559468,,,0.75,,0.45000000000027285,34.20577617328509,11.310430025255306,0.13913400509831478,0.0010832248010456023,1.3728571428570635,NEUTRAL,0.19263424470481566,-1.0
-3.859224074492936e-05,0.00013939641352940404,0.00013939641352940404,,,0.8399999999996908,,0.4499999999998181,35.060129509713065,9.139293371364579,0.09391768554301438,0.0010336810788095056,1.3357142857142403,NEUTRAL,0.24615542665880888,-1.0
-0.00015102232671167278,1.742667725537525e-05,1.742667725537525e-05,,,1.25,,0.45000000000027285,35.15769944341274,8.40567333594786,0.05609438539731606,0.0011306012594440103,1.3828571428571195,NEUTRAL,0.24267564816689136,-1.0
-0.0002463533144678064,-9.21225279418447e-05,-9.21225279418447e-05,,,0.6399999999998727,,0.45000000000027285,39.72746331236875,7.958858366111197,0.00013443786178825775,0.0012531961666158503,1.3014285714285247,NEUTRAL,0.23010565717988335,-1.0
-0.00015906412864706936,-1.493763537242019e-05,-1.493763537242019e-05,,,0.34999999999990905,,0.45000000000027285,36.60418963616114,13.72656679839288,0.10627796725573463,0.0013471277693413838,1.3242857142856792,NEUTRAL,0.1408944366173552,-1.0
-0.00026909689416735266,-0.00014192555631087266,-0.00014192555631087266,,,0.7899999999999636,,0.4499999999998181,37.38738738738557,12.831083237270162,0.08529263072506847,0.001428434217165558,1.307857142857074,NEUTRAL,0.19812174026582294,-1.0
-0.0004105785964536956,-0.00030381966061856055,-0.00030381966061856055,,,1.1599999999998545,,0.4499999999998181,26.699629171816284,15.42381248108836,0.069336885117359,0.001442053152699755,1.239999999999944,NEUTRAL,0.16490323932236417,-1.0
-0.0006434660338724799,-0.000572928862163325,-0.000572928862163325,,,0.9299999999998363,,0.4499999999998181,24.16107382550281,10.087530452351098,-0.037273745704244875,0.0015566878543435611,1.2507142857142364,NEUTRAL,0.2019563589227722,-1.0
-0.0007189772647611014,-0.0006801144983968775,-0.0006801144983968775,,,0.5500000000001819,,0.4499999999998181,25.087108013936557,10.31709886373852,-0.025790445294426565,0.0016999194580754136,1.2414285714285467,NEUTRAL,0.1742290960514214,-1.0
-0.0006859088167977995,-0.0006726356855653061,-0.0006726356855653061,,,0.650000000000091,,0.45000000000027285,16.878172588832314,10.503938356937399,0.03966608219844609,0.0018803680886995031,1.1785714285714286,NEUTRAL,0.19698242214644926,-1.0
-0.0006413618117255046,-0.0006576783952647971,-0.0006576783952647971,,,0.7200000000002547,,0.45000000000027285,9.562841530052552,12.258953168044037,0.09016373755567729,0.001999823544095509,1.1235714285714298,NEUTRAL,0.1679097753912132,-1.0
-0.0007653338343511693,-0.0008222331853314053,-0.0008222331853314053,,,1.1600000000003092,,0.4499999999998181,3.9455782312920746,9.521317066771104,0.09488925108647361,0.0021427968436681087,1.1157142857142779,NEUTRAL,0.18851950847998242,-1.0
-0.0007985295524342429,-0.0008895666539586124,-0.0008895666539586124,,,0.44000000000005457,,0.4499999999998181,5.1693404634577576,6.195662863924351,0.11307515189527939,0.0022073329177390026,1.0107142857142921,NEUTRAL,0.17981519462414322,-1.0
-0.0007551407849314227,-0.0008820847100334441,-0.0008820847100334441,,,0.4800000000000182,,0.45000000000027285,5.225225225224833,3.8815077284545225,0.1492587744134284,0.0022485347727382353,0.9821428571428896,NEUTRAL,0.16218660155244133,-1.0
-0.0007247192424833697,-0.0008870726602213696,-0.0008870726602213696,,,0.38999999999987267,,0.45000000000027285,7.802874743328914,4.09916873922196,0.19382833462299107,0.0022950356778344535,0.9414285714285923,NEUTRAL,0.1598779476208432,-1.0
-0.0006092763882509288,-0.0007972971626187905,-0.0007972971626187905,,,0.13000000000010914,,0.45000000000027285,12.698412698410266,7.634978185781603,0.24678912488158694,0.0022402655806638945,0.9128571428571571,NEUTRAL,0.16816056084979503,-1.0
-0.0008271902581931493,-0.0010591873914332923,-0.0010591873914332923,,,1.1300000000001091,,0.4499999999998181,11.36767317939453,8.35326730732104,0.1615311439623918,0.00214296407594265,0.9707142857142961,NEUTRAL,0.2181334888160726,-1.0
-0.0008868086579980842,-0.001156495817672534,-0.001156495817672534,,,0.5799999999999272,,0.45000000000027285,11.851851851850299,10.236629883558406,0.13335058418450857,0.001942112893548888,0.9992857142857312,NEUTRAL,0.15110511173208988,1.0
-0.0008874442524900907,-0.0011989182317826495,-0.0011989182317826495,,,0.7899999999999636,,0.45000000000027285,6.578947368419705,8.639792282288237,0.13946603853886946,0.0019033589650892429,0.9378571428571506,NEUTRAL,0.22139026222387756,1.0
-0.0005804489814843753,-0.0009020368090822512,-0.0009020368090822512,,,0.4099999999998545,,0.45000000000027285,25.4934210526293,17.935089748066357,0.31438307911310087,0.001752660620189304,1.0385714285714585,NEUTRAL,0.10285499138142637,-1.0
-0.00047928751203447136,-0.0008097650186495112,-0.0008097650186495112,,,0.03999999999996362,,0.4499999999998181,33.33333333333333,31.95018980350142,0.40902044293295364,0.0016209514622299744,1.1014285714286092,NEUTRAL,0.162756502201056,-1.0
-0.0012248731991516167,-0.001643321854185769,-0.001643321854185769,,,2.4900000000002365,,0.4499999999998181,24.157955865271745,29.370872882557276,-0.04964781343771903,0.0017069722047337414,1.2800000000000378,NEUTRAL,0.23002152193033562,1.0
-0.0009746844709132912,-0.0014210707394056118,-0.0014210707394056118,,,1.050000000000182,,0.45000000000027285,33.481152993347976,26.07024925820134,0.12160603562623623,0.0016707970688643356,1.3264285714286157,NEUTRAL,0.18556923487936644,1.0
-0.0006286057559271793,-0.001081641503132809,-0.001081641503132809,,,0.13000000000010914,,0.4499999999998181,41.584158415842786,26.70367123553775,0.31687906336103444,0.0015742688703954094,1.5142857142857662,NEUTRAL,0.5032782523617332,1.0
-0.00040329965509935104,-0.0008646272758759658,-0.0008646272758759658,,,0.36999999999989086,,0.4499999999998181,47.14415231187832,51.50204001053127,0.5014330670121468,0.001390992834670707,1.5757142857143467,NEUTRAL,0.6057092384264745,1.0
-0.0003596157692737813,-0.0008371953954253568,-0.0008371953954253568,,,0.6299999999996544,,0.4499999999998181,49.6261682242994,68.95674300254524,0.5522297412173419,0.0012189596086044998,1.5471428571429118,NEUTRAL,0.6926028601258786,1.0
-0.00020181852989585366,-0.0006826074608497807,-0.0006826074608497807,,,1.2199999999998,,0.4499999999998181,53.49048050770612,79.77099236641128,0.7171008823058949,0.0010731884567357834,1.6107142857143313,NEUTRAL,0.8029862473696363,1.0
-0.0002519087528220393,-0.0007449355593370414,-0.0007449355593370414,,,0.9899999999997817,,0.4499999999998181,52.58467023172867,82.76081424936152,0.6820979649747739,0.0010235925806172622,1.642142857142874,NEUTRAL,0.7898598186798211,1.0
-0.00014026864083272167,-0.0006352432981832494,-0.0006352432981832494,,,1.4299999999998363,,0.4499999999998181,54.019014693171236,87.84987277353548,0.7861056526036562,0.0010299229595136451,1.6685714285714701,NEUTRAL,0.821677218443817,1.0
-3.481406099779137e-05,-0.0005280672737780587,-0.0005280672737780587,,,1.8099999999999454,,0.45000000000027285,54.491017964072434,91.2903986108516,0.8580909925045592,0.0010667817911131428,1.7428571428571493,NEUTRAL,0.6601421923925401,1.0
-4.7632636903097117e-05,-0.0005455129690103933,-0.0005455129690103933,,,1.819999999999709,,0.4499999999998181,59.62616822429856,95.82830070344211,0.8403411667296007,0.0011052024645749163,1.6678571428571363,NEUTRAL,0.6514471824308005,1.0
0.00016506714052035108,-0.00032374871123113714,-0.00032374871123113714,,,2.619999999999891,,0.4499999999998181,64.39461883408018,93.66364106590235,0.9531114392064503,0.0012175462456801849,1.7128571428571442,NEUTRAL,0.7744173252708978,1.0
-0.00013439857033535973,-0.0006452143282422383,-0.0006452143282422383,,,1.2199999999998,,0.4499999999998181,58.184764991895804,82.75611628910889,0.6569745432365091,0.0012310091572400956,1.8085714285714078,NEUTRAL,0.7694792980293438,1.0
0.00011263833085419067,-0.00038104915534108885,-0.00038104915534108885,,,2.4799999999995634,,0.4499999999998181,58.387096774192884,78.18871503081918,0.8669919677171452,0.0013117409368906562,1.8749999999999676,NEUTRAL,0.822955297172774,1.0
0.00020821465379178427,-0.0002714366469356659,-0.0002714366469356659,,,2.7399999999997817,,0.4499999999998181,57.460840890353914,76.86378287582016,0.8703254037984666,0.0013994752405463143,1.8607142857142338,NEUTRAL,0.822955297172774,1.0
-0.0001234480091224722,-0.0006202871256791986,-0.0006202871256791986,,,1.4599999999995816,,0.4499999999998181,70.546558704452,76.50330902010522,0.6351138674500215,0.0014107274339285618,1.7049999999999597,NEUTRAL,0.8025460805752326,1.0
-5.702577439536424e-05,0.00013202109348343883,-0.0005604669062974062,,,0.4600000000000364,,0.4499999999998181,65.68627450980402,69.10460992907882,0.5805818370095938,0.0013975745193747326,1.6242857142856661,NEUTRAL,0.731211126071425,1.0
0.00045666950941122245,0.000684636507806101,-7.468761903389097e-06,,,2.2599999999997635,,0.4499999999998181,70.61567164178965,73.84751773049486,0.9808758840306394,0.0015260727020234355,1.6064285714285234,NEUTRAL,0.8367154389481577,1.0
0.0004393024817893991,0.000684636507806101,-7.468761903389097e-06,,,1.5,,0.4499999999998181,67.7584442169898,82.48727189851358,0.9283436984688549,0.001602913593853178,1.6478571428570896,NEUTRAL,0.8623632504931981,1.0
0.0003340904554129673,0.0005925763626766796,-9.959266599609869e-05,,,1.1900000000000546,,0.4499999999998181,65.29588766298949,89.939584975044,0.8386898124379752,0.0016784911043166075,1.670714285714244,NEUTRAL,0.6078838832922192,1.0
0.0005153652671495557,0.0008115024245501298,0.00011948501956556329,,,2.0599999999999454,,0.45000000000027285,66.24390243902403,90.86987964254229,0.9079936210260781,0.0018139914434004856,1.656428571428543,NEUTRAL,0.3695889674652924,1.0
0.0005923183827511554,0.0009184427790236765,0.0002264994387293766,,,1.0099999999997635,,0.4499999999998181,69.23809523809507,91.5148166736364,0.953073940569475,0.0016874978901140307,1.689999999999957,NEUTRAL,0.4149621164469852,-1.0
0.0008470559453963685,0.0012192451628314583,0.000527510152082145,,,1.3099999999999454,,0.4499999999998181,71.21212121212054,96.96143976731815,1.0577321647437965,0.0017134377681869443,1.7249999999999415,NEUTRAL,0.2462070461171989,-1.0
0.000977400661019011,0.0013956647319751834,0.0007040519057913686,,,0.650000000000091,,0.4499999999998181,71.71628721541158,95.54482291137357,1.0477698222507068,0.001843326310112898,1.6864285714285157,NEUTRAL,0.0725598388658982,-1.0
0.0010977483006023617,0.0015720219884088659,0.0008805313036340481,,,1.0099999999997635,,0.4499999999998181,73.41563786008236,97.9653679653688,1.0389229819990948,0.00205385737629994,1.6928571428570973,NEUTRAL,0.036279617001423826,-1.0
0.0011111592345546637,0.0016316216229660557,0.0009401722156724583,,,0.2600000000002183,,0.4499999999998181,72.13114754098379,95.3982734496168,0.9858698954486234,0.002218473869080062,1.6278571428571078,NEUTRAL,0.036947261976458916,-1.0
0.000762951058883029,0.001301250743305281,0.0006095725279345489,,,0.14000000000032742,,0.4499999999998181,72.19343696027505,89.32948420696299,0.7971457877593953,0.002247233125327569,1.599285714285705,NEUTRAL,0.2857777244685839,-1.0
0.001054933093864505,0.0016490035094177524,0.0009575661404612507,,,0.36999999999989086,,0.4499999999998181,72.75803722504158,87.1028847567133,0.9089013870875583,0.002337032505636922,1.477142857142878,NEUTRAL,0.10541722111449724,-1.0
0.0008260540938385099,0.001445349135153813,0.0007537707193658737,,,0.4499999999998181,,0.4499999999998181,67.36672051696343,83.80022777289436,0.7905304852846213,0.0023460280452612487,1.4164285714285987,NEUTRAL,0.1616318142718728,-1.0
0.0009464128216777249,0.0016117558687314432,0.0009202927028250046,,,0.1799999999998363,,0.4499999999998181,76.47058823529525,88.60325621250968,0.8211300101091222,0.0023835486278218345,1.345714285714296,NEUTRAL,0.04029270255565111,-1.0
0.0010098827032303493,0.0017185250031709037,0.0010271357833712572,,,0.6199999999998909,,0.45000000000027285,78.8767812238054,89.27905352372217,0.8302026788502993,0.002412476164449163,1.336428571428574,NEUTRAL,0.026267241407395333,-1.0
0.0009131516945759215,0.00165893574422048,0.0009675052541255451,,,0.36000000000012733,,0.4499999999998181,70.64413938754167,91.6928406977642,0.7739088912192158,0.00243424400652099,1.184285714285709,NEUTRAL,0.03206108693760818,-1.0
0.0008547775366413885,0.0016365879379986686,0.0009451419702727299,,,0.3400000000001455,,0.32999999999992724,70.3389830508491,91.01951956171995,0.7501750075108625,0.0023162963588199315,1.0757142857142818,NEUTRAL,0.012260768944949013,-1.0
0.0009334680943893735,0.001758247223983826,0.001066885514977422,,,0.6100000000001273,,0.38999999999987267,73.51063829787364,90.26758170571111,0.7539240129568601,0.0022711582918156508,1.0342857142856832,NEUTRAL,0.009434805162723303,-1.0
0.0009287141684578177,0.0017930015741608918,0.001101663935302693,,,0.8699999999998909,,0.3400000000001455,71.67235494880636,92.82668504469366,0.7571313039496654,0.0022223505474994153,0.9878571428570727,NEUTRAL,0.010643784026931637,-1.0
0.000955088727787426,0.0018575389473945469,0.0011662460057938306,,,1.2600000000002183,,0.3900000000003274,71.37931034482949,96.5846182356177,0.7863374801589688,0.0020176493675000376,0.9635714285713805,NEUTRAL,0.01129500387652981,-1.0
0.0009208036256048071,0.001852574830346374,0.0011612784507002778,,,0.599999999999909,,0.3900000000003274,61.5853658536587,84.60800645851658,0.7004661651284767,0.001636302580054711,1.007857142857087,NEUTRAL,0.014577666157865952,-1.0
0.0005512212521735866,0.0014950285945984352,0.0008034845857824431,,,0.32999999999992724,,0.3900000000003274,52.2807017543853,62.42794436813987,0.5378127140300176,0.0014967550056291786,1.1164285714285143,NEUTRAL,0.09011600416251851,-1.0
0.0005082000786345858,0.0014701894827967568,0.0007786282709227502,,,0.34999999999990905,,0.3900000000003274,47.637292464879344,39.246998420869026,0.5093616752545398,0.0013286377407748847,1.1099999999999324,NEUTRAL,0.06437482275218892,-1.0
0.0005292677587042616,0.0015148989942961554,0.0008233687473103566,,,0.1999999999998181,,0.38999999999987267,47.0284237726095,31.813865147199753,0.5045685675095163,0.0010617572041979285,1.0799999999999272,NEUTRAL,0.07048096525092282,-1.0
0.00027794559474473164,0.0012639771488855422,0.0005722731185898511,,,0.27999999999974534,,0.38999999999987267,53.061224489796594,28.205128205128194,0.3260656610121404,0.0008609338162822754,1.0314285714284779,NEUTRAL,0.08101990786087154,-1.0
0.00010640688874194512,0.0010875110430897982,0.00039568479599828057,,,0.5399999999999636,,0.38999999999987267,32.62195121951278,19.646587979921645,-0.07731741373698897,0.0007882670842268834,1.0135714285713024,NEUTRAL,0.05260332128352368,-1.0
-9.49208007901314e-05,0.0008761667703795847,0.00018419415059110932,,,1.0099999999997635,,0.38999999999987267,32.572298325722485,13.085187287065432,-0.17581919857460426,0.0009523865363356267,1.0807142857141636,NEUTRAL,0.04213578723786437,-1.0
-0.0003647844020361567,0.0005776460921744301,-0.00011453327689665522,,,1.300000000000182,,0.38999999999987267,20.94313453536914,6.43751397272673,-0.21789756697028034,0.0012796700669922378,1.1128571428570402,NEUTRAL,0.10665088461708312,-1.0
-0.0001716479998523075,0.0007667298969893224,7.468148347291979e-05,,,0.7199999999997999,,0.38999999999987267,22.448979591841663,8.816691415801683,-0.0040950152763431485,0.0014511376245599254,1.1221428571427299,NEUTRAL,0.06387813137305037,-1.0
-0.0003451067778996198,0.0005726692362086761,-0.0001195135797305014,,,1.199999999999818,,0.38999999999987267,21.79656538970029,5.471900004895654,0.008305950060869701,0.001625185475577836,1.152142857142735,NEUTRAL,0.10732318029604211,-1.0
-0.0002339174158394776,0.0006796607173532613,-1.244799848636867e-05,,,0.7699999999999818,,0.38999999999987267,26.065162907269936,9.742733338229778,0.11858417076826565,0.001738009139344633,1.1914285714284623,NEUTRAL,0.0486813071324634,-1.0
-0.00015923851079241967,0.0007518048294747278,5.974607916350055e-05,,,0.4899999999997817,,0.38999999999987267,26.157697121405505,13.398198462644595,0.19369837175775853,0.00179188665012158,1.3035714285713311,NEUTRAL,0.016568752621901328,-1.0
0.0005926045471472227,0.0015596045022075696,0.000868105217337176,,,0.010000000000218279,,0.38999999999987267,45.97069597069583,34.87910583941707,0.6328603142183061,0.0018014895651671207,1.5349999999999195,NEUTRAL,0.05358774764693349,-1.0
8.323014946030699e-05,0.0010353048923133228,0.00034344248831540326,,,0.0,,0.3900000000003274,36.746031746031555,43.60097323601048,0.3621888387310121,0.001796399198568392,1.7064285714284975,NEUTRAL,0.1826164351500127,-1.0
0.0002107670441668304,0.001176994607722383,0.00048523033510748924,,,0.11999999999989086,,0.38999999999987267,41.09589041095865,53.02219751012361,0.44134808229326916,0.0017541612374205972,1.6135714285713416,NEUTRAL,0.2156391824892858,-1.0
0.00028120419001772737,0.0012614921436658324,0.0005697863923066305,,,0.2199999999997999,,0.38999999999987267,47.272727272727955,50.269848217771994,0.5397049466100139,0.0017170757433256818,1.4728571428571027,NEUTRAL,0.11297542798794134,-1.0
0.00021188474472187154,0.0011968776671585093,0.0005051271651416833,,,0.2699999999999818,,0.38999999999987267,45.577689243027606,55.05132360885972,0.48425986219387984,0.0016756779974196373,1.4935714285714181,NEUTRAL,0.18409468911537338,-1.0
0.00014009040202803187,0.0011297691687486846,0.00043797218876595454,,,0.07000000000016371,,0.36999999999989086,44.20634920634923,54.7811993517029,0.47028438123209476,0.001611949579939406,1.4907142857142779,NEUTRAL,0.11913552479254297,-1.0
0.0002184703392917615,0.0012142746948139794,0.0005225362416207354,,,0.01999999999998181,,0.33999999999969077,45.73070607553392,50.67531064289572,0.4751413591018118,0.0015165436209992544,1.5114285714285935,NEUTRAL,0.13797253621207928,-1.0
0.0003142909928451403,0.0013335522747516078,0.0006418964307572704,,,0.01999999999998181,,0.38999999999987267,54.84140233722792,54.51107509454363,0.6712824746038761,0.0013787445198152732,1.4835714285714598,NEUTRAL,0.11914073603729432,-1.0
-9.899818670200309e-07,0.0010104429025096678,0.0003185632796089002,,,0.09999999999990905,,0.38999999999987267,54.61346633416297,54.67314964883723,0.5353707372088429,0.0012699179458478943,1.4221428571428791,NEUTRAL,0.030535937606593476,-1.0
-0.0004224285122251799,0.0005627153755751059,-0.00012947433420324396,,,1.0900000000001455,,0.3900000000003274,50.81206496519734,43.59805510534637,0.15065214534645816,0.0012936568156100689,1.527142857142865,NEUTRAL,0.1611970092906758,-1.0
-0.000516389154505981,0.00044574265956465723,-0.00024652806311124305,,,1.3799999999996544,,0.38999999999987267,46.290571870169764,23.933009184223568,0.09045254705090218,0.0013393389868889105,1.5678571428571624,NEUTRAL,0.44319307528129703,-1.0
-0.0009698070063248236,-6.726943401490935e-05,-0.0007598954583166651,,,2.050000000000182,,0.38999999999987267,41.02739726027273,8.405757953005502,-0.13805430055472465,0.001571069036377236,1.657857142857178,NEUTRAL,0.6011124536654019,1.0
-0.0005484557860187376,0.00035612801681517863,-0.00033620477111935364,,,0.34999999999990905,,0.3900000000003274,45.74669187145595,11.445699804519718,0.1686159481908779,0.0015934963050594285,1.7828571428571454,NEUTRAL,0.31008872828536976,-1.0
-0.0006082930772097618,0.0002664973038941392,-0.00042589756042889535,,,0.5900000000001455,,0.34999999999990905,44.09349336702369,16.706924315619926,0.1705080873531673,0.0016646579300104083,1.697857142857174,NEUTRAL,0.3545853428277474,-1.0
-0.0009164590307595427,-8.969458992134964e-05,-0.0007823361454249101,,,2.1399999999998727,,0.3900000000003274,26.708949964765907,16.34460547504147,0.024088735120463462,0.001861832871370629,1.5414285714285987,NEUTRAL,0.3884518991908591,1.0
-0.0007539548742162261,5.48054406855164e-05,-0.0006377360370685069,,,0.2699999999999818,,0.3900000000003274,34.512578616352855,12.75495412868346,0.13803411615797456,0.001966233369740739,1.3657142857143103,NEUTRAL,0.060360662534966913,-1.0
-0.00040222745281714533,0.0004084051777807344,-0.00028389140406719944,,,0.11000000000012733,,0.3900000000003274,39.10818713450345,17.932904796920866,0.3286100929402866,0.001991347385737688,1.4378571428572156,NEUTRAL,0.037528903085386846,-1.0
-0.00036547500889856036,0.0004332971422309777,-0.00025898219995428424,,,0.3400000000001455,,0.3900000000003274,38.34196891191734,31.805782869614077,0.3865770155732008,0.0019961707751625724,1.5178571428572079,NEUTRAL,0.15857672060054928,-1.0
-0.0001396391389323395,0.0006597570600229772,-3.236544068039853e-05,,,0.6399999999998727,,0.38999999999987267,41.90687361419061,44.73540643753466,0.44878217948739124,0.001997642214534254,1.492142857142913,NEUTRAL,0.12046632590950823,-1.0
0.00016192045715389907,0.0009706611446832884,0.0002787539697551671,,,0.580000000000382,,0.38999999999987267,47.353951890034544,56.519367157667034,0.5956288724431265,0.0020057482624487658,1.5650000000000546,NEUTRAL,0.1362139658887638,-1.0
-0.0002386611510318188,0.0005477842128589402,-0.00014441583793564582,,,0.42000000000007276,,0.3900000000003274,42.82162834058465,56.9558101473011,0.4124215946845426,0.0018675964794932897,1.609285714285761,NEUTRAL,0.2317503845047001,-1.0
-0.00042925872921428874,0.0003287425597091534,-0.00036360919482978515,,,0.01999999999998181,,0.38999999999987267,36.97426239799154,50.17150453687674,0.31937028882873214,0.0018689619384642934,1.6142857142857727,NEUTRAL,0.28192434510710634,-1.0
-0.00047549895681361714,0.0002664973038941392,-0.00042589756042889535,,,0.25,,0.38999999999987267,38.446475195823034,37.22525353433956,0.30457243519178173,0.0018447263133027027,1.6392857142857988,NEUTRAL,0.263942426541421,-1.0
-0.00035597539881387864,0.0003735543446860649,-0.0003187663741321586,,,0.09000000000014552,,0.38999999999987267,46.182357301706105,36.596213543597116,0.36917857733468673,0.0017433579556150936,1.4907142857143754,NEUTRAL,0.11717405948414895,-1.0
-0.0005184458412719541,0.00017934092211119136,-0.0005131143049294842,,,0.3000000000001819,,0.3900000000003274,46.0798816568052,36.04140436809981,0.3013656724856159,0.0016753524826543984,1.4614285714286714,NEUTRAL,0.18587801607893614,-1.0
-0.0006217318655679921,4.982337613156812e-05,-0.0006427215520979085,,,0.3000000000001819,,0.3000000000001819,52.00333889816353,30.240870240870237,0.23677665590852767,0.0016242810013795152,1.3450000000000923,NEUTRAL,0.0714131513267666,-1.0
-0.0003557591867258857,0.00031629412863457614,-0.00037606624743172115,,,0.09999999999990905,,0.38999999999987267,50.04344048653242,30.026640026637637,0.44497455426150556,0.0015092602741257992,1.2600000000000884,NEUTRAL,0.02698165326256406,-1.0
-0.00037742361630332467,0.000283926756859041,-0.000408456036183309,,,0.20000000000027285,,0.3900000000003274,51.539138082675194,35.018315018311746,0.4929084950483731,0.0012290879861670792,1.2800000000000702,NEUTRAL,0.02793439860912883,-1.0
-0.0004053739476781978,2.739801090432679e-05,-0.0004657661853750279,,,0.08000000000038199,,0.3900000000003274,55.43992431409638,39.26739926739862,0.35355863488369027,0.0010084747531795538,1.2228571428572,NEUTRAL,0.05415243900449377,-1.0
-0.0004371395112557134,-2.490858549133774e-05,-0.0005180985782180353,,,0.03999999999996362,,0.3900000000003274,52.1308225966292,37.828486025207404,0.34271324503072903,0.000987252156803868,1.319285714285765,NEUTRAL,0.052854006909363725,-1.0
-0.0009235501584565611,-0.0005757052389177739,-0.0010691668722757849,,,2.199999999999818,,0.3900000000003274,34.75499092559318,25.640790679618647,-0.09281803880775791,0.001178669109114525,1.4535714285714871,NEUTRAL,0.12265635154317901,-1.0
-0.001716060810413437,-0.001471732753287724,-0.001965636287441906,,,5.440000000000055,,0.38999999999987267,24.4750181028258,17.498534925421183,-0.31677781033804747,0.0017725042178286566,1.6450000000000469,NEUTRAL,0.2983539598338492,-1.0
-0.0016661924704302264,-0.001491718219916189,-0.001985631610457004,,,1.0300000000002,,0.38999999999987267,21.423276501115197,8.913713576800388,-0.13742288350294476,0.002210269911284457,1.755000000000044,NEUTRAL,0.6036183204073449,-1.0
-0.0016793201443545572,-0.0015791640160162613,-0.002073120532874403,,,1.430000000000291,,0.3900000000003274,13.180741910026342,9.115764508997739,-0.052098658636923756,0.002581623819788436,1.7335714285714598,NEUTRAL,0.5752474096371765,-1.0
-0.001989654884294554,-0.001986612825133157,-0.002480770286661256,,,3.2400000000002365,,0.38999999999987267,12.996108949419167,7.69174886549651,-0.08108792521708476,0.0030800787409870126,1.7442857142857195,NEUTRAL,0.7165412441421414,-1.0
-0.0022561333582955512,-0.0023618587278919126,-0.0028562012523344086,,,2.430000000000291,,0.38999999999987267,12.500000000002984,3.802650185090705,-0.057231586066416915,0.003616967505465324,1.853571428571448,NEUTRAL,0.5898640884518935,1.0
-0.001916438399305576,-0.0020866509252649816,-0.002580857723354053,,,0.8600000000001273,,0.38999999999987267,22.10095497953904,6.084853030633735,0.10669651441963439,0.0038528322864919543,1.9228571428571481,NEUTRAL,0.37687620183064674,1.0
-0.0018909244493559407,-0.002146683374186972,-0.0026409197789416306,,,1.6300000000001091,,0.3900000000003274,19.218025182242158,11.122483335273843,0.11063626212111684,0.004065761412974208,2.05428571428573,NEUTRAL,0.28974358027486075,1.0
-0.0022005387599554563,-0.002564608404024458,-0.003059050920087601,,,3.200000000000273,,0.38999999999987267,18.079800498755034,14.13561869484336,0.07639342854428931,0.004307253752405932,2.1907142857142907,NEUTRAL,0.5240929336090725,1.0
-0.001491282937694529,-0.0018915951287683127,-0.002385705729686664,,,0.7100000000000364,,0.3900000000003274,30.061349693253874,18.820307435173664,0.2451909581431106,0.004198601392175992,2.3992857142857247,NEUTRAL,0.5528205742148223,1.0
-0.0006136341809292739,-0.0010023038027705427,-0.0014959758250306673,,,1.0299999999997453,,0.38999999999987267,39.1262135922334,34.183266932270136,0.49201211443066745,0.004041817164037119,2.602857142857179,NEUTRAL,0.6735475385631163,-1.0
-0.000176957489188909,-0.0005582498866055507,-0.0010517029113729097,,,1.819999999999709,,0.38999999999987267,42.999999999999275,55.495785652860626,0.5960987135298641,0.003931812481688808,2.746428571428591,NEUTRAL,0.8992243880430585,-1.0
-0.00020123439444413692,-0.0005931612002791619,-0.0010866314425281944,,,1.7899999999999636,,0.38999999999987267,44.45488721804487,70.81382079961027,0.6054024643028141,0.003828518678613461,2.8035714285714612,NEUTRAL,0.9065663329897985,-1.0
-0.0007295830419476397,-0.0011720464429637995,-0.001665802178510227,,,0.30999999999994543,,0.38999999999987267,40.67067927773058,69.9545038418948,0.48462158053617316,0.003672425105328086,2.830714285714326,NEUTRAL,0.7964723884149774,-1.0
-0.0008420247155468344,-0.001324364566887993,-0.0018181954223377202,,,0.44000000000005457,,0.3900000000003274,43.514259429622506,64.83798395425568,0.4436011983919263,0.0035392945698889933,2.73785714285717,NEUTRAL,0.6140891322487674,-1.0
-0.0010108059622949373,-0.0015416853764407253,-0.0020356234096692884,,,0.849999999999909,,0.38999999999987267,48.83840991223588,56.35618970251201,0.39896778447072234,0.0034333871101989073,2.5950000000000273,NEUTRAL,0.53685922308385,-1.0
-0.001366234467348926,-0.0019741094669905213,-0.0024682607621411045,,,0.010000000000218279,,0.3900000000003274,45.3282223287019,48.42171717171789,0.2975452611647418,0.0032478900968897074,2.593571428571425,NEUTRAL,0.6446748874992713,-1.0
-0.0016461758789232128,-0.002336833590484925,-0.0028311637730875027,,,1.4600000000000364,,0.38999999999987267,43.11759343664545,35.76388888888885,0.2054626514490332,0.0030516880357535784,2.6892857142857207,NEUTRAL,0.43269543687997697,1.0
-0.001495112917937654,-0.0022467534412773543,-0.0027410391983583764,,,0.8600000000001273,,0.38999999999987267,47.12586719524322,26.01010101010046,0.2281938592312267,0.0028364532104531654,2.6614285714286194,NEUTRAL,0.5357126971741158,1.0
-0.0009602129294259336,-0.0017241078178684213,-0.0022181358177786026,,,0.8699999999998909,,0.3900000000003274,56.07917059377921,29.071969696968534,0.463135143556365,0.0024566132204301744,2.670714285714309,NEUTRAL,0.5313303263271157,-1.0
-0.0009619624520466604,-0.0017640996978324688,-0.002258147420846364,,,0.10999999999967258,,0.38999999999987267,52.066532258063766,36.1742424242413,0.4643670039034249,0.002268611814094568,2.6207142857142895,NEUTRAL,0.5906927660420446,-1.0
-0.0008084207210206878,-0.0016566287604725203,-0.0021506234812158124,,,0.4699999999997999,,0.3900000000003274,55.018013381368476,44.25505050504925,0.5093999576351218,0.002256139028499039,2.5442857142857065,NEUTRAL,0.6096619129072518,-1.0
-0.0011116936589285803,-0.0020191230167545143,-0.002513296511584416,,,0.07999999999992724,,0.38999999999987267,54.429735234216515,35.94088082112826,0.32840257212203655,0.002276298223973256,2.466428571428586,NEUTRAL,0.5494263941003849,-1.0
-0.0007479039361319756,-0.0016666250842045586,-0.002160624734911881,,,0.44000000000005457,,0.36000000000012733,52.645502645502695,34.46117682322174,0.5226768417676833,0.002272096285151063,2.338571428571413,NEUTRAL,0.6155649750824879,-1.0
-0.0009055471802169395,-0.0018640933693675444,-0.0023581904070312187,,,0.2699999999999818,,0.38999999999987267,38.51050286441863,29.29207071358246,0.44074559173925887,0.0022590962272650518,2.119285714285687,NEUTRAL,0.46968825003229914,-1.0
-0.000906772968896044,-0.0019040964276356286,-0.002398213193915907,,,0.03999999999996362,,0.38000000000010914,31.444367657222543,33.04084964790224,0.399208230999222,0.002188282490799707,2.050714285714256,NEUTRAL,0.4855190903341751,-1.0
-0.0011618509264349518,-0.0022167303227739357,-0.0027110012731221766,,,0.5199999999999818,,0.38999999999987267,29.054916985952048,26.01593256187411,0.2700782792586827,0.002226789567733544,2.0299999999999727,NEUTRAL,0.22008052185990756,1.0
-0.0014160168311050797,-0.002542076611896392,-0.003036508015781928,,,1.7000000000002728,,0.38999999999987267,30.86838534599707,19.124471383142545,0.1586776167381094,0.0023096345579879302,2.0257142857142623,NEUTRAL,0.22532464865741886,1.0
0.0008725490670779207,-0.00019930343449648028,-0.0006925794348751613,,,1.3299999999999272,,0.0,59.69827586206866,41.95402550560275,1.05422567526624,0.0025520945615465293,2.5378571428571246,NEUTRAL,0.7229318564592623,1.0
0.0007815905517571805,-0.0002566178760511243,-0.0007499221426347476,,,0.6599999999998545,,0.0,61.39184397163049,68.56498167956825,0.954145796964324,0.002803885387587234,2.4342857142856764,NEUTRAL,0.7327029650912985,1.0
0.0008561247053750322,-0.00014697859343980866,-0.0006402287883732866,,,1.099999999999909,,0.0,66.99484294420937,97.57833533825833,0.9434796499077087,0.00302757660206145,2.3214285714285716,NEUTRAL,0.6577795990526591,1.0
0.0009097686910403364,-5.230946278182629e-05,-0.0005455129690103933,,,1.4800000000000182,,0.0,72.48023715415033,97.59466598118888,0.9418234010371483,0.003193540229727912,2.2564285714285495,NEUTRAL,0.6996401992549984,1.0
0.0008828663334948092,-4.9818411888733776e-05,-0.0005430206895865299,,,1.4899999999997817,,0.0,72.42574257425699,98.18486253411858,0.9138511374491888,0.0033502334578157595,2.220714285714231,NEUTRAL,0.7257898389235915,1.0
0.001033751712277913,0.00014942545910970047,-0.00034367855595239034,,,2.2899999999999636,,0.0,70.0698549167115,96.52514236801044,0.9193820264536832,0.003631162042127112,2.1564285714285103,NEUTRAL,0.8284880261655256,1.0
0.0006572697819402151,-0.00019930343449648028,-0.0006925794348751613,,,0.8899999999998727,,0.0,65.79212916246222,90.32600407815534,0.7956267975592569,0.0037800062610662943,2.174285714285653,NEUTRAL,0.8132726038590364,1.0
0.0009386303255805382,0.0001145635130153071,-0.00037855769518146774,,,2.149999999999636,,0.0,67.27799227799171,87.68406961177975,0.8387676365287615,0.003981887613798336,2.309285714285644,NEUTRAL,0.9488156021603288,1.0
0.0009650669306163719,0.0001793051923794795,-0.0003137840866642307,,,2.4099999999998545,,0.0,73.95833333333195,86.83436476457045,0.8178552406445115,0.004111614237863379,2.289999999999899,NEUTRAL,0.9457814417501655,1.0
0.0006087510680708153,-0.0001395040630559362,-0.0006327505717176483,,,1.1299999999996544,,0.0,66.47090229578033,86.43571710851592,0.7174542476484826,0.004040048524825586,2.280714285714209,NEUTRAL,0.9471700253804091,1.0
0.0005272391371593776,-0.00019930343449648028,-0.0006925794348751613,,,0.4600000000000364,,0.0,68.18181818181716,82.04533745492074,0.6823600000657783,0.00391063036076294,2.2621428571427975,NEUTRAL,0.9382528919439777,1.0
0.0011582498756634082,0.0004780043319141629,-1.493763537242019e-05,,,2.2599999999997635,,0.0,73.21428571428517,85.11116548210786,0.8186181635796927,0.004022202112297355,2.313571428571387,NEUTRAL,0.9262651237663543,1.0
0.0011208092583655028,0.0004904462563016866,-2.489574905139299e-06,,,1.5,,0.0,77.85166240409083,90.88130919287461,0.7899465404552012,0.004074295604334302,2.357142857142825,NEUTRAL,0.7417820419196962,1.0
0.0010005953527132505,0.00041330133152738603,-7.967254583665229e-05,,,1.1900000000000546,,0.0,81.47751605995727,92.93082211155722,0.7451485142171216,0.004078216003879212,2.2399999999999767,NEUTRAL,0.7838069648149307,1.0
0.0011639324617183939,0.0006297746502011907,0.00013690753265237863,,,2.0599999999999454,,0.0,66.24390243902403,92.9574775775428,0.7733157964340257,0.0039487220415981225,1.656428571428543,NEUTRAL,0.7407912798332833,1.0
0.0012302954702734722,0.0007491680749864388,0.00025635983961325636,,,1.0099999999997635,,0.0,69.23809523809507,91.51481667363642,0.77561096801416,0.003909035375037906,1.689999999999957,NEUTRAL,0.518404051946608,-1.0
0.0014556504709608493,0.0010375844436978858,0.0005449184488484803,,,1.3099999999999454,,0.0,71.21212121212054,96.96143976731817,0.8204247419453246,0.0038123936474998028,1.7249999999999415,NEUTRAL,0.28086177064577256,-1.0
0.0015359081475597664,0.001181730202287332,0.0006891352969128186,,,0.650000000000091,,0.0,71.71628721541158,95.5448229113736,0.8337673733265591,0.003627705267333623,1.6864285714285157,NEUTRAL,0.1760792524731957,-1.0
0.0016585829647639823,0.0013655799237364112,0.000873075688946206,,,1.0099999999997635,,0.0,73.41563786008236,97.96536796536883,0.880593012874518,0.00319356549356459,1.6928571428570973,NEUTRAL,0.13635935431730084,-1.0
0.0016439686699339596,0.001425192326346662,0.0009327174910645664,,,0.2600000000002183,,0.0,72.13114754098379,95.39827344961681,0.9858698954488218,0.002218473869079156,1.6278571428571078,NEUTRAL,0.04047334343901167,-1.0
0.001251496195722939,0.001079838372578995,0.0005871932164254047,,,0.14000000000032742,,0.0,72.19343696027505,89.329484206963,0.797145787759515,0.0022472331253266635,1.599285714285705,NEUTRAL,0.14972742938205358,-1.0
0.0015575472580439652,0.0014525122990980723,0.0009600509374175308,,,0.36999999999989086,,0.0,72.75803722504158,87.10288475671331,0.9089013870878444,0.0023370325056355635,1.477142857142878,NEUTRAL,0.07268816017636069,-1.0
0.001298777880053843,0.001248818349171596,0.0007562565301756216,,,0.4499999999998181,,0.0,67.36672051696343,83.80022777289439,0.7905304852849422,0.0023460280452594377,1.4164285714285987,NEUTRAL,0.08933733742506812,-1.0
0.001399388284321828,0.0014053223162695623,0.0009128376815414317,,,0.1799999999998363,,0.0,76.47058823529525,88.60325621250969,0.8211300101094612,0.002383548627820024,1.345714285714296,NEUTRAL,0.02482160807711963,-1.0
0.001449591956637984,0.0015145975870892844,0.0010221668444887978,,,0.6199999999998909,,0.0,78.8767812238054,89.2790535237222,0.8302026788505782,0.0024124761644471254,1.336428571428574,NEUTRAL,0.023819824641149626,-1.0
0.0013294751141932032,0.0014500287269841956,0.0009575661404612507,,,0.36000000000012733,,0.0,70.64413938754167,91.6928406977642,0.7739088912194959,0.0024342440065185,1.184285714285709,NEUTRAL,0.02639172975832536,-1.0
0.0012713820811199286,0.0014450615456935289,0.0009525965094674978,,,0.3400000000001455,,0.0,70.3389830508491,91.01951956171995,0.7501750075111803,0.002316296358816989,1.0757142857142818,NEUTRAL,0.019757226698839024,-1.0
0.0012841828600347472,0.0015121143238013576,0.0010196823565107736,,,0.6100000000001273,,0.0,73.51063829787364,90.26758170571111,0.7539240129572397,0.002271158291812256,1.0342857142856832,NEUTRAL,0.014170936585723643,-1.0
0.0012988705460987044,0.0015766751551805694,0.001084275027852855,,,0.8699999999998909,,0.0,71.67235494880636,92.82668504469366,0.7571313039499535,0.002222350547496926,0.9878571428570727,NEUTRAL,0.014039633591978951,-1.0
0.0013452221933347383,0.0016735007497183938,0.001181148374615505,,,1.2600000000002183,,0.0,71.37931034482949,96.5846182356177,0.7863374801595948,0.0020176493674964172,0.9635714285713805,NEUTRAL,0.013912625160674449,-1.0
0.0011350642258666586,0.0015096310481613861,0.0010171978561746126,,,0.599999999999909,,0.0,61.5853658536587,84.6080064585166,0.7004661651291142,0.0016363025800495068,1.007857142857087,NEUTRAL,0.024372198826654354,-1.0
0.0008678457103455145,0.0012786324105952041,0.0007860852952297196,,,0.32999999999992724,,0.0,52.2807017543853,62.42794436813988,0.5378127140302419,0.0014967550056232959,1.1164285714285143,NEUTRAL,0.05923590929944192,-1.0
0.0008313589976553233,0.0012736635239682307,0.0007811139580586265,,,0.34999999999990905,,0.0,47.637292464879344,39.24699842086903,0.5093616752546403,0.001328637740760631,1.1099999999999324,NEUTRAL,0.03741272907792247,-1.0
0.0008400409661889703,0.0013109289685451627,0.0008183977811221162,,,0.1999999999998181,,0.0,47.0284237726095,31.813865147199763,0.5045685675095543,0.001061757204189105,1.0799999999999272,NEUTRAL,0.037416413379192465,-1.0
0.0006890760943164126,0.0011842151091915403,0.0006916214293177193,,,0.27999999999974534,,0.0,53.061224489796594,28.205128205128204,0.3260656610075241,0.0008609338162594258,1.0314285714284779,NEUTRAL,0.04318498968931902,-1.0
0.0003811170320139641,0.00088593797438742,0.00039319719087979794,,,0.5399999999999636,,0.0,32.62195121951278,19.646587979921655,-0.07731741374830028,0.0007882670842110474,1.0135714285713024,NEUTRAL,0.07039586048155949,-1.0
0.0001651102946276435,0.0006795253776593009,0.00018668279606024626,,,1.0099999999997635,,0.0,32.572298325722485,13.085187287065443,-0.17581919858094883,0.0009523865363263512,1.0807142857141636,NEUTRAL,0.10187042610094542,-1.0
-0.0001429421624377655,0.0003635240921856218,-0.00012947433420324396,,,1.300000000000182,,0.0,20.94313453536914,6.43751397272674,-0.21789756697561116,0.0012796700669827357,1.1128571428570402,NEUTRAL,0.12831845737326555,1.0
-5.460335358676763e-07,0.00050786443007154,1.493718911973786e-05,,,0.7199999999997999,,0.0,22.448979591841663,8.816691415801687,-0.004095015279095307,0.001451137624551554,1.1221428571427299,NEUTRAL,0.14342580446124728,-1.0
-0.0001166259381315647,0.0003884133315406428,-0.00010457282003019484,,,1.199999999999818,,0.0,21.79656538970029,5.471900004895659,0.008305950058816007,0.0016251854755710477,1.152142857142735,NEUTRAL,0.1399168579633536,-1.0
-2.3725255978403077e-05,0.0004954229393268177,2.4895625091213914e-06,,,0.7699999999999818,,0.0,26.065162907269936,9.742733338229783,0.11858417076667663,0.001738009139337392,1.1914285714284623,NEUTRAL,0.07404268661552238,-1.0
5.360925942832879e-05,0.0005650912983408176,7.219228040476559e-05,,,0.4899999999997817,,0.0,26.157697121405505,13.3981984626446,0.19369837175619709,0.001791886650112076,1.3035714285713311,NEUTRAL,0.03506278640069148,-1.0
0.0008116938632697393,0.0013581278729627043,0.0008656199629871758,,,0.010000000000218279,,0.0,45.97069597069583,34.87910583941708,0.6328603142192494,0.0018014895651560332,1.5349999999999195,NEUTRAL,0.06754481399295625,-1.0
0.0002824823683111937,0.00084366763974642,0.00035090600945202776,,,0.0,,0.0,36.746031746031555,43.600973236010496,0.3621888387304913,0.001796399198561603,1.7064285714284975,NEUTRAL,0.278125248779608,-1.0
0.00038588236874627125,0.0009605239583539886,0.00046781995899101547,,,0.11999999999989086,,0.0,41.09589041095865,53.02219751012362,0.4413480822930346,0.001754161237413582,1.6135714285713416,NEUTRAL,0.24481478352036973,-1.0
0.0005198113908824542,0.0011146330419032403,0.0006220050457049307,,,0.2199999999997999,,0.0,47.272727272727955,50.269848217772,0.5397049466102912,0.001717075743313688,1.4728571428571027,NEUTRAL,0.09116770924723891,-1.0
0.00038753066959131195,0.000997812774491766,0.0005051271651416833,,,0.2699999999999818,,0.0,45.577689243027606,55.051323608859725,0.4842598621937842,0.0016756779974094536,1.4935714285714181,NEUTRAL,0.15642408000005067,-1.0
0.000319979635777438,0.000948093734369504,0.0004553836046971518,,,0.07000000000016371,,0.0,44.20634920634923,54.78119935170292,0.4702843812318945,0.001611949579928543,1.4907142857142779,NEUTRAL,0.21693292557848978,-1.0
0.0002899289255053187,0.0009257185516983452,0.0004329973870846788,,,0.01999999999998181,,0.0,45.73070607553392,50.67531064289574,0.47514135910156696,0.0015165436209843173,1.5114285714285935,NEUTRAL,0.19151276037034348,-1.0
0.0005274034215179851,0.001174275407388929,0.0006816768254757511,,,0.01999999999998181,,0.0,54.84140233722792,54.51107509454365,0.6712824746058117,0.001378744519801015,1.4835714285714598,NEUTRAL,0.10875287104889748,-1.0
0.0002991263328001754,0.0009555519058780603,0.0004628454544096413,,,0.09999999999990905,,0.0,54.61346633416297,54.67314964883724,0.5353707372092715,0.0012699179458325039,1.4221428571428791,NEUTRAL,0.12065694412768964,-1.0
-0.00022178603799491054,0.00041579006336431876,-7.71825866126555e-05,,,1.0900000000001455,,0.0,50.81206496519734,43.59805510534638,0.15065214534296578,0.0012936568155964886,1.527142857142865,NEUTRAL,0.27655258051863296,-1.0
-0.00036202512470418543,0.00026893367796684326,-0.00022411139830574048,,,1.3799999999996544,,0.0,46.290571870169764,23.93300918422358,0.09045254704591874,0.0013393389868726132,1.5678571428571624,NEUTRAL,0.5731399558470514,-1.0
-0.0008591814624307872,-0.0002640941570414479,-0.0007574021107601971,,,2.050000000000182,,0.0,41.02739726027273,8.405757953005516,-0.1380543005601687,0.001571069036363654,1.657857142857178,NEUTRAL,0.5923815746198259,1.0
-0.0004113070488882895,0.00015938556863288837,-0.0003337135343252127,,,0.34999999999990905,,0.0,45.74669187145595,11.445699804519727,0.16861594818810027,0.001593496305046072,1.7828571428571454,NEUTRAL,0.5402763394926698,-1.0
-0.0004553655964284185,9.962193475750432e-05,-0.0003935066422925951,,,0.5900000000001455,,0.0,44.09349336702369,16.706924315619936,0.17050808735128525,0.0016646579300008998,1.697857142857174,NEUTRAL,0.5843763185483469,-1.0
-0.000815238809521342,-0.00028652367059247885,-0.000779842686047321,,,2.1399999999998727,,0.0,26.708949964765907,16.34460547504148,0.024088735117633625,0.0018618328713590829,1.5414285714285987,NEUTRAL,0.519916734647722,1.0
-0.0006415969304147581,-0.0001370125777546832,-0.0006302578576713841,,,0.2699999999999818,,0.0,34.512578616352855,12.75495412868347,0.13803411615597394,0.0019662333697298717,1.3657142857143103,NEUTRAL,0.09107838671404268,-1.0
-0.000276309563570938,0.00021914205883955673,-0.0002739275735496441,,,0.11000000000012733,,0.0,39.10818713450345,17.932904796920877,0.3286100929394292,0.001991347385727726,1.4378571428572156,NEUTRAL,0.061858523462878304,-1.0
-0.00016335038632925256,0.00033116622801664477,-0.00016184815654951955,,,0.3400000000001455,,0.0,38.34196891191734,31.805782869614088,0.38657701557262186,0.001996170775152384,1.5178571428572079,NEUTRAL,0.16491635596351625,-1.0
-3.2286871452756456e-05,0.00045311955385144375,-3.983468605295753e-05,,,0.6399999999998727,,0.0,41.90687361419061,44.735406437534664,0.44878217948718807,0.00199764221452633,1.492142857142913,NEUTRAL,0.13152192743058722,-1.0
0.0002645553986377043,0.0007566292168389733,0.00026382466113463154,,,0.580000000000382,,0.0,47.353951890034544,56.519367157667034,0.595628872443647,0.0020057482624390305,1.5650000000000546,NEUTRAL,0.1471192570014727,-1.0
-0.00013442681698281643,0.0003510790077162322,-0.00014192555631087266,,,0.42000000000007276,,0.0,42.82162834058465,56.955810147301115,0.41242159468417094,0.001867596479485365,1.609285714285761,NEUTRAL,0.2780019795729271,-1.0
-0.00033172564043661975,0.00014195524674056033,-0.0003511524524637477,,,0.01999999999998181,,0.0,36.97426239799154,50.171504536876746,0.31937028882786855,0.0018689619384541047,1.6142857142857727,NEUTRAL,0.5347614162682246,-1.0
-0.00038052083513315975,7.471831196382815e-05,-0.0004184225469978907,,,0.25,,0.0,38.446475195823034,37.225253534339565,0.3045724351906783,0.0018447263132922865,1.6392857142857988,NEUTRAL,0.5530002630016382,-1.0
-0.0002814791063530401,0.00015938556863288837,-0.0003337135343252127,,,0.09000000000014552,,0.0,46.182357301706105,36.596213543597116,0.3691785773338201,0.001743357955603545,1.4907142857143754,NEUTRAL,0.3600998479067879,-1.0
-0.0004244633684007794,4.9815681976640955e-06,-0.0004881936833715344,,,0.3000000000001819,,0.0,46.0798816568052,36.04140436809981,0.30136567248424656,0.001675352482642849,1.4614285714286714,NEUTRAL,0.24950834245623754,-1.0
-0.0005519425694786401,-0.00014448707089840615,-0.0006377360370685069,,,0.3000000000001819,,0.0,52.00333889816353,30.240870240870247,0.23677665590694952,0.001624281001369777,1.3450000000000923,NEUTRAL,0.08498720011438787,-1.0
-0.0002324102700265068,0.0001618755650078911,-0.00033122230993950385,,,0.09999999999990905,,0.0,50.04344048653242,30.026640026637637,0.44497455426114296,0.001509260274113796,1.2600000000000884,NEUTRAL,0.05151233556154781,-1.0
-0.00019881681640022194,0.00018677484665785088,-0.00030631074851888,,,0.20000000000027285,,0.0,51.539138082675194,35.01831501831175,0.4929084950483842,0.0012290879861530369,1.2800000000000702,NEUTRAL,0.045755279271498944,-1.0
-0.0003597789258722863,0.0,-0.0004931777083675863,,,0.08000000000038199,,0.0,55.43992431409638,39.26739926739863,0.3535586348817168,0.0010084747531659635,1.2228571428572,NEUTRAL,0.04775920415701512,-1.0
-0.0003596249474708502,-2.9890451495355924e-05,-0.0005230829011673128,,,0.03999999999996362,,0.0,52.1308225966292,37.828486025207404,0.34271324502845557,0.000987252156789598,1.319285714285765,NEUTRAL,0.04802926819896924,-1.0
-0.0009100746126695369,-0.000618099344515619,-0.001111581885701477,,,2.199999999999818,,0.0,34.75499092559318,25.640790679618657,-0.09281803880753006,0.001178669109114978,1.4535714285714871,NEUTRAL,0.15490932687815598,-1.0
-0.0016497421882956122,-0.0014267683696428228,-0.0019206497283653207,,,5.440000000000055,,0.0,24.4750181028258,17.498534925421186,-0.3167778103417415,0.0017725042178205017,1.6450000000000469,NEUTRAL,0.33070654720693815,-1.0
-0.0016175913762967726,-0.0014692346260436998,-0.0019631369281772125,,,1.0300000000002,,0.0,21.423276501115197,8.913713576800394,-0.13742288350549284,0.0022102699112756213,1.755000000000044,NEUTRAL,0.42425508354016556,-1.0
-0.0016440212977779486,-0.0015691694378682293,-0.002063121025623224,,,1.430000000000291,,0.0,13.180741910026342,9.115764508997744,-0.05209865863682685,0.002581623819788889,1.7335714285714598,NEUTRAL,0.31779966427674067,-1.0
-0.002021466576015162,-0.0020216238881069523,-0.0025157986163108566,,,3.2400000000002365,,0.0,12.996108949419167,7.691748865496514,-0.08108792521823896,0.0030800787409808947,1.7442857142857195,NEUTRAL,0.4651002548719039,-1.0
-0.0022631620022790554,-0.0023593561579196404,-0.0028536974481504123,,,2.430000000000291,,0.0,12.500000000002984,3.8026501850907093,-0.057231586066319354,0.0036169675054655514,1.853571428571448,NEUTRAL,0.2702266055153303,1.0
-0.0017899274310205673,-0.0019666076018867726,-0.0024607551972847157,,,0.8600000000001273,,0.0,22.10095497953904,6.084853030633741,0.10669651441926423,0.003852832286488328,1.9228571428571481,NEUTRAL,0.1459390357983656,-1.0
-0.0019161106852690027,-0.0021591910397316338,-0.002653433612988123,,,1.6300000000001091,,0.0,19.218025182242158,11.122483335273849,0.11063626212076953,0.0040657614129705815,2.05428571428573,NEUTRAL,0.11012096574343115,1.0
-0.0022361971772919898,-0.0025520906166970293,-0.0030465269592665043,,,3.200000000000273,,0.0,18.079800498755034,14.135618694843366,0.07639342854420013,0.004307253752405025,2.1907142857142907,NEUTRAL,0.20647549862125514,1.0
-0.0015569847446003555,-0.0019290999613181812,-0.0024232290587839025,,,0.7100000000000364,,0.0,30.061349693253874,18.82030743517367,0.24519095814291794,0.004198601392172817,2.3992857142857247,NEUTRAL,0.24280082109633844,1.0
-0.0005601277402100234,-0.0009548859995762556,-0.0014485346364328652,,,1.0299999999997453,,0.0,39.1262135922334,34.183266932270136,0.49201211443065895,0.00404181716403281,2.602857142857179,NEUTRAL,0.6402809605974386,-1.0
-0.00016920381809961,-0.0005806925943003358,-0.0010741566873108451,,,1.819999999999709,,0.0,42.999999999999275,55.495785652860626,0.5960987135298386,0.00393181248169221,2.746428571428591,NEUTRAL,0.8841344375790368,-1.0
-0.000165920833612127,-0.0005881737205975764,-0.001081641503132809,,,1.7899999999999636,,0.0,44.45488721804487,70.81382079961027,0.605402464302889,0.0038285186786107396,2.8035714285714612,NEUTRAL,0.892444256609297,-1.0
-0.0006586400615879379,-0.001112130702786819,-0.001605856889225811,,,0.30999999999994543,,0.0,40.67067927773058,69.9545038418948,0.4846215805361589,0.0036724251053246847,2.830714285714326,NEUTRAL,0.8092866756861484,-1.0
-0.0008266066391318337,-0.0013218671747957794,-0.001815696798587398,,,0.44000000000005457,,0.0,43.514259429622506,64.83798395425568,0.4436011983919082,0.0035392945698878592,2.73785714285717,NEUTRAL,0.6048575126935354,-1.0
-0.0009961718452567475,-0.0015391869001973434,-0.0020331237012331184,,,0.849999999999909,,0.0,48.83840991223588,56.35618970251201,0.39896778447075504,0.003433387110197774,2.5950000000000273,NEUTRAL,0.34755174237710146,-1.0
-0.0013581663097892343,-0.001956605289822195,-0.0024507479523027957,,,0.010000000000218279,,0.0,45.3282223287019,48.42171717171789,0.29754526116469937,0.003247890096889027,2.593571428571425,NEUTRAL,0.46712503398660093,-1.0
-0.0016689126509046891,-0.00232432149036203,-0.0028186455022757425,,,1.4600000000000364,,0.0,43.11759343664545,35.76388888888885,0.20546265144884274,0.00305168803575199,2.6892857142857207,NEUTRAL,0.16028088796974402,-1.0
-0.001590583496476195,-0.002311809702610452,-0.002806127543989354,,,0.8600000000001273,,0.0,47.12586719524322,26.01010101010046,0.22819385923107452,0.0028364532104515772,2.6614285714286194,NEUTRAL,0.25831380836301066,-1.0
-0.0009560050007065441,-0.0017141103467893106,-0.0022081334161696154,,,0.8699999999998909,,0.0,56.07917059377921,29.071969696968534,0.4631351435563275,0.002456613220427678,2.670714285714309,NEUTRAL,0.26222775056902453,-1.0
-0.0009559770777922854,-0.0017616001117843564,-0.0022556466020581326,,,0.10999999999967258,,0.0,52.066532258063766,36.1742424242413,0.4643670039034641,0.0022686118140970643,2.6207142857142895,NEUTRAL,0.43450800481139473,-1.0
-0.0008401016868767237,-0.0016716233208918666,-0.002165625436618104,,,0.4699999999997999,,0.0,55.018013381368476,44.25505050504925,0.5093999576351834,0.0022561390284963163,2.5442857142857065,NEUTRAL,0.3762092596532553,-1.0
-0.0012311476488534555,-0.0021166662506552224,-0.002610887851633686,,,0.07999999999992724,,0.0,54.429735234216515,35.94088082112826,0.32840257212186547,0.0022762982239709867,2.466428571428586,NEUTRAL,0.37492076005865776,-1.0
-0.0007616644963169788,-0.0016791207694514833,-0.0021731265827522202,,,0.44000000000005457,,0.0,52.645502645502695,34.46117682322174,0.5226768417677468,0.0022720962851497015,2.338571428571413,NEUTRAL,0.3797361014423641,-1.0
-0.0008965787415237009,-0.0018565931515668883,-0.0023506864902903355,,,0.2699999999999818,,0.0,38.51050286441863,29.29207071358246,0.4407455917396517,0.002259096227280029,2.119285714285687,NEUTRAL,0.3146662550721077,-1.0
-0.000918424631263162,-0.0019215987701768553,-0.0024157241682223195,,,0.03999999999996362,,0.0,31.444367657222543,33.04084964790224,0.3992082309991697,0.0021882824907985725,2.050714285714256,NEUTRAL,0.3405714587766816,-1.0
-0.0011814107568284564,-0.0022267378290804153,-0.002721013714907683,,,0.5199999999999818,,0.0,29.054916985952048,26.01593256187411,0.27007827925857375,0.0022267895677315023,2.0299999999999727,NEUTRAL,0.09731829434823573,-1.0
-0.0014549016373221256,-0.002522049202433244,-0.0030164707292468767,,,1.7000000000002728,,0.0,30.86838534599707,19.124471383142545,0.1586776167381094,0.0023096345579879302,2.0257142857142623,NEUTRAL,0.08853311641272463,-1.0
-0.0010335533913376721,-0.002129173166926727,-0.002623400936037496,,,0.2300000000000182,,0.38999999999987267,39.16720884840679,20.181855802158235,0.3008784088638512,0.002216616404972399,1.986428571428535,NEUTRAL,0.40768209333973515,-1.0
-0.0013666968337504532,-0.0025345662395777117,-0.0030289939395150385,,,1.9800000000000182,,0.38999999999987267,37.04615384615446,17.359796898362124,0.13986093680518588,0.0023462607278365477,1.9964285714285583,NEUTRAL,0.27357858231916193,-1.0
-0.0017626927028448337,-0.0030204687347758995,-0.0035151360709922987,,,3.7100000000000364,,0.38999999999987267,36.90987124463594,14.661571302940937,0.027746126246507574,0.002484812148230552,2.0021428571428714,NEUTRAL,0.4506121842206228,-1.0
-0.001936556238789553,-0.0032836537019822693,-0.003778450835157672,,,1.0199999999999818,,0.3900000000003274,38.00505050505181,7.017472163239975,-0.016520849855187644,0.0024949108304819748,1.9607142857143052,NEUTRAL,0.5335252775217787,-1.0
-0.0018359706930355202,-0.0032535684298908435,-0.0037483507256807,,,0.7000000000002728,,0.38999999999987267,37.92667509481629,7.9098579098583075,0.01806637652550027,0.002381175002666814,1.9307142857143,NEUTRAL,0.46318952111131756,-1.0
-0.0017583208303152572,-0.0032535684298908435,-0.0037483507256807,,,0.5599999999999454,,0.3799999999996544,27.634487840827433,11.64895710350298,0.07737011766888172,0.002382454578934283,1.8035714285714286,NEUTRAL,0.2562357064801862,-1.0
-0.0016122252625378362,-0.0031633234385776312,-0.0036580612275494808,,,0.25,,0.2899999999999636,29.656683710739586,13.980716253443854,0.14524180023306482,0.0023624433534574683,1.7728571428571545,NEUTRAL,0.13361106892561267,-1.0
-0.0019385030880452528,-0.0035846056933737653,-0.004079551249362611,,,1.9600000000000364,,0.2699999999999818,24.601063829788373,10.44753830035919,0.03472219454062201,0.002499888058129708,1.794285714285739,NEUTRAL,0.17109493474874138,-1.0
-0.0027637850195903137,-0.004568975008257238,-0.005064406033248986,,,5.889999999999873,,0.38999999999987267,21.524141942991065,8.169382809037986,-0.1481124750184633,0.0031081718821783883,2.052142857142891,NEUTRAL,0.6345387468002065,-1.0
-0.0027047945615872727,-0.0046242774566474035,-0.0051197357555739145,,,0.5799999999999272,,0.38999999999987267,12.420382165606256,3.549290257911224,-0.04401735858473344,0.003611058582176362,1.9864285714286,NEUTRAL,0.5733279286911643,-1.0
-0.0027410166458190052,-0.004765074804667075,-0.005260602541707028,,,1.0799999999999272,,0.3700000000003456,12.588766946418247,4.3690192471887555,0.013628334779124788,0.00404544668601059,1.967142857142887,NEUTRAL,0.716506632696921,-1.0
-0.0023366372691560966,-0.004443310266148335,-0.004938679316090547,,,0.11999999999989086,,0.38999999999987267,19.172245891661802,6.8528600239994,0.13328096715915186,0.004175393239032882,1.9535714285714871,NEUTRAL,0.6093167587748813,-1.0
-0.0024728773057138857,-0.004689642746318915,-0.005185133281949194,,,0.5399999999999636,,0.38000000000010914,19.848771266540794,8.239869868358468,0.13770133190313127,0.004287970329553638,1.9685714285714897,NEUTRAL,0.7057150951032027,-1.0
-0.0032798438785712615,-0.005666105566911233,-0.006162077672237677,,,4.619999999999891,,0.3900000000003274,16.78209909429991,10.044821954543929,-0.010146840444420074,0.00465573200003722,2.1628571428571894,NEUTRAL,0.826936479503618,-1.0
-0.003382991280601511,-0.005915558595599818,-0.006411653725599297,,,2.0399999999999636,,0.38999999999987267,9.150326797384892,6.157453381881596,0.017852763435399963,0.005083848611440166,2.189285714285753,NEUTRAL,0.8486913180146463,-1.0
-0.00305272167905493,-0.005696335708059097,-0.006192322722217276,,,1.2600000000002183,,0.38999999999987267,14.146060954569663,5.953434872985789,0.10310417372064871,0.005178115467999027,2.092142857142887,NEUTRAL,0.823247307983649,-1.0
-0.0028813724537923515,-0.005638396200657826,-0.006134354640342521,,,1.0199999999999818,,0.36000000000012733,16.98113207547094,7.062894140094091,0.15148382096544946,0.0051816798748181596,2.0235714285714557,NEUTRAL,0.8209785156100446,-1.0
-0.0024851310139810626,-0.005326141664851216,-0.005821946107559515,,,0.4099999999998545,,0.38999999999987267,25.29087568891481,14.587802826254736,0.24417226471934933,0.005003503978324047,2.075000000000013,NEUTRAL,0.869458655413779,-1.0
-0.0028477729264097607,-0.00582483408617748,-0.0063208844728713095,,,1.6700000000000728,,0.38999999999987267,22.306855277475435,14.254550077764932,0.17277427008697638,0.00495433224330734,2.1999999999999806,NEUTRAL,0.7582813309210025,-1.0
-0.0024588903814293187,-0.0055300924186641575,-0.006025997445337842,,,0.44000000000005457,,0.3900000000003274,26.65639445300347,16.10315111337739,0.25865126867250365,0.00482499106798885,2.2642857142857014,NEUTRAL,0.8227617914978826,-1.0
-0.00239606518212277,-0.005557795816750544,-0.00605371450612261,,,0.47000000000025466,,0.38999999999987267,25.42991141219258,13.711342168200913,0.2751089546488092,0.004465251380797294,2.277142857142865,NEUTRAL,0.7642671886029327,-1.0
-0.0026194965602977177,-0.005907997594708454,-0.00640408899579084,,,2.1100000000001273,,0.330000000000382,25.5230125523002,12.655018744701314,0.20633542016650464,0.004250093903139745,2.3107142857142793,NEUTRAL,0.4883633581436526,-1.0
-0.002120747022215897,-0.0054746902016569645,-0.005970567905192226,,,0.2899999999999636,,0.38999999999987267,39.38859494414998,17.20342220465216,0.33261633492387493,0.004005713818843638,2.1157142857142452,NEUTRAL,0.8166897384551438,-1.0
-0.0021761301495400415,-0.0056232826444708416,-0.006119233630486531,,,0.8800000000001091,,0.38999999999987267,38.638985005766656,19.111081219109142,0.3154008378047207,0.003797996261765212,2.2192857142856934,NEUTRAL,0.6583515954887538,-1.0
-0.002110551297844532,-0.005645953149109377,-0.006141915315712592,,,0.9400000000000546,,0.3900000000003274,39.64497041420096,25.350816747865043,0.32974232406431425,0.0035118912693573425,2.233571428571395,NEUTRAL,0.6476090590340733,-1.0
-0.002028646812297836,-0.005650991177841001,-0.00614695582908768,,,1.3600000000001273,,0.3900000000003274,34.11910669975208,20.842385164843424,0.3149484652545039,0.0031226265447127743,2.209999999999939,NEUTRAL,0.647239009885358,-1.0
-0.0029918069142295146,-0.006783307796666319,-0.007279830881228217,,,5.470000000000255,,0.38999999999987267,28.104241185487766,13.432323436865948,-0.004651191899421348,0.0028266509993647086,2.4257142857142235,NEUTRAL,0.6244226217513147,-1.0
-0.004681878230267747,-0.008746297082641427,-0.009243788269760933,,,7.9699999999998,,0.3900000000003274,23.747841105354212,6.066884343381727,-0.3346643532062329,0.0037052358848039097,2.6071428571427924,NEUTRAL,0.7786226713609661,1.0
-0.0037419272464053557,-0.00792070756647248,-0.00841779159124635,,,2.5299999999997453,,0.38999999999987267,34.61992910594725,8.287096532920504,-0.014602211303926936,0.004088537596283652,2.884285714285657,NEUTRAL,0.8388838510382262,-1.0
-0.0031369886584208875,-0.00742246311352012,-0.007919301415236476,,,0.3599999999996726,,0.3900000000003274,38.01344286781261,21.24881291548137,0.15804741299908634,0.00417020296138864,3.1485714285713584,NEUTRAL,0.918117958779943,-1.0
-0.002601062687792642,-5.016353311791894e-06,-0.007474366434576766,,,1.0399999999999636,,0.38999999999987267,40.735451624419674,37.939221272556914,0.2703572358729686,0.004127885465080847,3.260714285714227,NEUTRAL,0.8994077432638381,-1.0
-0.0040094569530825476,-0.0016354852567662156,-0.00911701381997614,,,5.2599999999997635,,0.3900000000003274,30.288315629742257,31.45773979107537,-0.026271696387465973,0.004446146938336807,3.565714285714226,NEUTRAL,0.8581990133940384,-1.0
-0.003881805848302773,-0.00166568266609723,-0.009147436783197535,,,2.7800000000002,,0.38999999999987267,32.16242346116647,19.444444444445704,0.0321940793805058,0.004664148463674114,3.5949999999999624,NEUTRAL,0.8916995390372157,-1.0
-0.004293125281865029,-0.0022775721985359046,-0.009763896709838344,,,5.3400000000001455,,0.38999999999987267,27.039555006180365,6.189504982448953,-0.004851342346038114,0.005238461548281229,3.787142857142823,NEUTRAL,0.9358587435462861,-1.0
-0.0034616136749447573,-0.0015625157005194484,-0.009043499231302566,,,2.0599999999999454,,0.38999999999987267,33.78264532434754,14.149015811040123,0.18797670392128984,0.00543987583670703,4.008571428571388,NEUTRAL,0.8927520291491663,-1.0
-0.003467040303664956,-0.0017235661236344954,-0.009205752590374242,,,3.5300000000002,,0.3900000000003274,33.94469525959376,19.75858867223766,0.1616100945033406,0.005653051073480736,4.203571428571389,NEUTRAL,0.9026712203919239,-1.0
-0.004340256458486632,-0.0028221019377426704,-0.010312493711894077,,,7.570000000000164,,0.38999999999987267,27.11099309612308,16.791811190732172,0.0542041453329696,0.006100724184459672,4.3349999999999715,NEUTRAL,0.8860724848408154,-1.0
-0.006221146961860162,-0.005034018063982647,-0.01254093133115369,,,8.420000000000073,,0.38999999999987267,22.493941396783583,10.825558219272446,-0.11983417051406148,0.00722585848871244,4.976428571428544,NEUTRAL,0.8998380860332306,-1.0
-0.010960687310863419,-0.010436413401591524,-0.01798367884839577,,,22.710000000000036,,0.38999999999987267,15.070110701107069,5.342759714541303,-0.33395554979382464,0.011422154872433586,6.650714285714295,NEUTRAL,0.933805471365129,1.0
-0.006752961388675772,-0.006348076520193974,-0.013864804900765628,,,6.039999999999964,,0.38999999999987267,32.00000000000013,17.48485241571013,0.09141271857126892,0.012117103046661073,8.0557142857143,NEUTRAL,0.899820617863541,-1.0
-0.006085492688916891,-0.005908829436163467,-0.013422276942950347,,,3.880000000000109,,0.38999999999987267,35.39305301645345,29.308120545061854,0.17411672427862918,0.012415501251289424,8.214285714285747,NEUTRAL,0.8961571399984729,-1.0
-0.006232803502599848,-0.006309976324968829,-0.013826420123271748,,,5.570000000000164,,0.38999999999987267,38.17536479558289,42.19399416929223,0.17743247997914663,0.01273393630073424,8.161428571428619,NEUTRAL,0.8910897572479661,-1.0
-0.006976797542595935,-0.007390600167267601,-0.014915115482865228,,,9.86999999999989,,0.38999999999987267,33.406850025947094,40.5878169797993,0.136318106013566,0.01305771070087142,8.16071428571435,NEUTRAL,0.894911043611735,-1.0
-0.006035112851441707,-0.006668232097905062,-0.014187351820571294,,,1.7699999999999818,,0.38999999999987267,33.63930187459562,38.0219943528016,0.21303549962208249,0.013008734982852706,8.180714285714332,NEUTRAL,0.8969966247193382,-1.0
-0.006334967953211439,-0.0072455346992395305,-0.014768966475507172,,,3.569999999999709,,0.38999999999987267,31.60401647785777,35.51883237178705,0.20740333159344135,0.012856231669643961,8.235714285714332,NEUTRAL,0.9065643272761429,-1.0
-0.006229675150287908,-0.007400781769163316,-0.0149253731343284,,,4.059999999999945,,0.38999999999987267,34.19220055710281,36.501404933717275,0.22374514106811738,0.012523380813793724,8.052142857142892,NEUTRAL,0.9044182530740069,-1.0
-0.0068047256006039045,-0.008292469507029243,-0.01582372116666123,,,3.7200000000002547,,0.38999999999987267,32.48213813178076,32.51387821240761,0.1783168960626762,0.012523197432462205,8.377142857142871,NEUTRAL,0.9065643272761429,1.0
-0.006051333034479843,-0.00776490928300966,-0.015292220430406494,,,1.400000000000091,,0.38999999999987267,35.66498539952218,31.506410256410117,0.25127920321907776,0.012647944989970631,8.492857142857149,NEUTRAL,0.9098441525213731,1.0
-0.004143060118852307,-0.005946899260989947,-0.013460631123199559,,,1.4600000000000364,,0.3900000000003274,38.80050505050482,35.92948717948698,0.4102470087512525,0.012213576991736324,8.837857142857144,NEUTRAL,0.9274266355116966,1.0
-0.003113151245374307,-0.005011217261979811,-0.012517960222832879,,,0.6400000000003274,,0.38999999999987267,42.18231024726278,48.6347885183882,0.5030003280813086,0.011468793754075179,8.988571428571406,NEUTRAL,0.9329055926012378,1.0
-0.0020751401218475863,-0.004029232078731195,-0.01152864028526968,,,3.2399999999997817,,0.38999999999987267,47.04794773819795,66.31102172589968,0.615887413707801,0.010491388497111329,8.972857142857135,NEUTRAL,0.9135964355773682,-1.0
-0.0013472232611127536,-0.0033293488518402058,-0.010823529411764761,,,3.4600000000000364,,0.38999999999987267,54.30079155672823,81.69136492481753,0.7035949640364386,0.010093526451041477,8.507142857142851,NEUTRAL,0.905082345409666,-1.0
-0.0013765995376908298,-0.003432880146174219,-0.010927834013701338,,,0.13999999999987267,,0.38999999999987267,75.87096774193522,90.77682963804568,0.7001673330731636,0.009641175272758021,6.93714285714285,NEUTRAL,0.8643266431217788,-1.0
-0.0024967856386902978,-0.004699709953557313,-0.012204126168942677,,,1.150000000000091,,0.38999999999987267,57.86862003780706,86.1572254135814,0.5930046731403681,0.009205421486402746,5.852142857142845,NEUTRAL,0.9118640675813329,1.0
-0.0021936721345100977,-0.004479492089086013,-0.011982263428398771,,,0.30999999999994543,,0.3900000000003274,56.49097120546627,79.18932083986827,0.6442180994591706,0.008429874846288293,5.578571428571422,NEUTRAL,0.8902636853715151,1.0
-0.0018020828742720252,-0.004153139788791871,-0.011653473500751906,,,0.31999999999970896,,0.3900000000003274,60.57645334636045,75.55818229577028,0.7247471726893212,0.007766150644755237,5.355000000000018,NEUTRAL,0.893077974708365,1.0
-0.0021520269467719217,-0.004608573609931731,-0.012112309099476191,,,0.8600000000001273,,0.38999999999987267,63.85169927909353,75.91279222484827,0.674519428478839,0.007337739149282539,5.221428571428565,NEUTRAL,0.9285120552187094,1.0
-0.001478155750499266,-0.003958441401469508,-0.011457320850309472,,,1.1399999999998727,,0.38999999999987267,64.38356164383578,79.156816390858,0.7646987225491615,0.007515910492139004,5.282142857142877,NEUTRAL,0.9287232716226754,1.0
-0.0007705843192802236,-0.003251083275038644,-0.010744679244903266,,,1.180000000000291,,0.38999999999987267,69.48391922213897,83.5040714473334,0.8507131804698665,0.006414421972297823,5.30428571428573,NEUTRAL,0.9104199950716247,1.0
0.000250236315629151,-0.002171760080837704,-0.00965729424835486,,,5.599999999999909,,0.38999999999987267,73.31970935513168,92.3410698266843,0.9490975741001435,0.007016451015131583,5.428571428571461,NEUTRAL,0.848281175156835,-1.0
0.00037155914659844447,-0.002023156979388977,-0.009507581183886216,,,1.6199999999998909,,0.3900000000003274,80.75880758807608,95.62601156450336,0.9070034547034476,0.007573713127367782,5.115000000000042,NEUTRAL,0.822528843520184,-1.0
-0.00015077626297019158,-0.002585057962632384,-0.01007367918123077,,,0.8500000000003638,,0.3900000000003274,74.76681394207134,92.3452892733202,0.792312459873212,0.007792330304285461,4.91428571428576,NEUTRAL,0.8886578989130403,-1.0
-8.400144796726412e-05,-0.0025220332164096106,-0.010010183683476132,,,0.2600000000002183,,0.3900000000003274,69.93272886808995,85.92739071634448,0.7826225662127455,0.007723179377872193,4.444285714285765,NEUTRAL,0.895975290905874,-1.0
-0.0002137429017615277,-0.002668262762268131,-0.01015750546352586,,,0.9900000000002365,,0.3900000000003274,64.89158163265301,77.74988708042531,0.7343139033948576,0.0076615000796545546,4.085000000000101,NEUTRAL,0.9312054391616006,-1.0
-0.00011035978292318404,-0.0025623681411389727,-0.010050819882367501,,,0.43000000000029104,,0.38999999999987267,60.734664764621776,74.178617328565,0.7303056413746849,0.007394379591163503,3.9514285714286808,NEUTRAL,0.9099349747197538,-1.0
-0.00022575981063562096,-0.00269600076453748,-0.010185450649605408,,,1.1100000000001273,,0.38999999999987267,54.566653711620496,70.55243445692842,0.6882442666422804,0.006910793958473465,3.755000000000109,NEUTRAL,0.9156279976573143,-1.0
-0.0005236072620452909,-0.003034023326255609,-0.010525998007507106,,,1.8800000000001091,,0.38999999999987267,53.30296127562691,66.80711610486877,0.6183127631392298,0.005634666000984121,3.835000000000101,NEUTRAL,0.8977522137374446,-1.0
-0.00081887907684978,-0.0033722738689041347,-0.010866775049200039,,,0.5900000000001455,,0.38999999999987267,61.33682830930556,58.73127340824012,0.5299061308243069,0.004212422282105525,3.618571428571516,NEUTRAL,0.9016180310786399,-1.0
-0.00019191285716998614,-0.002726262153747138,-0.010215938070591162,,,1.2300000000000182,,0.3900000000003274,64.19902912621367,58.044040248523885,0.6755980462425585,0.003608017691235461,3.637142857142927,NEUTRAL,0.8684304891107033,-1.0
-0.0007183075354998948,-0.0033091501146249565,-0.010803179803866872,,,1.050000000000182,,0.38999999999987267,56.29453681710267,53.86626967328137,0.4986076748948704,0.0032532163753930658,3.6007142857143077,NEUTRAL,0.7810371665830078,-1.0
-0.001335735438296488,-0.00401153347351452,-0.011510809483637837,,,0.5899999999996908,,0.38999999999987267,54.75548710050006,43.856648456896,0.2726394711009377,0.0032473229475314517,3.6078571428571586,NEUTRAL,0.8027107910763933,-1.0
-0.002014403555838215,-0.0048187184023629585,-0.012324023529055986,,,1.650000000000091,,0.38999999999987267,42.73178176268624,25.113227067762192,0.080800331133717,0.003534466987003079,3.577142857142852,NEUTRAL,0.7319848166254742,1.0
-0.0015983259034183814,-0.004466838823455318,-0.01196951565157151,,,0.05999999999994543,,0.38999999999987267,40.97522611089246,17.272130990862774,0.22468418195493856,0.0036564712898082183,3.608571428571427,NEUTRAL,0.8848846195258739,-1.0
-0.0009146787397903882,-0.0037941443789008726,-0.01129179664191796,,,0.01999999999998181,,0.3900000000003274,35.79982891360197,23.753462603877935,0.3688704221016616,0.0034698575723066272,3.480000000000018,NEUTRAL,0.9131859291552445,-1.0
-0.001563783974387294,-0.004542763199334887,-0.012046007130349439,,,0.6700000000000728,,0.3900000000003274,30.319353597537656,26.525147312991525,0.1479800688336634,0.0034958875817670872,3.6378571428571638,NEUTRAL,0.7619072697909133,-1.0
-0.0014802285348956806,-0.004527577405952567,-0.012030707909529075,,,0.36000000000012733,,0.38999999999987267,34.36844313890087,26.782116481258438,0.18491999183365032,0.0035903268852850155,3.502857142857173,NEUTRAL,0.8889464598103305,-1.0
-0.000872724484070775,-0.003935689375149536,-0.011434398881992347,,,0.31999999999970896,,0.38999999999987267,39.214924212981494,28.81648429195433,0.3418215587693586,0.003427741089059844,3.6757142857142884,NEUTRAL,0.9115896350060627,-1.0
-0.001495109244166062,-0.004641482048904407,-0.012145463341867144,,,0.8400000000001455,,0.38999999999987267,36.07436539149108,29.118698251413445,0.1512513934083012,0.0035897330369571495,3.898571428571391,NEUTRAL,0.7837959059711234,-1.0
-0.002426670926635713,-0.005723597415930736,-0.013235661366852641,,,5.309999999999945,,0.38999999999987267,29.893350062735777,21.451756783977505,-0.04030876530506093,0.004167645631998934,4.069999999999936,NEUTRAL,0.8535191012408019,1.0
-0.0024489488071462126,-0.0058580741518153975,-0.013371142551516741,,,1.4699999999998,,0.38999999999987267,30.340655842088836,10.019747696600716,0.02211070229598677,0.004439203664436413,4.129999999999915,NEUTRAL,0.8654118745032977,1.0
-0.0025990121873607163,-0.006116979665584984,-0.013631981911505787,,,2.9699999999998,,0.3900000000003274,30.321349029589925,5.573454170814355,0.010242555533145481,0.004677512021302796,4.089285714285617,NEUTRAL,0.9309478512712257,1.0
-0.0022368477838973426,-0.0058149361870669216,-0.01332768237582409,,,1.4400000000000546,,0.3900000000003274,34.922639722134264,11.194626524269616,0.13704562880676793,0.00481463835631582,4.2214285714285,NEUTRAL,0.902769013054709,1.0
-0.001971024743600328,-0.005614520066990915,-0.01312576928509464,,,0.6799999999998363,,0.3900000000003274,30.79247817327068,15.191165740934744,0.20641842959729528,0.004768870244350438,4.274999999999928,NEUTRAL,0.9176545975792371,1.0
-0.0017505351320860015,-0.005459823015991126,-0.012969916753460693,,,0.07999999999992724,,0.38999999999987267,34.65768002837872,23.31936545638133,0.26198965762430737,0.004661740299544108,4.220714285714231,NEUTRAL,0.9406834903230255,1.0
-0.0018010489066988672,-0.005599301852813981,-0.013110437401318615,,,0.4899999999997817,,0.38999999999987267,38.03036200856416,27.363212323134793,0.26145562481792634,0.004448692556663193,4.042857142857104,NEUTRAL,0.8799956172933191,1.0
-0.0018602372189664667,-0.005746430553453459,-0.013258665052217447,,,1.2999999999997272,,0.3900000000003274,42.039586919105304,27.32439445848018,0.23796027662151267,0.004243719285510246,3.7992857142856855,NEUTRAL,0.8831745501744045,1.0
-0.0018081828715701828,-0.005779413582504813,-0.013291894441823694,,,1.8299999999999272,,0.38999999999987267,36.53671804170428,23.091707852827952,0.2311496953894671,0.004107273182856013,3.626428571428505,NEUTRAL,0.7484373389904883,1.0
-0.0009572078237212565,-0.004940288049039897,-0.012446501217428154,,,1.9700000000002547,,0.38999999999987267,40.400170285228356,29.846238330587596,0.4822171455803812,0.003890592858894855,3.6178571428570843,NEUTRAL,0.8055838359812174,1.0
-0.000492757245086185,-0.004482022780466535,-0.01198481302230434,,,0.05999999999994543,,0.38999999999987267,51.3609995537709,44.37122460186717,0.6562689253122167,0.003361530475848904,3.4828571428570934,NEUTRAL,0.8963779444691267,-1.0
-0.0010169987542704322,-0.005072021699782672,-0.01257921882798992,,,0.3599999999996726,,0.38999999999987267,45.77033101757233,53.84404173530993,0.5052260217897332,0.0029665652555942047,3.589999999999918,NEUTRAL,0.8878945026564817,1.0
-0.0003617833671605872,6.549877315753551e-05,6.549877315753551e-05,,,0.09999999999990905,,0.38999999999987267,45.4134101192926,59.28061504667742,0.7180762156609065,0.0028633673692422187,3.4607142857142077,NEUTRAL,0.9141675813214456,-1.0
-0.0008785714588278297,-0.0005091675362844839,-0.0005091675362844839,,,0.7899999999999636,,0.38999999999987267,47.50430292599006,56.8127317715456,0.5524312555675805,0.002858399215708766,3.454285714285626,NEUTRAL,0.8189805475553301,1.0
0.00016681805331187458,0.0005891802337584388,0.0005891802337584388,,,0.02999999999974534,,0.3900000000003274,66.66666666666602,72.60046561414454,0.9086497705736518,0.003020527983484902,3.467142857142757,NEUTRAL,0.7604169671541144,-1.0
-9.698696634220733e-05,0.0003022304608006634,0.0003022304608006634,,,1.150000000000091,,0.38999999999987267,63.75257731958726,76.34901316360825,0.8184483277952522,0.0029214711898876053,3.5649999999999245,NEUTRAL,0.6202949233707895,-1.0
-6.024300124346602e-06,0.0004054506672306895,0.0004054506672306895,,,0.9299999999998363,,0.25,68.46885813148717,83.4842491979267,0.8280661290580436,0.003035910877846305,3.5335714285713493,NEUTRAL,0.7454416006963659,-1.0
-0.00015440454242298405,0.00023676269828865903,0.00023676269828865903,,,0.4299999999998363,,0.3900000000003274,63.05114638447919,74.8973234531884,0.7316943223815604,0.0030697550429287694,3.402857142857069,NEUTRAL,0.7454657353112785,-1.0
-0.0005836873069733973,-0.00023687486455295024,-0.00023687486455295024,,,1.1300000000001091,,0.38999999999987267,57.66609880749525,66.9797277243206,0.623999667929243,0.0028960018509449166,3.327857142857056,NEUTRAL,0.7646720106723977,-1.0
-0.0007714952339983451,-0.00047134024464331786,-0.00047134024464331786,,,0.7999999999997272,,0.3900000000003274,54.507160909856296,55.37425150547517,0.5546139769943571,0.0028711096609714123,3.3714285714284933,NEUTRAL,0.83207960430529,-1.0
-0.0016664874826464145,-0.0014759942776838154,-0.0014759942776838154,,,2.299999999999727,,0.3900000000003274,46.73167208378497,34.26097711811916,0.1831126480476372,0.002932373712352467,3.7557142857142156,NEUTRAL,0.4534847829371224,-1.0
-0.0013006983171654264,-0.0011577197712810195,-0.0011577197712810195,,,0.4600000000000364,,0.38999999999987267,51.428571428570876,23.747680890536685,0.332847947652602,0.0028889093569777376,3.7964285714284807,NEUTRAL,0.6717276999363341,-1.0
-0.002533462352856752,-0.0025560977581103937,-0.0025560977581103937,,,6.079999999999927,,0.3900000000003274,43.68156259248308,9.618262081485517,-0.07906223149800828,0.0032125720588304205,4.146428571428487,NEUTRAL,0.6670564636450474,-1.0
-0.0026021292051323624,-0.002743518878744582,-0.002743518878744582,,,1.6199999999998909,,0.31999999999970896,35.538261997405925,8.072189106841076,-0.04637119829110854,0.0036701284113090852,3.9635714285713157,NEUTRAL,0.4815368509077789,-1.0
-0.00331793219690314,-0.003630920473739071,-0.003630920473739071,,,3.650000000000091,,0.38999999999987267,27.567067530064676,4.803172409253739,-0.12073712397143349,0.004496609263680244,4.137857142857034,NEUTRAL,0.8343543118176224,1.0
-0.0026762027692987336,-0.003075476799987888,-0.003075476799987888,,,0.5599999999999454,,0.38999999999987267,34.895191122071964,11.58730158730188,0.07419526330896019,0.004906423517044093,4.154999999999908,NEUTRAL,0.7903035335962174,1.0
-0.002497360748171617,-0.0029943675567225105,-0.0029943675567225105,,,0.32999999999992724,,0.3900000000003274,30.38892551087639,19.634920634921187,0.12979350275646678,0.005233016096100578,4.092857142857058,NEUTRAL,0.8597167986431726,1.0
-0.0024390518348208243,-0.003045059296528173,-0.003045059296528173,,,0.40000000000009095,,0.38999999999987267,32.339529989476944,23.666666666667158,0.16094054698117422,0.005516345487219867,3.89928571428566,NEUTRAL,0.863467195095637,1.0
-0.0022952982825838776,-0.00301210908282291,-0.00301210908282291,,,0.3000000000001819,,0.38999999999987267,20.25630425795667,24.0793650793652,0.19271625353366179,0.005755202510707073,3.7199999999999624,NEUTRAL,0.8461302718365858,1.0
-0.0014602253070687384,-0.0022042393101968207,-0.0022042393101968207,,,0.6999999999998181,,0.29999999999972715,31.247615413963103,30.12074687137631,0.35178108292368265,0.00577139153683762,3.6849999999999454,NEUTRAL,0.7689365158041128,-1.0
-0.001514378884528321,-0.0023282475518048348,-0.0023282475518048348,,,0.010000000000218279,,0.38999999999987267,29.45386064030052,35.33267242228445,0.33920185415709775,0.005702576661873922,3.65071428571423,NEUTRAL,0.8883654868157171,-1.0
-0.0011803607991828524,-0.0020246083316924368,-0.0020246083316924368,,,1.25,,0.38999999999987267,33.98203592814369,43.32814707002718,0.4070145159604547,0.005669776554304029,3.5585714285713754,NEUTRAL,0.8227597963302036,-1.0
-0.0012902771360226628,-0.002196647965702062,-0.002196647965702062,,,0.6399999999998727,,0.38999999999987267,35.234769111369545,44.23194680635057,0.3963122401288868,0.0055183071344826334,3.4435714285713988,NEUTRAL,0.8370758567171508,-1.0
-0.0017104205374546598,-0.002728319961197273,-0.002728319961197273,,,0.01999999999998181,,0.38999999999987267,33.44383057090258,42.72342157581547,0.3138033103521997,0.005500838163710337,3.4578571428571,NEUTRAL,0.8820566615344787,1.0
-0.0020635254136874524,-0.003189558870360442,-0.003189558870360442,,,1.0799999999999272,,0.3900000000003274,36.97068403908773,37.20539605750488,0.2527667670910382,0.005176301041959157,3.1699999999999426,NEUTRAL,0.8194323082234821,1.0
-0.0013946785615825382,-0.002548501082292122,-0.002548501082292122,,,0.13000000000010914,,0.38999999999987267,38.717339667458894,38.952683587278436,0.39484462889197963,0.004755911995974453,3.2071428571427987,NEUTRAL,0.8815424616612171,1.0
-0.00027944095569296703,-0.00139766987743909,-0.00139766987743909,,,1.6199999999998909,,0.3900000000003274,59.222497932175315,59.67910070013539,0.6751438297889719,0.004208564222777663,3.099999999999974,NEUTRAL,0.7382872465815854,-1.0
-0.00039333774362085495,-0.0015214785844950987,-0.0015214785844950987,,,1.3899999999998727,,0.38999999999987267,61.353898886031686,81.33430463192698,0.7195354236014624,0.003698838448535819,3.1114285714285677,NEUTRAL,0.520865455329684,-1.0
-4.3062650919340884e-05,-0.0011678206146822818,-0.0011678206146822818,,,2.449999999999818,,0.38999999999987267,73.97787397787302,95.90734783932997,0.8332562885719222,0.0033728824039968197,2.8999999999999937,NEUTRAL,0.6527607429135167,-1.0
-0.0008041387169876933,-0.0019891957388802214,-0.0019891957388802214,,,0.9200000000000728,,0.38999999999987267,59.687786960513684,82.76371154522154,0.6188038700990042,0.0029386017756552786,2.9335714285714403,NEUTRAL,0.5794870328545823,-1.0
-0.0003833415714420246,-0.001566967023040228,-0.001566967023040228,,,0.8000000000001819,,0.38999999999987267,62.26901590030066,75.78091842797573,0.7660480139819574,0.002941964821259338,2.9807142857143196,NEUTRAL,0.5851254328762899,-1.0
-0.00035412301701220043,-0.001559385329666244,-0.001559385329666244,,,0.849999999999909,,0.34999999999990905,62.53763440860199,69.8879551820715,0.7904296361350602,0.0028128630434201833,2.9742857142857377,NEUTRAL,0.6363022838937992,-1.0
-0.0007534991397521788,-0.0019942545274626747,-0.0019942545274626747,,,0.5,,0.38999999999987267,58.9387755102043,71.35854341736588,0.656276564579215,0.002839089613478865,2.917857142857169,NEUTRAL,0.6117491716976909,-1.0
-0.001364464595527963,-0.002687791766869513,-0.002687791766869513,,,0.01999999999998181,,0.2800000000002001,46.535893155259075,57.17787114845765,0.4082000324639182,0.002822295017470301,2.954285714285756,NEUTRAL,0.6636166353862534,-1.0
-0.0017295331634702617,-0.0031413877200298953,-0.0031413877200298953,,,0.7899999999999636,,0.38999999999987267,43.94954670871162,35.39915966386447,0.1889904641962879,0.0026415746773630505,2.9657142857143493,NEUTRAL,0.6277841235562599,1.0
-0.001210061673434465,-0.002652332284188563,-0.002652332284188563,,,0.11999999999989086,,0.38999999999987267,45.49635875814501,25.280112044817276,0.3658791832864448,0.0025623480866852786,3.0535714285714937,NEUTRAL,0.7825680541230609,-1.0
-0.0014241358070576807,-0.00295635211417085,-0.00295635211417085,,,0.09999999999990905,,0.38999999999987267,44.34067986552149,20.27310924369739,0.23624315711958666,0.0025489470312329413,3.175000000000052,NEUTRAL,0.7381179863811569,1.0
-0.0011140066152349492,-0.002720720675203544,-0.002720720675203544,,,0.07999999999992724,,0.38999999999987267,49.88123515439441,25.24509803921586,0.29918472230623494,0.0024946762934651375,3.0328571428572104,NEUTRAL,0.7503141218384847,-1.0
-0.0012409384546987357,-0.0028904655064378687,-0.0028904655064378687,,,0.01999999999998181,,0.38999999999987267,52.28215767634836,21.148459383753416,0.2337849063828219,0.0024755708490497475,3.0078571428571843,NEUTRAL,0.6935693681298102,-1.0
-0.0017191960612841992,-0.003450777752216484,-0.003450777752216484,,,2.0300000000002,,0.38999999999987267,42.65763859500584,18.143995916123277,0.08567050306744958,0.002687133849190743,3.0392857142857923,NEUTRAL,0.5088384231470323,1.0
-0.000973621924414112,-0.002708055454508775,-0.002708055454508775,,,0.09000000000014552,,0.38999999999987267,38.18430656934372,22.13584536348355,0.3598018850061211,0.0027108001094546257,2.947142857142905,NEUTRAL,0.775255987839833,1.0
-3.828096559550384e-05,-0.0017666596000282665,-0.0017666596000282665,,,0.02999999999974534,,0.38999999999987267,47.233047544817616,39.545137600234476,0.7018892510699408,0.0027448588656453846,3.190000000000022,NEUTRAL,0.7972829893688702,-1.0
2.4340801490848395e-05,-0.0017009292019765697,-0.0017009292019765697,,,0.2699999999999818,,0.38999999999987267,45.6224899598397,62.114068645940336,0.7163007429689296,0.00280006952106686,3.1507142857142947,NEUTRAL,0.705322234155462,-1.0
-5.8689748754923745e-05,-0.0018045849076128474,-0.0018045849076128474,,,0.32999999999992724,,0.38999999999987267,51.333032083145376,74.59908580729287,0.6463912448773879,0.0027951267982498857,3.0421428571428675,NEUTRAL,0.6886752098998473,-1.0
-0.000465861795367209,-0.0022320752239650505,-0.0022320752239650505,,,0.09999999999990905,,0.38999999999987267,44.03837368661457,70.94208759159919,0.4950496839603965,0.0026522648569442466,3.007857142857152,NEUTRAL,0.733493476650195,1.0
-0.0008099612916153102,-0.0026320708486786784,-0.0026320708486786784,,,0.09999999999990905,,0.38999999999987267,40.982905982906445,61.1932129173515,0.3480322562096231,0.0026592060929981035,3.0192857142857457,NEUTRAL,0.7377234224890957,1.0
-0.0008001884209613962,-0.0026725945386112566,-0.0026725945386112566,,,0.03000000000020009,,0.3900000000003274,43.823264201984344,52.42450203469741,0.3781882350476213,0.002567319683016395,3.122857142857161,NEUTRAL,0.7782543815045364,1.0
-0.0005687186833200486,-0.002495327574885111,-0.002495327574885111,,,0.4699999999997999,,0.38999999999987267,51.35270541082155,50.34506556245655,0.44790233081175385,0.0024404889065412698,2.9507142857143145,NEUTRAL,0.6967583698932814,1.0
-0.00027836821305322803,-0.0023181232797152324,-0.0023181232797152324,,,0.40000000000009095,,0.38999999999987267,58.38815789473659,54.002760524499216,0.5156143281185231,0.0021753079219609607,2.880000000000012,NEUTRAL,0.7085443299756896,1.0
0.00010271006998728399,-0.0018323986249438968,-0.0018323986249438968,,,0.23999999999978172,,0.36999999999989086,58.592471358428874,64.35472739820537,0.74845928851566,0.002206086731021777,2.886428571428561,NEUTRAL,0.5811169165416247,-1.0
-0.0003874601481410306,-0.0023484967095793873,-0.0023484967095793873,,,0.32999999999992724,,0.38000000000010914,56.40756302521008,65.97653554175355,0.5393203868451044,0.0020713173231397325,2.884285714285722,NEUTRAL,0.5681806731428042,1.0
0.0004307895884504697,-0.001483574708583567,-0.001483574708583567,,,1.2800000000002,,0.38999999999987267,61.97892808062283,76.49780651306355,0.9570571959833964,0.002111245947460167,3.094999999999995,NEUTRAL,0.484103578462675,1.0
0.0006144019674258128,-0.0012890466352351506,-0.0012890466352351506,,,1.7300000000000182,,0.38999999999987267,64.51315182279636,81.33820864560876,0.9606519806082371,0.002280280635666271,3.0750000000000455,NEUTRAL,0.7425851564348006,1.0
0.0012168571333527765,-0.0005949199883033002,-0.0005949199883033002,,,4.809999999999945,,0.38999999999987267,75.1541850220268,94.79528108999695,1.1180203756960982,0.0027932315661495684,3.066428571428592,NEUTRAL,0.8045135639578921,-1.0
0.0017152621168948752,-1.0077495943913285e-05,-1.0077495943913285e-05,,,3.5099999999997635,,0.3900000000003274,74.50271247739595,97.04077604325697,1.1381187245884874,0.0033491395251941587,3.037857142857157,NEUTRAL,0.7996727751217481,-1.0
0.0012322490700253067,-0.0004662968218721852,-0.0004662968218721852,,,1.3399999999996908,,0.3900000000003274,61.97663096397209,90.75407866006803,0.9126226541351949,0.0035979944310820175,2.9078571428571456,NEUTRAL,0.9074359020230057,-1.0
0.0012091203127632428,-0.00045621012887316103,-0.00045621012887316103,,,1.8699999999998909,,0.3900000000003274,62.397688974482655,84.09040605255788,0.8963878636478165,0.003760798867733229,2.880714285714313,NEUTRAL,0.9720926212808324,-1.0
0.000846908091125659,-0.0007841317946533122,-0.0007841317946533122,,,0.5299999999997453,,0.38999999999987267,60.25104602510416,74.9747474747475,0.7765700385613378,0.003800325009135652,2.850000000000039,NEUTRAL,0.9265383633070938,-1.0
0.00037464584457787785,-0.0012208533866069724,-0.0012208533866069724,,,1.0199999999999818,,0.38999999999987267,60.05560704355923,69.01515151515228,0.6546691569101861,0.0036874731750652073,2.8585714285714596,NEUTRAL,0.6175735198240438,-1.0
-0.00037984159771175,-0.0020043722578723497,-0.0020043722578723497,,,0.31999999999970896,,0.38999999999987267,55.4557124518607,53.257575757575715,0.39518944723537297,0.003321307714599945,2.9971428571428924,NEUTRAL,0.7232002102771807,1.0
-0.0002226659487155212,-0.0018323986249438968,-0.0018323986249438968,,,0.31999999999970896,,0.38999999999987267,55.908513341804095,40.98580216007522,0.40637354491284383,0.0031694427809053328,2.92642857142859,NEUTRAL,0.7134973885763434,1.0
-0.00032649456724222984,-0.0019386106623587164,-0.0019386106623587164,,,0.4699999999997999,,0.38999999999987267,54.5415411106329,29.181699582110095,0.3970215904613403,0.0031793510539611836,2.942142857142861,NEUTRAL,0.7212228573837721,1.0
5.813476186255395e-05,5.2987885959985665e-05,-0.0015416951581688717,,,0.7800000000002001,,0.38999999999987267,56.18257261410771,29.61358309160394,0.49622817628985216,0.003177732452224145,3.0407142857142975,NEUTRAL,0.830157701016336,1.0
0.0007578910715547617,0.000789190361287845,-0.0008043186110249778,,,0.19000000000005457,,0.38999999999987267,57.92828685258942,39.072256913472316,0.7196821488927939,0.0032378230697640417,3.1421428571428742,NEUTRAL,0.4735416308992589,1.0
0.000496032866243197,0.0005422295976656614,-0.0010516732196584892,,,0.36000000000012733,,0.38999999999987267,60.63386155129214,48.51053283351255,0.6345661799111011,0.0031977390380125274,3.108571428571427,NEUTRAL,0.5879693425734865,1.0
0.0008969121767237596,0.001005810509333312,-0.0005873530041972755,,,1.1099999999996726,,0.3900000000003274,57.59209344114904,59.81682125974471,0.7525779786229533,0.003100340945828747,2.938571428571452,NEUTRAL,0.39539394762550656,-1.0
0.0014084165538436305,0.0015871976136610305,-5.038722583046162e-06,,,3.4400000000000546,,0.38999999999987267,60.89478044739012,69.300721229226,0.8991151802237312,0.0031111049857162716,2.9621428571428754,NEUTRAL,0.12303501646991638,-1.0
0.0010322358243289728,0.0012550593002918437,-0.0003377067193556721,,,2.1399999999998727,,0.36999999999989086,51.96779964221835,78.17497648165629,0.7697230956101517,0.0029946921411471697,2.8700000000000534,NEUTRAL,0.4546017694598234,-1.0
0.00106202389257027,0.0013456643902931091,-0.0002469571352972351,,,2.6599999999998545,,0.38999999999987267,47.939893359186016,83.03543430542624,0.7888937198835755,0.0028777263814736944,2.685000000000108,NEUTRAL,0.19129267041141157,-1.0
0.00036067239465468163,0.0006556451043484171,-0.0009380768416062939,,,0.0500000000001819,,0.38999999999987267,46.71705243268829,73.5063750804156,0.5362385985115145,0.002780093666727656,2.6400000000001325,NEUTRAL,0.5483254745230406,1.0
0.0007125364101056185,0.0010536557822511522,-0.000539431429190885,,,0.0,,0.3900000000003274,48.51665905978992,72.33424679945911,0.633380409640293,0.002493609256129208,2.601428571428674,NEUTRAL,0.23421311524463864,-1.0
0.00047320006273041966,0.0008118643127643728,-0.000781608499866462,,,0.2899999999999636,,0.3900000000003274,49.44186046511681,66.39703404111768,0.5269667629488496,0.0024404691678506225,2.582142857142961,NEUTRAL,0.500939053368406,1.0
0.0007598854295992067,0.0011468150048771601,-0.00044612363925988384,,,0.5900000000001455,,0.38999999999987267,56.590591523054904,72.66599258510202,0.6659387290667668,0.00243040273436474,2.6621428571429533,NEUTRAL,0.25352623461729734,-1.0
0.0006935507363229215,0.0011040142765682067,-0.0004889926247813533,,,0.3200000000001637,,0.38999999999987267,66.06851549755318,73.74452308729336,0.6360676816985191,0.002437676632268135,2.4857142857143635,NEUTRAL,0.36005026897847936,-1.0
0.0006748700287626899,0.0011191208348036634,-0.00047386197509706837,,,0.6399999999998727,,0.36000000000012733,65.9760087240993,78.40215018567021,0.6847016519544816,0.002345317482861695,2.5007142857143987,NEUTRAL,0.32594372819556405,-1.0
0.0008641209044893185,0.0013481809636847698,-0.0002444365485559986,,,1.1399999999998727,,0.38999999999987267,67.41573033707797,79.78450314882572,0.7291768154593053,0.002384140841370846,2.4957142857143872,NEUTRAL,0.0811195130984864,-1.0
0.0006308357785397559,0.001124156252678072,-0.0004688185269016457,,,0.2899999999999636,,0.38999999999987267,62.014230979747886,76.60670366333562,0.641912983778938,0.0023719459142262896,2.3814285714286467,NEUTRAL,0.3389085793782732,-1.0
0.0002909202550628249,0.0007791127192042827,-0.0008144123246050902,,,0.4699999999997999,,0.38999999999987267,50.86206896551647,60.90481881059322,0.5316838613522628,0.0023715054988530365,2.2214285714286626,NEUTRAL,0.34579597779150645,1.0
0.0008746493435326621,0.0014513495535083765,-0.000141103428813421,,,3.0799999999999272,,0.3900000000003274,63.00156331422586,65.45782919368828,0.885384787618421,0.0025265887076086485,2.344285714285791,NEUTRAL,0.10827733316819906,-1.0
0.0012418248689439755,0.001873866612935738,0.00028208744710857617,,,3.2200000000002547,,0.38999999999987267,59.49800342270491,75.76152004589252,0.8729865509493043,0.002407179047669061,2.372142857142925,NEUTRAL,0.028647053764312723,-1.0
0.000732385784680869,0.0013632801376887373,-0.00022931329487933566,,,1.5799999999999272,,0.3900000000003274,48.09976247030783,84.61338842475648,0.6859994540929091,0.0021433294032270666,2.3928571428572076,NEUTRAL,0.09908234353357628,-1.0
0.0007173280732509596,0.0013607636403955516,-0.00023183380540073802,,,1.2000000000002728,,0.38999999999987267,50.87939698492528,69.18246664949918,0.6267693619417318,0.0017357827710006164,2.2971428571428794,NEUTRAL,0.09102015514689868,-1.0
0.0010989064971967002,0.0018110146971777022,0.00021913529715499182,,,2.9099999999998545,,0.38999999999987267,54.29573348918722,63.28169822145378,0.8802530293228776,0.0014797074243466564,2.3564285714285558,NEUTRAL,0.04283799103524799,-1.0
0.0009531097096899956,0.0017154646238950733,0.00012343284371633162,,,3.0799999999999272,,0.38999999999987267,64.92793411118782,71.88755020079981,0.8653360122157318,0.0015155565579216019,2.3142857142856883,NEUTRAL,0.04395242937787697,-1.0
0.000565837728586664,0.0013204979587721844,-0.00027216370142643567,,,1.0700000000001637,,0.3900000000003274,53.49444807315556,71.14170969592253,0.5070261675918861,0.0013629607812295872,2.369285714285687,NEUTRAL,0.157976490590019,-1.0
0.0007881162294013597,0.0015871976136610305,-5.038722583046162e-06,,,2.25,,0.38999999999987267,60.21850899742941,67.35513482501112,0.7036798828876576,0.0013609742281858216,2.524999999999961,NEUTRAL,0.028512560852432565,-1.0
0.00046835606233336055,0.001287779701466992,-0.00030493413674658875,,,1.0900000000001455,,0.34999999999990905,51.64473684210538,54.4534478201717,0.4993403497828104,0.001337106102783186,2.3549999999999534,NEUTRAL,0.1865706552660631,-1.0
-9.129999873637062e-06,0.0007765932769210414,-0.0008169357848131226,,,0.25999999999976353,,0.38999999999987267,46.23085983509933,43.24357199726696,0.15102743466406834,0.001415063099815441,2.430714285714235,NEUTRAL,0.33109693462868145,-1.0
9.222303987639334e-05,0.0008622471876118962,-0.0007311452760451825,,,0.4099999999998545,,0.38999999999987267,45.687091017252044,31.415776819680236,0.20857911638929796,0.0014675581176247486,2.450714285714217,NEUTRAL,0.4740786286073125,-1.0
0.00012918185480250238,0.0009075874309224893,-0.0006857327255859623,,,0.14000000000032742,,0.38999999999987267,45.84816132858938,30.23231761909125,0.2851183265960312,0.0014044450598086804,2.3735714285713976,NEUTRAL,0.44583050252949435,-1.0
1.7291706925534174e-05,0.0007841515656557064,-0.0008093654423648691,,,0.6199999999998909,,0.38999999999987267,46.09421586165788,35.42805100182161,0.17060367793434184,0.001458653895006104,2.4578571428571325,NEUTRAL,0.18601204146396563,-1.0
-0.0004302676025094473,0.00030775595457315256,-0.0012865207937077438,,,0.4899999999997817,,0.3900000000003274,43.87060158910367,28.97879709637893,-0.0658858424619215,0.0016467375238156615,2.5157142857142714,NEUTRAL,0.6044032240991954,-1.0
-8.597137808531225e-05,0.000668245238437489,-0.0009254566132322827,,,0.8299999999999272,,0.38999999999987267,36.06981254040077,26.921541181010507,0.21579396259908804,0.0017084044820581653,2.359999999999997,NEUTRAL,0.3835616630080038,-1.0
-0.0007971450860013781,-0.00010346872594663902,-0.0016984012820027553,,,0.2699999999999818,,0.38999999999987267,29.0443139348624,17.300195745550525,-0.11282090384437798,0.0020889436322660566,2.5171428571428742,NEUTRAL,0.6597394419775743,1.0
-0.0010531373037389509,-0.00041400341300371405,-0.002009431199701119,,,0.599999999999909,,0.38999999999987267,30.28953229398587,13.94924473296004,-0.07323111802589576,0.002480955699147169,2.4899999999999767,NEUTRAL,0.6806925547633542,1.0
-0.0007727275514288182,-0.00015899735761537004,-0.001754018468931228,,,0.19000000000005457,,0.38999999999987267,33.91399020141402,6.535443103882801,0.07374620949783087,0.0026964767084987234,2.5264285714285637,NEUTRAL,0.8588105607397378,1.0
-0.0010885574875581486,-0.0005352399995960177,-0.0021308611304672884,,,1.2100000000000364,,0.30999999999994543,25.02768549280175,6.4550512692436754,0.027473224963847444,0.0030088249441265007,2.4878571428571377,NEUTRAL,0.5934759680263958,1.0
-0.0010045327477640712,-0.0004720922776306246,-0.002067612702564207,,,1.1299999999996544,,0.36999999999989086,24.65219810795898,8.04264645789192,0.09050015899799908,0.0032603549437970275,2.4107142857142856,NEUTRAL,0.6801822430623357,1.0
-0.001010515698223743,-0.0005099799542532787,-0.0021055608012239884,,,1.1099999999996726,,0.38999999999987267,27.8473091364214,6.984567955607287,0.13549533020405496,0.003334997028737724,2.3321428571428635,NEUTRAL,0.7190586614469416,1.0
-9.075384898228178e-05,0.00043130954152553335,-0.0011627701675045155,,,0.09999999999990905,,0.38999999999987267,37.4728850325386,22.979445864188182,0.42837574071397583,0.0031739319591378877,2.3528571428571468,NEUTRAL,0.7153075371490052,1.0
6.991149480249736e-05,0.0006153225399707607,-0.0009784637111010513,,,0.8299999999999272,,0.36000000000012733,43.05326743547465,42.93368372864328,0.5146458109172002,0.003090719499560306,2.340714285714317,NEUTRAL,0.6359516394927649,-1.0
-0.00021007608955656544,0.000305234134762141,-0.0012890466352351506,,,0.36999999999989086,,0.32999999999992724,44.419263456091244,57.46955710721445,0.4080780950696073,0.003028874202007879,2.2457142857142895,NEUTRAL,0.6351351829638001,1.0
-0.00016174088800859833,0.0003733188041690676,-0.0012208533866069724,,,0.09999999999990905,,0.2899999999999636,45.68106312292373,61.14287611423677,0.47489894411979733,0.0028133653553904492,2.094285714285726,NEUTRAL,0.5039181023350277,1.0
-0.00022991000604791981,0.00028505911823397274,-0.001309253826224948,,,0.2300000000000182,,0.38999999999987267,42.238069116839334,55.198572066041606,0.43124851691246086,0.00253690380526599,2.144999999999982,NEUTRAL,0.5337606180552616,1.0
-0.0003616172247156476,0.00013372053417562435,-0.0014608337601458357,,,0.32999999999992724,,0.38000000000010914,42.706600110925834,53.168260758097546,0.3937872063513321,0.0024116975091262698,2.100714285714243,NEUTRAL,0.8066329109013225,1.0
-0.0003062190926290929,0.0001715594756334673,-0.0014229344743721245,,,0.22999999999956344,,0.3900000000003274,48.029556650246725,49.12145769119172,0.4255624919585847,0.002119761487026812,1.949999999999948,NEUTRAL,0.6048853789394858,1.0
-0.00013821665645776535,0.0003329734529347482,-0.0012612630792981322,,,0.19000000000005457,,0.38999999999987267,45.05208333333343,52.146647370959556,0.5487826143434871,0.0018953152287206254,1.938571428571387,NEUTRAL,0.3186853273556591,1.0
-0.00037922399666290475,6.308017995513738e-05,-0.0015315867693107767,,,0.4099999999998545,,0.38999999999987267,53.47758887171595,55.09306441640654,0.43445730609927,0.0018283403374560166,1.6857142857142142,NEUTRAL,0.5016334420517782,1.0
0.0003361370197110822,0.0007992678000973424,-0.0007942251010431052,,,0.5799999999999272,,0.27999999999974534,65.24966261808345,72.05790802729288,0.8171382117005183,0.0018165238034210261,1.7057142857142285,NEUTRAL,0.4340819638081432,1.0
0.0004821404849920879,0.0009806269458133966,-0.0006125767296470225,,,0.18000000000029104,,0.38999999999987267,65.17917511832357,85.12687871029247,0.9215840768344955,0.001820086601107514,1.6692857142856414,NEUTRAL,0.533110250332168,1.0
0.0006659910111453994,0.0011719901905681482,-0.0004209083049997537,,,0.9400000000000546,,0.38999999999987267,73.49823321554787,99.56177698885352,0.9811650894534558,0.0019522576498490194,1.6492857142856272,NEUTRAL,0.10790203608810658,1.0
0.0005185142114217596,0.0010360291096451859,-0.0005570862122422938,,,0.0,,0.38999999999987267,70.5399863294597,93.451411589897,0.8663839949974087,0.0020786945271736653,1.6735714285713519,NEUTRAL,0.12961110961735828,1.0
0.00079634320588988,0.0013406312054593335,-0.00025199834689084436,,,1.2200000000002547,,0.38999999999987267,72.77321541377154,92.80000000000048,0.9602788544052914,0.0022566454279076575,1.6907142857142259,NEUTRAL,0.04268007791035949,1.0
0.0006940787281857378,0.0012751951855081239,-0.00031753872208310904,,,0.9400000000000546,,0.38000000000010914,63.191659983961095,87.31361737677514,0.8780831031965359,0.002375106404139947,1.4978571428570961,NEUTRAL,0.17452599681486036,1.0
0.0008129409463485351,0.0014362530425886366,-0.00015622401515885605,,,1.7899999999999636,,0.3500000000003638,62.953995157384796,92.13233082706695,0.9131590112402158,0.0024702609779385007,1.5192857142856806,NEUTRAL,0.03130138910176543,1.0
0.0010283286814929409,0.0017028908839917586,0.00011083905162066842,,,2.6100000000001273,,0.3900000000003274,73.549488054606,90.80559471595602,0.9318868950140011,0.0026286197790256287,1.5085714285714207,NEUTRAL,0.01402380471245104,-1.0
0.0005083528259530896,0.0011820599095182425,-0.0004108225271886656,,,0.4099999999998545,,0.38999999999987267,60.329341317363586,84.79440789473627,0.7012298817413141,0.002476904685757586,1.6321428571428507,NEUTRAL,0.25025280252444154,1.0
0.0003062062670605633,0.0010032922101166184,-0.0005898753195158347,,,0.09999999999990905,,0.29999999999972715,62.23938223938183,73.17708333333347,0.6515844246272154,0.0022639927765210717,1.599285714285705,NEUTRAL,0.26541498286986254,1.0
0.0004588588090015745,0.0011795424988153755,-0.00041334395257642517,,,0.6999999999998181,,0.3900000000003274,66.79447852760666,65.10416666666607,0.7104473067437349,0.0020056108450622404,1.586428571428574,NEUTRAL,0.2722022895352468,1.0
0.0005475617299592658,0.0013028807019931485,-0.00028980905363485847,,,0.20999999999958163,,0.38999999999987267,67.7587490692469,67.75695749791197,0.7462184023185531,0.0020321021115871684,1.7221428571428663,NEUTRAL,0.29156610892015733,1.0
0.0007982809586366035,0.0015972589625375118,5.038671806107326e-06,,,1.080000000000382,,0.38999999999987267,68.893678160919,76.8588719123272,0.8602579781581368,0.0021533131705013145,1.7178571428571234,NEUTRAL,0.044578870183100125,1.0
0.001093075933214721,0.0019367106141312013,0.00034503166987770033,,,1.930000000000291,,0.38999999999987267,75.7070340826675,84.93731256889357,0.9049826278628436,0.0022486938698687213,1.744285714285687,NEUTRAL,0.06313078355819138,1.0
0.0008821372782162415,7.556884447615763e-06,0.00015365665043607572,,,1.3700000000003456,,0.3900000000003274,66.29310344827557,85.86554136267488,0.8075830143157907,0.00228978458418177,1.645714285714283,NEUTRAL,0.9384937227976253,1.0
0.0013147654982853289,0.0005287062306770232,0.0006747298562925699,,,3.6600000000003092,,0.38999999999987267,70.22086824066915,89.0118333500266,0.9837592949391344,0.0024357801881279705,1.7985714285714494,NEUTRAL,0.65379464331654,-1.0
0.0016316543822498181,0.000951268861799193,0.0010972307506466798,,,2.149999999999636,,0.3900000000003274,71.87050359712119,86.13685935377036,1.0490453888041218,0.002612450600004441,1.951428571428583,NEUTRAL,0.6931281112317129,-1.0
0.0013657158270718058,0.000732486401175969,0.0008784802543313057,,,0.4899999999997817,,0.38999999999987267,70.20379479971822,85.84064537964674,0.9205901861720385,0.002598718071365856,2.027142857142865,NEUTRAL,0.7750563482187942,-1.0
0.0015372103113644574,0.0009814382348204448,0.001127395715896284,,,1.4299999999998363,,0.38999999999987267,69.60573476702399,81.80778032036748,0.9549379806742051,0.002661975309650153,2.076428571428583,NEUTRAL,0.46235491241923515,-1.0
0.0009998446989133035,0.0004481775790352966,0.0005942129699569126,,,0.1799999999998363,,0.3900000000003274,61.88655194391333,74.29443173150459,0.7511555326804813,0.002374808878090077,2.1799999999999664,NEUTRAL,0.8345371356690439,-1.0
0.0008311511665814006,0.0003147734512516651,0.0004608283326324194,,,0.580000000000382,,0.38999999999987267,56.79487179487129,67.27688787185473,0.6514884941679887,0.0022682426196040497,2.2064285714285297,NEUTRAL,0.8368995198477341,-1.0
0.0006484751192437784,0.00015111599159792796,0.0002971947834759288,,,1.1900000000000546,,0.38999999999987267,52.241715399610335,54.34782608695787,0.5669981022863406,0.0021769662764411757,2.199999999999948,NEUTRAL,0.860977949911774,1.0
0.00028381403646719034,-0.0002242395382178065,-7.81059065703193e-05,,,0.3900000000003274,,0.3900000000003274,54.880546075086436,43.55453852021494,0.38811422657546757,0.002127578425732764,2.1385714285713675,NEUTRAL,0.8342902774840227,1.0
0.0005395382830950408,5.289579276940617e-05,0.00019898893470391292,,,1.300000000000182,,0.36999999999989086,59.84703632887261,40.80854309687467,0.5305647844207969,0.002023211795563643,2.2057142857142287,NEUTRAL,0.7383294157319185,1.0
0.0003289266303951158,-0.00016376054680908569,-1.763575119486339e-05,,,0.650000000000091,,0.38999999999987267,54.184748915064894,32.57771737860903,0.38768322997609644,0.001992595760743346,2.2235714285713715,NEUTRAL,0.7460944873143749,1.0
0.000659909035597415,0.0002165854051657313,0.00036265463190544785,,,1.0300000000002,,0.3900000000003274,56.529411764705465,34.71127986856134,0.544993758457975,0.0019341420693977669,2.1799999999999335,NEUTRAL,0.7911439072654245,1.0
0.0006792798882436111,0.00025938769394260366,0.0004054506672306895,,,0.5399999999999636,,0.3900000000003274,54.1563275434235,33.26881893612629,0.5857045343416247,0.0019146607577903256,2.099999999999974,NEUTRAL,0.8270321170174898,1.0
0.0007913398571101501,0.00041294221326951345,0.0005589827521087247,,,0.07000000000016371,,0.38999999999987267,53.28697850821739,42.27934732542792,0.6451925026831384,0.0019272638887454592,2.0464285714285455,NEUTRAL,0.8078848237008982,1.0
0.0008451049710764323,0.0005035424209312514,0.0006495697230012959,,,0.2699999999999818,,0.33999999999969077,56.8540745420091,49.231508165226394,0.6995023530684846,0.001833010117081346,2.005714285714248,NEUTRAL,0.5416259834381637,1.0
0.0008465699511291023,0.0005362551265233937,0.0006822776492386894,,,0.2199999999997999,,0.3900000000003274,51.318602993584804,56.9644572526434,0.7494668044492443,0.00168888478550406,1.9135714285713934,NEUTRAL,0.5729506754504415,1.0
0.0010839525138349837,0.0008456617051156676,0.0009916390232606299,,,1.1199999999998909,,0.3900000000003274,49.029850746269545,67.2625771104543,0.8563749589993647,0.0016191934591280085,1.7992857142857182,NEUTRAL,0.2225414777986967,1.0
0.0009338389534891305,0.0007475779230422142,0.0008935695713130758,,,0.5099999999997635,,0.38999999999987267,50.076219512195046,73.21216683839937,0.7424010751866577,0.001511435926310822,1.7164285714285532,NEUTRAL,0.16906796293153323,1.0
0.0011195238142367376,0.0009914942875836868,0.001137450299461468,,,1.6499999999996362,,0.38999999999987267,50.82582582582507,84.357130460888,0.8843812552500595,0.0015564012706903592,1.6442857142856806,NEUTRAL,0.1741727506375604,1.0
0.0012748071478529688,0.0012051375592819402,0.0013510623576918448,,,2.4299999999998363,,0.30999999999994543,62.49999999999953,90.23413461226797,0.9398453117991653,0.0016831971731111743,1.5921428571428546,NEUTRAL,0.14359763422341262,1.0
0.0012226883063144527,0.001192572837518186,0.0013384994716448722,,,0.0,,0.2699999999999818,64.36487638533819,94.64644871716239,0.8398052391866258,0.0017096256793868699,1.5085714285713883,NEUTRAL,0.0843232331112135,1.0
0.0012874295950702117,0.0013056439541641123,0.0014515540685022784,,,0.6099999999996726,,0.38999999999987267,69.565217391303,92.77347815146139,0.8818743495483483,0.001831741179409498,1.494285714285687,NEUTRAL,0.060863098824512234,1.0
0.0017017815519372803,0.0018103825438891589,0.0019562189154802155,,,2.7899999999999636,,0.38000000000010914,83.0522088353407,92.93926519641724,1.0673883343812545,0.002123921544111753,1.5450000000000077,NEUTRAL,0.021288748812555772,1.0
0.0015984180512014956,0.001772733101830247,0.0019185749740375454,,,0.6799999999998363,,0.25,79.13732394366,94.92014939179478,0.9620926827444736,0.0023555365393511203,1.4664285714285856,NEUTRAL,0.024625102632727908,1.0
0.00139739270934851,0.0016221069282827088,0.0017679708071050159,,,0.13000000000010914,,0.3400000000001455,81.1371841155228,92.66059137170991,0.8459320721274644,0.002472959881127157,1.4414285714285922,NEUTRAL,0.016069653962211005,1.0
0.0015960346483623127,0.0019032390262052907,0.0020490618313834903,,,0.900000000000091,,0.2800000000002001,80.5581395348832,91.89160342990012,0.8947385045700766,0.0026529396010087324,1.369285714285752,NEUTRAL,0.022844637743664742,1.0
0.0016622648548164365,0.0020337108309555654,0.002179514574089573,,,0.8099999999999454,,0.3900000000003274,81.52077807250157,90.43258101167153,0.9222990835330539,0.0028464054145207335,1.4457142857143026,NEUTRAL,0.02004087227500793,1.0
0.0018545341659262427,0.002329654974831177,0.002475415480268277,,,1.1400000000003274,,0.38999999999987267,82.30313293818735,92.2605741670328,0.9458566226509771,0.0030414271956533817,1.5185714285714766,NEUTRAL,0.03507839073952329,1.0
0.0018924202162703238,0.0024524954643910133,0.0025982380227257103,,,0.8299999999999272,,0.3400000000001455,82.36286919831088,92.48475360783762,0.9428661616702422,0.003100750931867822,1.5321428571429092,NEUTRAL,0.03519489150687205,1.0
0.0019214819494318875,0.0025778117242695607,0.0027235359737896574,,,1.0700000000001637,,0.2300000000000182,81.98275862068897,94.80182677857012,0.9099138896661317,0.003198927213180933,1.4500000000000455,NEUTRAL,0.04385648997391037,1.0
0.0024159681526336016,0.003208926742060479,0.003354558785127371,,,4.059999999999945,,0.3900000000003274,84.73338203067833,95.95095134727694,1.053804294671438,0.0034122859701871118,1.5992857142857377,NEUTRAL,0.09265759152340057,1.0
0.0033768207580270933,0.004338927958747511,0.004484394907653481,,,4.629999999999654,,0.3900000000003274,91.35514018691573,93.1246438589912,1.1595518283050652,0.004091076660779703,1.9742857142857377,NEUTRAL,0.060994219764868525,1.0
0.0036824963425554766,0.004815658787637228,0.004961056085754314,,,1.900000000000091,,0.38999999999987267,91.80962921970114,92.65810449608865,1.1233086388581495,0.004804979087526101,2.0864285714286064,NEUTRAL,0.0647189944437089,1.0
0.004015010602613119,0.005324333330827764,0.005469656311151516,,,3.8700000000003456,,0.38999999999987267,92.31568016614744,94.53214443464513,1.0864445875585778,0.0055307632846950455,2.1214285714286234,NEUTRAL,0.0647189944437089,1.0
0.004471091145272045,0.0059818466353677305,0.006127073552425615,,,2.950000000000273,,0.38999999999987267,95.06912442396244,96.34223672389184,1.0787571148410031,0.006365822767214838,2.370000000000086,NEUTRAL,0.0647189944437089,-1.0
0.004902073315055126,0.006621091404091773,0.006766224926932769,,,3.2599999999997635,,0.38999999999987267,95.45068027210823,97.54518550312758,1.0532666120043366,0.007220416922815421,2.530714285714339,NEUTRAL,0.06691201577121808,-1.0
0.004731156120998951,0.006648433727101366,0.00679356325520518,,,3.619999999999891,,0.3900000000003274,95.06912442396244,95.82927980333635,0.9811330963122512,0.007881593862024626,2.610714285714331,NEUTRAL,0.062467401018892726,-1.0
0.004467740548641319,0.006561430201597516,0.006706572440992104,,,2.8299999999999272,,0.36999999999989086,92.80251911830901,95.10958524298833,0.9021357633410106,0.008213681041791314,2.6692857142857713,NEUTRAL,0.11589465432766743,-1.0
0.004244573577817259,0.006516679596586492,0.006661828374083408,,,2.9299999999998363,,0.38999999999987267,96.32899628252805,92.61291569349676,0.8610967721764579,0.0084484559272755,2.6600000000000494,NEUTRAL,0.10771635877456232,-1.0
0.0037902783435728444,0.006220726911340225,0.006365918927781951,,,1.6599999999998545,,0.34999999999990905,90.53308823529427,89.29401485289605,0.7919780631324463,0.008495621875881827,2.695714285714335,NEUTRAL,0.13106763263710877,-1.0
0.003142118953224484,0.00567810385895662,0.005823375153098411,,,0.36000000000012733,,0.38999999999987267,82.11310828583981,83.58273456294215,0.7102917683149631,0.008287110028351405,2.7892857142857923,NEUTRAL,0.3409061935043055,-1.0
0.002836922824372016,0.005491284589832123,0.005636583178431677,,,0.8600000000001273,,0.38999999999987267,78.29937998228473,75.89311589652061,0.6659404649653686,0.007979904195723368,2.742142857142913,NEUTRAL,0.2043330300003257,-1.0
0.0026387964722354045,0.005409061869746506,0.005554372471157002,,,0.5300000000002001,,0.3900000000003274,76.27345844504057,69.34322298336053,0.634860087182763,0.0077204349416978455,2.7635714285714648,NEUTRAL,0.24756806836574033,-1.0
0.0022915574343793615,0.005139874247250196,0.005285224177206548,,,0.5,,0.3900000000003274,72.63703064307239,64.43663644255805,0.5834843778517795,0.007336274433988996,2.8157142857143236,NEUTRAL,0.24364661785641897,-1.0
0.0015581782842590353,0.004448791252883885,0.004594242150666995,,,2.6599999999998545,,0.38999999999987267,60.542432195975806,53.218882209218144,0.46954023298399916,0.006774164101272937,2.725000000000039,NEUTRAL,0.08972177679060385,-1.0
0.0016821569424833463,0.004636002356864313,0.004781425902942247,,,0.05999999999994543,,0.38999999999987267,53.71985633658352,35.656294841064465,0.470904234863815,0.0062076163746767115,2.357857142857191,NEUTRAL,0.1955387477374757,-1.0
0.0010998421274597235,0.004084151585242802,0.004229655757198612,,,2.380000000000109,,0.3400000000001455,42.4949290060852,16.422242726556124,0.34818656609540266,0.0056854740123920364,2.3400000000000483,NEUTRAL,0.09620667963573426,1.0
0.0011900264496575805,0.004224044949456867,0.004369528682870449,,,1.7300000000000182,,0.3900000000003274,38.369565217390814,7.175708428364524,0.34620141422470396,0.005176445217353996,2.2700000000000466,NEUTRAL,0.09664902818420887,-1.0
0.0007972902528897676,0.0038592405978058173,0.004004777629452575,,,3.099999999999909,,0.3900000000003274,24.881796690307425,4.228052009616195,0.24346199878971175,0.0047189412738592425,2.1257142857143014,NEUTRAL,0.09476229468769264,1.0
0.0007111972943226205,0.0037967472942214797,0.003942293456194265,,,1.0799999999999272,,0.3200000000001637,11.811546118116652,6.793822589894394,0.1676605195630586,0.0042629791202073684,2.0542857142857622,NEUTRAL,0.09847297260375897,1.0
0.0016366925031361995,0.004830627229496151,0.004976022340710859,,,0.9099999999998545,,0.38999999999987267,31.139896373056217,18.59817558503962,0.4106712257622157,0.0038892968606335336,2.160000000000017,NEUTRAL,0.12881193079860162,-1.0
0.001797399871686222,0.005075048056319249,0.005220407457438498,,,0.38999999999987267,,0.29999999999972715,34.691745036572186,33.97594710832198,0.4399053169474334,0.003790127611134426,2.166428571428566,NEUTRAL,0.24086685538624764,-1.0
0.0014276486769944597,0.00474829522663459,0.004893702366626549,,,0.2699999999999818,,0.30999999999994543,32.37623762376249,45.3231529281879,0.364074307893029,0.0037956126046988776,2.1857142857143117,NEUTRAL,0.20386087570979,-1.0
0.0016005792316524587,0.004987768687840895,0.005133140840551817,,,0.38000000000010914,,0.38999999999987267,36.72114402451522,47.85148824837162,0.4122998857128817,0.0038085998602912334,2.1785714285714612,NEUTRAL,0.20941103974939754,-1.0
0.0012452809574448212,0.004690904258919873,0.004836319783782148,,,0.09000000000014552,,0.38999999999987267,38.864864864865154,49.642215760305156,0.36658759829477905,0.0037707140740389842,2.0685714285714636,NEUTRAL,0.19032417952291797,-1.0
0.0011018277521768806,0.004591078113520724,0.004736508223069697,,,0.15000000000009095,,0.3400000000001455,40.122767857143,53.213436719851096,0.3693962623611715,0.003547084421125037,2.077857142857186,NEUTRAL,0.11059798054876555,-1.0
0.0009735651938776854,0.004491231941661594,0.004636676638823147,,,0.6999999999998181,,0.38999999999987267,39.81173864894838,54.53859995150307,0.3485009120100685,0.0032327386767726997,2.09928571428577,NEUTRAL,0.06758919268291486,-1.0
0.0009686540144949618,0.0045261803801990835,0.00467161997136336,,,0.4800000000000182,,0.3900000000003274,42.95652173913072,55.64390594535896,0.38444015439084694,0.0029066771319434716,2.070714285714335,NEUTRAL,0.03768074798460367,-1.0
0.000547341671406025,0.004119128611136215,0.004264627672918109,,,0.2300000000000182,,0.38999999999987267,45.0182260024304,48.99785623127409,0.22906810608256484,0.0025321416430398955,2.0707142857143674,NEUTRAL,0.10028116024159084,1.0
0.0004858447979714319,0.004076656188614965,0.0042221614556547426,,,0.18000000000029104,,0.27999999999974534,42.65822784810062,42.31921266581052,0.2348512185448699,0.002190021960060956,2.0442857142858366,NEUTRAL,0.11774775320886748,1.0
0.0003020159574066699,-1.0036734448070844e-05,0.004034767248128131,,,0.4800000000000182,,0.38999999999987267,47.53173483780025,31.193838254171997,0.17444775176782504,0.0020422559714872667,1.957142857142961,NEUTRAL,0.3441665860934272,1.0
0.00035180305222943424,6.27250260308858e-05,0.004107234704502375,,,0.22000000000025466,,0.38999999999987267,46.04786076867215,29.268292682925637,0.22496407212343245,0.0018973860680194894,1.9950000000000858,NEUTRAL,0.41486502822973426,1.0
0.0005131649704314099,0.00024583707524120085,0.004289606108800442,,,0.009999999999763531,,0.36999999999989086,53.48659003831382,30.081300813007175,0.32464955662179246,0.0017055039488908953,2.042857142857266,NEUTRAL,0.5171604854641418,1.0
0.0006212752169871364,0.0003762321603250646,0.004419473776618398,,,0.7799999999997453,,0.38999999999987267,58.53474320241646,35.45034864729496,0.4591200091821724,0.0015582692098718596,1.9807142857143845,NEUTRAL,0.3819653199942602,-1.0
0.0007736936774714094,0.0005692547276981249,0.0046117156133782065,,,0.7400000000002365,,0.38999999999987267,41.157556270095476,42.89934730332993,0.5686494348416731,0.0015581228124860532,1.7578571428572494,NEUTRAL,0.3291766532586607,-1.0
0.0008348971600645469,0.0006720025676515607,0.004714047862630571,,,0.3200000000001637,,0.38999999999987267,39.802631578946034,52.40589471129067,0.6391230460404392,0.0015494152852646604,1.742142857142978,NEUTRAL,0.2758644722879005,-1.0
0.0006086499914713227,0.0004589652465495914,0.004501872227084923,,,0.9899999999997817,,0.23999999999978172,41.016949152540995,57.17509991300196,0.4853480807770972,0.001523386673243352,1.7828571428572428,NEUTRAL,0.2305713606691167,-1.0
0.0013235269075243924,0.0012505043366687922,0.005290209728873537,,,0.03000000000020009,,0.3900000000003274,54.089709762532465,71.95122777115188,0.9366385055582545,0.0016635891037024117,1.9214285714286754,NEUTRAL,0.23205699865997634,-1.0
0.0011328802154420407,0.00110781940037397,0.005148101919384825,,,0.5199999999999818,,0.3799999999996544,55.305755395682986,78.50496313796391,0.8019085793235236,0.0016512456819959924,1.8978571428572195,NEUTRAL,0.16615235307419096,-1.0
0.0007782918656465629,0.000754686704726887,0.004796397561935622,,,0.09000000000014552,,0.3200000000001637,50.24509803921547,81.39768728003686,0.5749998410486057,0.0014995236699813512,1.9378571428572156,NEUTRAL,0.2261709866170342,-1.0
0.0005139781281449979,0.0004965666678370304,0.004539321559520263,,,1.0499999999997272,,0.38999999999987267,48.23529411764592,65.76168929109731,0.41295908334706855,0.0014649740752662674,1.9042857142858014,NEUTRAL,0.21853472721128886,-1.0
0.00035346944020030527,0.00034865142131887373,0.004392004595175508,,,0.5299999999997453,,0.3400000000001455,45.44061302681962,50.980392156858976,0.3430338710781198,0.001386735696263174,1.9342857142858065,NEUTRAL,0.4106731402106408,-1.0
0.0004718551223680357,0.0004840331750820314,0.004526838761777863,,,0.9599999999995816,,0.38999999999987267,54.87489214840244,45.198592257411654,0.43421947313897763,0.001361004646608741,1.8157142857143558,NEUTRAL,0.20027253433262998,-1.0
4.2190223880497766e-05,4.516281193699193e-05,0.004089743525409031,,,0.1000000000003638,,0.38999999999987267,50.316455696202254,39.41679235796433,0.2619543061159901,0.0013174381633233212,1.8742857142857636,NEUTRAL,0.48748651602686893,-1.0
2.0153148476914438e-06,2.509152132343606e-06,0.0040472623895658555,,,0.4299999999998363,,0.3900000000003274,49.64871194379333,33.06149188501764,0.14166415075324829,0.0013700491233286133,1.944285714285765,NEUTRAL,0.382653530362785,-1.0
-0.00018706851512160987,-0.00018320212213307957,0.003862302273463015,,,0.9799999999995634,,0.34999999999990905,46.56488549618445,21.89879836938606,0.09850294749909937,0.001454893478141621,1.9392857142857858,NEUTRAL,0.3490678699147483,-1.0
-0.0003747088659145964,-0.0003890708736524171,0.003657266212332219,,,1.819999999999709,,0.38999999999987267,41.096919609316366,12.585019393531175,0.035660526599075315,0.0016075423213876433,1.8635714285714715,NEUTRAL,0.31680694596538667,-1.0
-0.0005677523287325409,-0.0006226587528747799,0.003424623140811232,,,2.9299999999998363,,0.38999999999987267,34.432234432234026,9.157487442508666,-0.025732357468376522,0.0018257040184439122,1.9192857142857715,NEUTRAL,0.3181749999901439,-1.0
-0.0006942785076706903,-0.000780957690173274,0.0032669644852584227,,,0.8899999999998727,,0.38999999999987267,29.82195845697413,6.473892141462545,-0.002899428209990203,0.0020680558843311414,1.8678571428572144,NEUTRAL,0.764984492667212,-1.0
-0.00047654717836443175,-0.000577439682659281,0.003469659310587158,,,0.01999999999998181,,0.38999999999987267,32.089016511127056,10.514541387023455,0.14229510300209183,0.002194725173525604,1.884285714285787,NEUTRAL,0.25604748531841864,-1.0
-0.0009012630121387117,-0.0010650162264265281,0.0029840548985721888,,,2.4600000000000364,,0.3900000000003274,28.87596899224758,6.8232662192390565,-0.0307837464619511,0.002522050161288196,1.9035714285715,NEUTRAL,0.7566553402817885,1.0
-0.0009281002733986707,-0.0011329124894182503,0.002916433259899086,,,0.49000000000023647,,0.36000000000012733,10.994341147936424,8.764670213800466,0.04691122841201564,0.002786650668708124,1.7621428571429274,NEUTRAL,0.7708890740472168,1.0
-0.0004366024426079264,-0.0006352203310678481,0.003412112371229714,,,0.2600000000002183,,0.3900000000003274,25.325615050649304,14.2856185228384,0.26081883864826,0.002857986632512581,1.8492857142857702,NEUTRAL,0.3546745462710878,-1.0
-0.00047138635483163057,-0.000695520296889237,0.0033520563045022784,,,0.4800000000000182,,0.33999999999969077,27.602523659304737,25.982180555723616,0.2649439620123723,0.0029109703236224124,1.7978571428571806,NEUTRAL,0.6406687410808148,-1.0
3.651007563632044e-05,-0.00015308209466499548,0.0038923004725468003,,,1.099999999999909,,0.38999999999987267,40.07380073800631,41.75010399776542,0.4437487652213872,0.0028638080812560273,1.9164285714285987,NEUTRAL,0.6676503102680158,-1.0
0.00013165820549839734,-4.51668916647741e-05,0.003999779184085095,,,0.599999999999909,,0.3900000000003274,43.95280235988205,53.53772494070901,0.5033823951534216,0.0027820450529013004,1.8978571428571545,NEUTRAL,0.6832775628384333,-1.0
-0.00030674643384999406,-0.0005121304627249266,0.00353470437017993,,,0.03999999999996362,,0.38999999999987267,36.69542136695434,56.429492244354684,0.3456835663092326,0.0027653092529177034,2.1378571428571638,NEUTRAL,0.7199136849030587,-1.0
-0.001050180260617461,-0.0013316248335469415,0.0027185246601843446,,,1.0,,0.38999999999987267,32.606132075471876,39.843481020428456,0.1045515943140026,0.002629101205156796,2.266428571428605,NEUTRAL,0.2740216927510974,-1.0
-0.0005891469452894483,-0.0008714367153617103,0.003176851426318302,,,0.03999999999996362,,0.36000000000012733,40.20385050962558,26.947879898329358,0.2688986962266355,0.0023650125005034994,2.2592857142857548,NEUTRAL,0.8187027685196303,-1.0
-0.0004993370064643729,-0.0008010627264760157,0.0032469407690703996,,,0.2699999999999818,,0.38999999999987267,42.53731343283442,23.096129837702993,0.31918643949427833,0.0021601814110251845,2.2250000000000063,NEUTRAL,0.7956720618912598,-1.0
-0.00034462067680654057,-0.0006502946412206823,0.0033970990330946605,,,0.5399999999999636,,0.38000000000010914,46.8097447795825,33.666250520182786,0.41544193515274774,0.0019905814886201243,2.2278571428571468,NEUTRAL,0.44935233929509183,-1.0
-0.0015872237441624873,-0.002006325708625194,0.0020465527905023538,,,3.7600000000002183,,0.38999999999987267,37.65748950069968,28.18589623862589,-0.11565989787818659,0.0022453404471918645,2.535714285714318,NEUTRAL,0.4380993618513761,1.0
-0.0013204310696099822,-0.0017972726701439303,0.002254760258907761,,,0.7899999999999636,,0.36000000000012733,40.20474639367129,23.126172857918533,0.005491963682240142,0.0022740288512168197,2.6521428571428975,NEUTRAL,0.47069656289085415,1.0
-0.0015767912861670802,-0.0021348232673106095,0.0019185749740375454,,,2.1700000000000728,,0.3900000000003274,35.31818181818174,11.302415436790831,-0.049138413532275965,0.0024625908770661564,2.728571428571448,NEUTRAL,0.5715325007403278,1.0
-0.0015079852908174358,-0.002124743836357076,0.0019286136360778029,,,2.0,,0.3900000000003274,40.24328433857094,9.490538573509733,0.03739106762329685,0.002602394142914117,2.6857142857142793,NEUTRAL,0.4717042366185926,1.0
-0.001408407116223606,-0.002079388906070453,0.0019737851164030114,,,1.8400000000001455,,0.38999999999987267,40.54462934947047,6.433770014557314,0.10377446458520802,0.0026925723781839315,2.669285714285674,NEUTRAL,0.44140441546893916,1.0
-0.001556354864124981,-0.002293601054251685,0.0017604394056756566,,,2.6400000000003274,,0.38999999999987267,31.909140075716692,5.065502183406676,0.0878839724012833,0.002842567759905889,2.683571428571408,NEUTRAL,0.51041487171371,1.0
-0.0011338324060183632,-0.0018980102316578508,0.002154430156994283,,,1.0799999999999272,,0.38999999999987267,37.619768028240934,10.075068081883247,0.25172036834246214,0.0028867312800816307,2.8392857142857144,NEUTRAL,0.49876192633891886,1.0
-0.0003813165761866389,-0.0011329124894182503,0.002916433259899086,,,0.7899999999999636,,0.3900000000003274,41.15128449096184,22.958856714630922,0.5294986217103286,0.002861480296711793,2.8978571428571547,NEUTRAL,0.943046962792288,-1.0
-0.00015278007972325427,-0.0008890317590271791,0.0031593275504412325,,,0.05999999999994543,,0.38999999999987267,42.51858736059436,40.924886394012525,0.627320649003823,0.0028156909937873016,2.9364285714285807,NEUTRAL,0.9577894535705822,-1.0
-0.0001288387167637891,-0.0008638961717345364,0.0031843614702306996,,,0.11999999999989086,,0.36999999999989086,46.305668016194275,60.40365466864008,0.606103708174586,0.0028293816465430662,2.825000000000013,NEUTRAL,0.9612101666482707,-1.0
0.0001222669805165285,-0.0006000487068824514,0.003447141734517367,,,0.20000000000027285,,0.38999999999987267,57.91208791208685,77.11131716118534,0.7145211702491127,0.0028883659905388965,2.7221428571428663,NEUTRAL,0.7414162829389223,-1.0
0.00019306939228995614,-0.0005146421981498442,0.0035322027941304956,,,0.13000000000010914,,0.38999999999987267,54.13173652694625,86.13300958627512,0.7183144540303767,0.002901456783062374,2.7057142857142935,NEUTRAL,0.7845517454835188,-1.0
-4.903302671537616e-05,-0.0007784446174321143,0.0032694673932149717,,,0.4600000000000364,,0.38999999999987267,50.550086855819465,83.8092512096025,0.6442829339291123,0.0028893747916546217,2.7628571428571638,NEUTRAL,0.9543622355176986,-1.0
-0.00038616528985393843,-0.0011505167277093482,0.002898900226586473,,,0.05999999999994543,,0.38999999999987267,44.316309719933805,70.53481331987757,0.5233312953698616,0.002735002155787964,2.857857142857191,NEUTRAL,0.9028282148832785,-1.0
-0.0007615671657202604,-0.001575721326018497,0.002475415480268277,,,0.36999999999989086,,0.38999999999987267,56.00277585010404,57.14766229397816,0.404978312575685,0.002511863131065358,2.567857142857195,NEUTRAL,0.663588994088163,1.0
-0.0003820703388911024,-0.0012033331574808795,0.00284629742677628,,,0.01999999999998181,,0.38999999999987267,58.453473132371855,51.49680457450361,0.562300741467075,0.002411665329806582,2.6542857142857366,NEUTRAL,0.8915705346620482,-1.0
-0.00013203722885881856,-0.000944334495333636,0.003104248500617754,,,0.5,,0.3900000000003274,66.02739726027352,53.64951227716036,0.6305592768874668,0.002429554614977207,2.5464285714286103,NEUTRAL,0.9223149568842904,-1.0
-0.0006832232455488286,-0.0015530681892431911,0.0024979769904653676,,,0.32999999999992724,,0.3900000000003274,57.01384708007217,53.51496804574441,0.41784865277970007,0.0024024199099726795,2.5978571428572,NEUTRAL,0.6364878546238076,1.0
-0.0006139381039819623,-0.0015002148548913425,0.002550616545585583,,,0.14000000000032742,,0.2899999999999636,57.16856628674243,49.34409687184532,0.45412086450892925,0.002349494216899347,2.592142857142952,NEUTRAL,0.5922505330663351,1.0
-0.00047049442721097917,-0.001369363936732942,0.0026809382027411445,,,0.31999999999970896,,0.3900000000003274,61.175750153093105,44.29868819374255,0.5198835497322041,0.0022431211917185094,2.4807142857143845,NEUTRAL,0.6160105478857252,-1.0
-0.0007519359978234108,-0.0016940376910819816,0.002357577676906208,,,0.44000000000005457,,0.3900000000003274,51.97287299630061,35.12269236390984,0.34971450620356836,0.0022044809615941775,2.405000000000103,NEUTRAL,0.5109390314198603,1.0
-0.0008756445199116779,-0.001857712775985951,0.002194564618992918,,,0.9100000000003092,,0.38999999999987267,39.1304347826071,27.186036828903678,0.29728547995736027,0.00220947258294634,2.3271428571429493,NEUTRAL,0.45961954704984037,1.0
-0.00020740470649424959,-0.0011681215851284533,0.0028813665766500786,,,0.03999999999996362,,0.38999999999987267,46.01307189542542,28.168561767993975,0.5930433664552728,0.002096901578401374,2.4885714285715363,NEUTRAL,0.8199320371902876,-1.0
-0.0002822775233878732,-0.0012536397004329295,0.0027961943618872564,,,0.2800000000002001,,0.2600000000002183,45.595854922279386,39.40083428137972,0.5357495185342378,0.0019678435915106646,2.3971428571429505,NEUTRAL,0.6860718991027019,-1.0
-0.00027422459577196594,-0.0012561551602853984,0.0027936890764746988,,,0.07999999999992724,,0.38999999999987267,41.70714781401867,50.01896094046219,0.5622559551223487,0.00183011670020228,2.3764285714286677,NEUTRAL,0.6767324283836507,-1.0
-0.0001248610302124857,-0.00110273523553065,0.002946488453935061,,,0.07000000000016371,,0.38999999999987267,41.39372822299716,52.48319638775818,0.5351105496481983,0.0015562500119368184,2.3550000000001154,NEUTRAL,0.8973663247981565,-1.0
-0.0007961478967275763,-0.0018300101555509135,0.0022221551888831135,,,0.569999999999709,,0.3900000000003274,37.335009428033366,45.976259737661906,0.12622993832985385,0.0015112742330856339,2.4100000000001143,NEUTRAL,0.47172811272838033,1.0
-0.0006568856485769142,-0.0017141794308522548,0.0023375174057074953,,,0.23999999999978172,,0.2800000000002001,42.82786885245927,43.29824936322181,0.2108481578184495,0.0015682616565232325,2.3000000000000846,NEUTRAL,0.3813124328636584,1.0
-0.0006275839355380255,-0.001709143919971895,0.0023425325491378147,,,0.4699999999997999,,0.38999999999987267,46.89603590127175,37.16493251772533,0.20632167251798536,0.0015899270805288452,2.2042857142857883,NEUTRAL,0.22551844491793657,1.0
-0.0007637501855781904,5.027715280479093e-06,5.027715280479093e-06,,,0.9600000000000364,,0.3000000000001819,38.98713826366468,38.2138369788375,0.16802817047638982,0.0016321336537612114,2.0307142857143714,NEUTRAL,0.44686771440518347,1.0
0.00026996416339005147,0.0010898306744646007,0.0010898306744646007,,,0.7800000000002001,,0.2600000000002183,52.62172284644233,52.73455312357758,0.8549088057465216,0.0015503862323628106,2.2821428571429414,NEUTRAL,0.12978743009323354,1.0
0.0002756336596614936,0.0011023724863899252,0.0011023724863899252,,,0.32999999999992724,,0.38999999999987267,60.86642599277829,65.67398351314476,0.8855673183774322,0.0014535169021963603,2.2300000000001154,NEUTRAL,0.2895460911544867,1.0
0.0007129829625890276,0.0015912576205930184,0.0015912576205930184,,,2.25,,0.32999999999992724,65.14469453376111,88.35916015594653,1.1182509862515433,0.0016503516026215583,2.272857142857252,NEUTRAL,0.018311130599233026,1.0
0.0005551517447919145,0.0014559219625828513,0.0014559219625828513,,,1.8800000000001091,,0.34999999999990905,62.54851228977966,84.66579389056504,0.9823818607479883,0.001843758879230445,2.366428571428677,NEUTRAL,0.15463130863869676,1.0
0.0006970159449665762,0.0016388669982884004,0.0016388669982884004,,,2.630000000000109,,0.3200000000001637,70.59620596205781,86.21917626686927,0.9905448739214214,0.002062111017268804,2.3107142857143765,NEUTRAL,0.04846806432809648,1.0
0.0012657715024331593,0.0022849030859986674,0.0022849030859986674,,,4.940000000000055,,0.3000000000001819,76.68674698795087,84.19926735002907,1.1041731124399619,0.002506555637484956,2.361428571428665,NEUTRAL,0.045773214699906986,-1.0
0.001486237672202432,0.0025775974685385674,0.0025775974685385674,,,1.5100000000002183,,0.38999999999987267,74.43857331571898,88.42902883881096,1.085508876751958,0.002999366881555014,2.2864285714286843,NEUTRAL,0.030212190666184743,-1.0
0.0014014462301361692,0.00256509267431598,0.00256509267431598,,,1.6700000000000728,,0.3400000000001455,76.30173564752957,90.56758544916677,1.0005243994507291,0.003360707068214259,2.3471428571429636,NEUTRAL,0.024738012487190715,-1.0
0.0011615452978589623,0.0023874907522351335,0.0023874907522351335,,,1.0700000000001637,,0.330000000000382,72.7332457293034,87.91801510247997,0.8984357249270633,0.003582879017382129,2.39142857142867,NEUTRAL,0.13648532512835648,-1.0
0.0010727538915129451,0.0023499611265769683,0.0023499611265769683,,,0.5700000000001637,,0.38999999999987267,70.46467218332157,85.38295577130401,0.8248043972381421,0.0037259620081973024,2.3657142857143754,NEUTRAL,0.2518788638816558,-1.0
0.000746364612963347,0.002052126007561329,0.002052126007561329,,,0.5099999999997635,,0.32999999999992724,77.14285714285633,79.50377562027971,0.7281039268752717,0.0036940749936893937,2.282857142857243,NEUTRAL,0.2123498728448327,1.0
0.0006943726753884794,0.002042111653834561,0.002042111653834561,,,0.5099999999997635,,0.38999999999987267,76.60485021397933,75.24271844660142,0.7065310795658439,0.003584771650445611,2.2521428571429687,NEUTRAL,0.13794686606709672,1.0
0.0005976517813262345,0.0019795173891445994,0.0019795173891445994,,,0.75,,0.38999999999987267,76.55024946542933,71.68284789643921,0.6716857773141628,0.003585339330325103,2.3000000000000846,NEUTRAL,0.15971133447898098,1.0
0.000620361940452554,0.002029593429034512,0.002029593429034512,,,0.7599999999997635,,0.3400000000001455,79.26199261992687,70.3419577331739,0.6533590740512265,0.0035511137735299843,2.369285714285817,NEUTRAL,0.15181703050326006,1.0
0.001033849867043338,0.002497561367038719,0.002497561367038719,,,1.099999999999909,,0.3700000000003456,74.70747074707445,71.66822554523311,0.7574250428556986,0.003590124573158054,2.190000000000087,NEUTRAL,0.1185947167382994,-1.0
0.000832845128137884,0.0023274419957815613,0.0023274419957815613,,,0.8800000000001091,,0.34999999999990905,73.32155477032043,72.15366243843685,0.7189478717082145,0.003582193877341856,2.1814285714286337,NEUTRAL,0.11176565434731624,-1.0
0.0004778094484239482,0.001972005549715396,0.001972005549715396,,,0.8699999999998909,,0.36000000000012733,57.21973094170513,60.99371564154109,0.5764924823640745,0.0032922887951395284,2.1900000000000546,NEUTRAL,0.09195924088127994,1.0
0.0006530250283075126,0.0021722825773406117,0.0021722825773406117,,,0.01999999999998181,,0.34999999999990905,62.29648671808096,52.28155339805554,0.6257555573470325,0.0029811180511827417,2.1314285714286143,NEUTRAL,0.14243952844764238,1.0
0.00022228218095797966,0.001729061789491201,0.001729061789491201,,,1.8899999999998727,,0.34999999999990905,50.81839438815298,33.146167557930006,0.4273968674841778,0.0025280191139086285,2.229285714285749,NEUTRAL,0.06651805699092597,1.0
0.0007130293453439322,0.0022673860099273295,0.0022673860099273295,,,0.36000000000012733,,0.3900000000003274,50.58731401722827,39.718790337449065,0.6474901582255177,0.001813285710065865,2.205714285714326,NEUTRAL,0.054578081843133425,1.0
0.0007265779193253802,0.0023049218483517063,0.0023049218483517063,,,0.2800000000002001,,0.3900000000003274,44.675324675324056,41.35571217228223,0.6179390228422772,0.0016006471811381563,2.084285714285735,NEUTRAL,0.063953264121018,1.0
0.0008205705659890041,0.0024250175544187165,0.0024250175544187165,,,1.0700000000001637,,0.34999999999990905,47.53694581280804,63.33747638407277,0.737856525199801,0.00133833054492357,2.0657142857143236,NEUTRAL,0.025606754127823962,1.0
0.002376582544192119,0.004145710716511982,0.004145710716511982,,,6.960000000000036,,0.3900000000003274,68.4296619411129,77.00683787557584,1.3740591940632187,0.0021560663751750016,2.41571428571433,NEUTRAL,0.04918570283547792,1.0
0.002994022048714144,0.004905516892889159,0.004905516892889159,,,4.239999999999782,,0.38999999999987267,75.0471698113218,89.95071387711977,1.3125140798837256,0.0031393398111887526,2.6857142857143117,NEUTRAL,0.077046428337156,1.0
0.003325434587344415,0.0053981477777333645,0.0053981477777333645,,,2.6700000000000728,,0.38999999999987267,81.0616284300506,90.77565626586458,1.20640234736378,0.004085828664778047,2.981428571428588,NEUTRAL,0.10638952180791875,1.0
0.002854746990634888,0.005024987368747566,0.005024987368747566,,,0.9200000000000728,,0.36000000000012733,75.14595496246955,83.52313013992892,0.9999027505570072,0.0046108524195752594,3.083571428571434,NEUTRAL,0.22859080272068327,1.0
0.0033589334101850267,0.005689018644283916,0.005689018644283916,,,3.519999999999982,,0.38999999999987267,78.28397873956109,81.30502330398764,1.027317809142162,0.005305897564175787,3.275714285714327,NEUTRAL,0.24709037035152076,1.0
0.004352532775671039,0.006927662718939106,0.006927662718939106,,,5.569999999999709,,0.3900000000003274,81.69871794871865,87.01881581218713,1.0946270227047865,0.00639106417634709,3.4957142857142895,NEUTRAL,0.2693066384613041,1.0
0.005658980272614694,0.008524150513567674,0.008524150513567674,,,6.710000000000036,,0.2300000000000182,83.9335959482283,94.9041645917365,1.1362524313252664,0.007936905756927643,3.8357142857143054,NEUTRAL,0.10077368677561013,1.0
0.005400992416696779,0.008479666994852872,0.008479666994852872,,,1.2999999999997272,,0.3900000000003274,84.51339915373799,97.64170598021269,1.026799031225462,0.009055762885009816,3.8942857142857457,NEUTRAL,0.10381553747246773,1.0
0.0056949967047972925,0.00902801824536585,0.00902801824536585,,,3.380000000000109,,0.32999999999992724,89.54723309111289,96.70622210924508,0.9915308222792139,0.010050013701035008,4.010000000000024,NEUTRAL,0.11255419290030301,1.0
0.005961635156347793,0.009551103132492954,0.009551103132492954,,,2.6100000000001273,,0.30999999999994543,89.88915923222545,94.83872970916546,0.9641874013135646,0.0109604245758018,4.28928571428576,NEUTRAL,0.11591326931107966,1.0
0.0074092032099735946,0.011367731449149715,0.011367731449149715,,,7.690000000000055,,0.38999999999987267,95.7292882147026,93.16297934675765,1.0304893228385743,0.012352709096881994,4.935000000000043,NEUTRAL,0.11255419290030301,1.0
0.007467887068698356,0.011741060670428034,0.011741060670428034,,,3.049999999999727,,0.38999999999987267,95.61991383437066,91.72312894055052,0.9730497387442778,0.013432520677606304,5.027142857142865,NEUTRAL,0.11255419290030301,1.0
0.008314626526849358,0.012972028752844193,0.012972028752844193,,,8.1899999999996,,0.3000000000001819,96.26387702818101,93.70735161442849,0.9821951139704893,0.014732695215987199,5.408571428571414,NEUTRAL,0.11591326931107966,-1.0
0.008229025558395156,0.013226666666666708,0.013226666666666708,,,3.419999999999618,,0.38999999999987267,96.31656493369815,95.18247986862201,0.9390974070886722,0.015743205938568403,5.671428571428545,NEUTRAL,0.11255419290030301,-1.0
0.006272407454501515,0.011468459871573152,0.011468459871573152,,,2.3799999999996544,,0.2699999999999818,81.21615993336113,89.61112115468102,0.7928411478274593,0.015748756934685967,5.697857142857076,NEUTRAL,0.16197119128979454,1.0
0.00615331839595417,0.01160109525868282,0.01160109525868282,,,1.0899999999996908,,0.2699999999999818,79.85707905314885,81.71648368869255,0.7675192027422892,0.015575320548691573,5.5135714285713675,NEUTRAL,0.2575033558056711,-1.0
0.005338921102297807,0.010984284368155095,0.010984284368155095,,,0.009999999999763531,,0.33999999999969077,74.51284322409181,72.54706718251413,0.7069301582421738,0.014875898871543029,5.394285714285648,NEUTRAL,0.3983916551853918,1.0
0.005156353703958534,0.011016249651935227,0.011016249651935227,,,0.18999999999959982,,0.3400000000001455,77.60954347327326,69.63316077852379,0.6901442199121923,0.014106670163786073,5.333571428571369,NEUTRAL,0.3224483191539911,1.0
0.005515650664946173,0.011625653461607259,0.011625653461607259,,,0.8399999999996908,,0.2600000000002183,77.58897818599294,69.15791024499465,0.7165932123874534,0.013143215389944257,5.2907142857142,NEUTRAL,0.2664502527860411,1.0
0.005180689979572472,0.011500393866125327,0.011500393866125327,,,1.5099999999997635,,0.2699999999999818,73.49428208386259,68.57282347498551,0.687560354070367,0.01186176817248776,5.1385714285713675,NEUTRAL,0.22239886129135722,1.0
0.0049067552986558636,0.011424240165014104,0.011424240165014104,,,1.6499999999996362,,0.2300000000000182,67.65932102441838,64.64549232639632,0.6602287470248418,0.010939514517567802,4.814285714285655,NEUTRAL,0.15996086352698938,1.0
0.0049989299970230406,0.011726329335946981,0.011726329335946981,,,0.5,,0.3599999999996726,68.87360275150417,60.72032458107617,0.6745715121873171,0.010142096635753566,4.96071428571424,NEUTRAL,0.23264061262795363,1.0
0.004711181287818689,0.011642843477547928,0.011642843477547928,,,0.8799999999996544,,0.2300000000000182,66.13437782464578,57.0505930275283,0.6469477723995428,0.009298664024310932,4.914999999999964,NEUTRAL,0.17372501445901303,1.0
0.0049225509331464285,0.01206749252456219,0.01206749252456219,,,1.0599999999999454,,0.2899999999999636,65.97033000302704,58.04606369813609,0.6867439851835263,0.007998369676301312,4.819999999999936,NEUTRAL,0.2035740436826398,1.0
0.005601581550077343,0.012998967823894958,0.012998967823894958,,,2.0399999999999636,,0.29999999999972715,61.08033240997224,61.028423079917985,0.7992934755819273,0.006768510895782012,4.3335714285714015,NEUTRAL,0.1293378964867846,-1.0
0.005314977118009112,0.0129205955334988,0.0129205955334988,,,0.38000000000010914,,0.36000000000012733,58.49324804548697,64.94455051859948,0.780508259584813,0.005755842188665863,4.158571428571414,NEUTRAL,0.1825964234622529,-1.0
0.005344441604748646,0.013175259982535556,0.013175259982535556,,,1.6799999999998363,,0.2899999999999636,51.93415637860088,70.98321342925624,0.8185765068571822,0.0053265684735524605,3.838571428571413,NEUTRAL,0.12947910840602941,-1.0
0.005322377577184535,0.013380854588926325,0.013380854588926325,,,2.5700000000001637,,0.38999999999987267,50.77960387694971,77.6837420858058,0.8521124894200601,0.004736915221116701,3.593571428571392,NEUTRAL,0.14051150221010547,-1.0
0.00474008069927606,0.012974477820069368,0.012974477820069368,,,0.75,,0.330000000000382,65.9190371991242,80.35369303185327,0.7508513510643674,0.004043687746126234,3.250714285714269,NEUTRAL,0.23199469239661616,-1.0
0.004739882000498632,0.013170363828509942,0.013170363828509942,,,1.5799999999999272,,0.3200000000001637,67.19325961031993,81.93253287593102,0.8011357136114913,0.003436696266955602,3.2864285714285546,NEUTRAL,0.14748565238962616,-1.0
0.004041413093230254,0.012616785313595344,0.012616785313595344,,,0.45999999999958163,,0.23999999999978172,67.72823779193106,72.41280731846838,0.6163845731635342,0.003384904924320338,3.204999999999992,NEUTRAL,0.19002358834721042,-1.0
0.003797245355217228,0.012518742118380752,0.012518742118380752,,,0.11000000000012733,,0.25999999999976353,65.41861674467017,66.46655231560975,0.5638400053469725,0.0033566274669013414,3.1964285714285716,NEUTRAL,0.21411367279035273,-1.0
0.0034798789390524574,0.012332406395868526,0.012332406395868526,,,0.680000000000291,,0.38999999999987267,58.12064965197125,56.51801029159586,0.5321017181279584,0.0032874575286944083,3.0507142857142884,NEUTRAL,0.08845624070441313,-1.0
0.00334507625923888,0.012332406395868526,0.012332406395868526,,,0.6100000000001273,,0.2800000000002001,60.63701923076891,52.238767753848016,0.5554886877256507,0.0031170078422380013,2.967857142857156,NEUTRAL,0.07878807681796059,-1.0
0.003367378373009226,0.012499131142820351,0.012499131142820351,,,0.2300000000000182,,0.38999999999987267,63.11030741410586,50.75861843227336,0.5725079544525573,0.0030667731018465686,2.9099999999999846,NEUTRAL,0.22116561327086687,-1.0
0.003281076558056667,0.01253835231504012,0.01253835231504012,,,0.3599999999996726,,0.30999999999994543,61.118170266836245,52.72391505078695,0.6053070848614279,0.003020446826508683,2.7264285714285443,NEUTRAL,0.1158069734041671,-1.0
0.003424875010428149,0.012832411828351922,0.012832411828351922,,,0.2699999999999818,,0.25,65.19102486355274,57.61482672634755,0.6799328231588219,0.0027948592406801397,2.7792857142856713,NEUTRAL,0.06201138065290488,-1.0
0.003255679918896517,-6.204182115080134e-05,0.012807913558371459,,,0.2899999999999636,,0.2300000000000182,60.603980782429694,56.702041633543296,0.6648920964886512,0.002511271054633126,2.57071428571427,NEUTRAL,0.5645786442034592,-1.0
0.0023164862358257344,-0.0009438672227204196,0.011937436506300301,,,0.29999999999972715,,0.24000000000023647,35.66050650239556,42.84605976023338,0.29023420125679034,0.0024361633536318346,2.5649999999999573,NEUTRAL,0.4433153972492884,1.0
0.002415276168092659,-0.0007325843589513906,0.012146000337733883,,,0.01999999999998181,,0.32999999999992724,37.99307958477405,28.18793111229103,0.2945789757346707,0.002287014520218137,2.5449999999999755,NEUTRAL,0.37558828287687285,-1.0
0.0024373200409004516,-0.000603372929164474,0.012273548925350673,,,0.05999999999994543,,0.23999999999978172,36.318407960199494,21.788810086680716,0.35930879521158254,0.002036091153915219,2.5242857142856923,NEUTRAL,0.46939129527784534,-1.0
0.001907413933135569,-0.0010831141020959567,0.011799981616870745,,,0.02999999999974534,,0.30999999999994543,28.322147651006063,20.29102394977373,0.14007849612405168,0.0019983496249081118,2.497857142857161,NEUTRAL,0.38433007333573355,1.0
0.0022614827169904336,-0.0006331879897895784,0.012244117559420335,,,0.1799999999998363,,0.2300000000000182,39.14835164835176,24.5040032391618,0.29210492522839193,0.0018315738036672974,2.4228571428571803,NEUTRAL,0.37244903671920426,-1.0
0.0019006921951170716,-0.0009214918729881265,0.011959523904144998,,,0.38999999999987267,,0.2300000000000182,32.94993234100117,21.282963050036937,0.1619121431905072,0.0018729565741579894,2.4035714285714675,NEUTRAL,0.3578637133068844,1.0
0.00251384651496157,-0.0001737365012942918,0.012697656294597615,,,0.5,,0.25999999999976353,50.84415584415657,37.408408761412154,0.5643522867430862,0.0018322450726780324,2.4042857142857366,NEUTRAL,0.4412490087477919,-1.0
0.002341474130646553,-0.0002531790099707806,0.012619236144034072,,,0.13000000000010914,,0.2300000000000182,51.143043762246606,44.592198581560154,0.5086652663600405,0.0018047618422101883,2.3942857142857457,NEUTRAL,0.47445129032262817,-1.0
0.002224007966804408,-0.00030780305568995834,0.012565315063732693,,,0.09999999999990905,,0.2300000000000182,53.01286391333741,55.45212765957356,0.5246134496211684,0.0016893440017986356,2.321428571428604,NEUTRAL,0.5017291305223405,-1.0
0.0019765265504857335,-0.0004791626322662248,0.012396160740442887,,,0.5399999999999636,,0.2300000000000182,50.586701434158535,50.354609929076695,0.45510219116612616,0.0014459226577491564,2.2500000000000324,NEUTRAL,0.4299387118669518,-1.0
0.0017483793412002163,-0.0006456114561269543,0.012231853972621162,,,0.2800000000002001,,0.2699999999999818,48.456992777412125,46.18794326240977,0.4273470160259147,0.0013600113288556239,2.182857142857204,NEUTRAL,0.5398390163600987,-1.0
0.0012944956167024438,-0.0010632193187943254,0.01181962037108351,,,1.7599999999997635,,0.30999999999994543,40.634350688211455,32.97872340425564,0.06835184480155775,0.0012593835007593678,2.1807142857143327,NEUTRAL,0.4180173656441277,1.0
0.0010284370974023818,-0.0012970329749513116,0.0115888156995655,,,1.2800000000002,,0.25999999999976353,34.09638554216798,21.47218215330244,-0.023845085547018207,0.0014205277488966031,2.049285714285751,NEUTRAL,0.32072834750242324,1.0
0.001164583641300209,-0.0011104707203401965,0.01177297705524041,,,0.5599999999999454,,0.2300000000000182,36.76300578034718,15.483151116381618,0.1468109718989011,0.0014967534574814839,2.1085714285714596,NEUTRAL,0.2779274710698844,1.0
0.001217544082418055,-0.0009960802627067954,0.011885895404120533,,,0.03000000000020009,,0.33999999999969077,48.623853211008026,21.509952101533013,0.25660888980428936,0.0015364276043750016,1.8321428571428962,NEUTRAL,0.41331576607495796,1.0
0.001488212480405997,-0.0006356726583780776,0.012241664866421878,,,0.11000000000012733,,0.25,52.449379490529,36.28081457663071,0.49020234019733616,0.0015333016748011337,1.882142857142883,NEUTRAL,0.46171717117325856,1.0
0.001451228657888703,-0.0006058574496877735,0.012271096378511943,,,0.0,,0.2300000000000182,50.57705363204367,48.55305466237582,0.5500638138236971,0.0015226917734136448,1.8828571428571845,NEUTRAL,0.46413180461017606,1.0
0.001921126830684662,-3.4742471430489664e-05,0.012834861588475488,,,1.2699999999999818,,0.32999999999992724,63.3487145682254,69.5605573419053,0.8776767667780552,0.0015884323278876728,1.9100000000000168,NEUTRAL,0.6826824095867827,-1.0
0.0015951068078255074,-0.00029787096726145327,0.012575119334556335,,,0.20000000000027285,,0.23999999999978172,55.876288659793865,76.20039701414869,0.7618472672218849,0.0015215595799922808,1.9078571428571454,NEUTRAL,0.4298973051345452,1.0
0.0016779631359901963,-0.00013898437170376112,0.012731961193577975,,,0.7000000000002728,,0.2699999999999818,61.64285714285792,83.48364060706461,0.8568280476875894,0.0014815510028723775,1.7835714285714468,NEUTRAL,0.6341985251979207,-1.0
0.0020071238554103276,0.0002828131473381757,0.013148330534144726,,,2.0799999999999272,,0.2699999999999818,56.76328502415414,78.50064494994102,0.9936775642520577,0.001650457760034109,1.843571428571457,NEUTRAL,0.5317451556569895,-1.0
0.0015069728093586349,-0.00018366612476881193,0.012687854457006079,,,0.32999999999992724,,0.2300000000000182,51.49744338933479,73.5472701669136,0.7093609657964962,0.0016668516370141133,1.9257142857142884,NEUTRAL,0.44892356671436756,1.0
0.0011106873840131565,-0.0005561693833719709,0.012320145001303608,,,0.13000000000010914,,0.30999999999994543,47.12566844919879,61.13033448673542,0.5134846621791261,0.001666359492759246,2.032142857142844,NEUTRAL,0.5684577255863954,1.0
0.0014113750030138195,-0.00017621888867931052,0.012695205853445475,,,0.42000000000007276,,0.25,53.72374283895651,54.74817377931547,0.6991650055497836,0.0016330522098088514,2.165714285714265,NEUTRAL,0.5101296499209602,1.0
0.0017308705664709875,0.0002356887320938136,0.01310181257039649,,,2.300000000000182,,0.25,59.58429561201012,62.322183775472105,0.920437021388089,0.0017712064369712298,2.2414285714285467,NEUTRAL,0.4764430570122293,-1.0
0.002216457798732418,0.0008256635061689034,0.01368419486650535,,,3.0099999999997635,,0.2300000000000182,71.81246426529431,76.03938015683832,1.088119470097136,0.002061757333320165,2.420714285714244,NEUTRAL,0.3217657575405731,-1.0
0.0019006476325776418,0.0005753811279950605,0.013437133411538944,,,1.6799999999998363,,0.2899999999999636,70.56179775281082,80.33569007923678,0.8845480097096418,0.002203843711895726,2.497142857142827,NEUTRAL,0.4555622742988678,-1.0
0.0014280118959372758,0.00014638818175957244,0.013013661242860542,,,0.30999999999994543,,0.31999999999970896,64.17344173441859,72.22524553014425,0.7149003411115586,0.002250138974761323,2.5685714285713663,NEUTRAL,0.7182064765834377,-1.0
0.0013053155735286925,6.699652114360129e-05,0.012935291285985844,,,0.05999999999994543,,0.2300000000000182,61.837069436852694,60.58503080943313,0.6633987812445972,0.0022772032651143578,2.567857142857065,NEUTRAL,0.6344677384389044,-1.0
0.0009019468141481969,-0.0003177353413544326,0.012555510598211344,,,0.13000000000010914,,0.22999999999956344,53.546291283161956,43.75579195656599,0.48557309217703615,0.00227115257138415,2.5492857142856207,NEUTRAL,0.4932848874973838,-1.0
0.0009431222590345801,-0.00022090396882520604,0.01265109583260946,,,0.3200000000001637,,0.32999999999992724,53.82131324004346,32.91139360225463,0.5275766546383213,0.002259282584325358,2.5464285714284807,NEUTRAL,0.5384026204041267,-1.0
0.0003042656502479092,-0.0008742583085585373,0.012006149612420466,,,0.25,,0.25,41.32841328413264,16.03241271053426,0.23627185077416032,0.0022042669120731066,2.558571428571343,NEUTRAL,0.350936016546865,1.0
0.000631421778322566,-0.0005040022245614797,0.012371640812759543,,,0.7699999999999818,,0.22999999999956344,47.52171691364265,15.04715096299911,0.3689111996575357,0.0019862123356365106,2.5942857142856286,NEUTRAL,0.3482763022423457,1.0
0.0011900959822351053,0.00012902233326964472,0.012996518878200464,,,0.04999999999972715,,0.2300000000000182,52.40963855421679,22.984496124032386,0.6648473933404904,0.0018134803207570224,2.742857142857052,NEUTRAL,0.5384297442964512,-1.0
0.0014524043219274639,0.0004489532691735156,0.013312332572675879,,,0.900000000000091,,0.2300000000000182,51.442080378250886,43.02325581395536,0.7758751637537731,0.0016885342934542724,2.6157142857141804,NEUTRAL,0.27732749592238787,-1.0
0.0010728373118928428,9.676987132085234e-05,0.01296468147824663,,,0.1999999999998181,,0.3400000000001455,52.05741626794288,50.62015503876179,0.5379512775554164,0.001605347810569987,2.584999999999939,NEUTRAL,0.5426125161859722,-1.0
0.0006433533960735896,-0.00032518468504248385,0.012548157121296415,,,0.19000000000005457,,0.32999999999992724,51.85891325071432,43.13953488372181,0.311949869299298,0.0015572111604109649,2.6442857142856804,NEUTRAL,0.3356019758113764,1.0
0.0008057959867544365,-0.00012409134115439694,0.012746662563379684,,,0.24000000000023647,,0.32999999999992724,50.65950170981918,35.387596899225606,0.45517638190436893,0.001558520875391901,2.514285714285669,NEUTRAL,0.523844791053891,-1.0
0.0008810121497549367,1.2407440493960528e-05,0.012881404720783035,,,0.1999999999998181,,0.33999999999969077,47.09271870089028,35.387596899225606,0.5270831049008664,0.001548545789115023,2.474285714285673,NEUTRAL,0.49595793793103,-1.0
0.0008981139418619029,6.947770137992643e-05,0.012937740535524277,,,0.04999999999972715,,0.2300000000000182,41.41531322505825,44.874359702545235,0.5823794184703042,0.0015513849138979604,2.245714285714257,NEUTRAL,0.539942579814814,-1.0
0.0006391971820269738,-0.00016380707497644763,0.012707457937569716,,,0.42000000000007276,,0.25,42.04946996466507,46.11083062488998,0.42307515601202733,0.0015372191921380074,2.125714285714236,NEUTRAL,0.4055954625525821,-1.0
0.0006865953479162041,-8.686070520963435e-05,0.012783414072426991,,,0.07000000000016371,,0.2699999999999818,46.92982456140354,50.59750901717664,0.47518298770060025,0.0015299547839816182,1.974999999999974,NEUTRAL,0.5070449484523569,-1.0
0.0005625799102622757,-0.00018863101044166053,0.01268295346522621,,,0.5199999999999818,,0.2300000000000182,46.695760598504,48.425253412086285,0.3862867412442269,0.0014665179804626439,2.041428571428566,NEUTRAL,0.3460257795981127,-1.0
0.0004087394367834329,-0.00032021844358941633,0.012553059451408754,,,1.0400000000004184,,0.2300000000000182,50.06684491978603,48.1792717086833,0.30504206626524816,0.0014835542947774253,1.980714285714287,NEUTRAL,0.22317203308732547,1.0
0.0003869424526094236,-0.0003177353413544326,0.012555510598211344,,,0.7900000000004184,,0.23999999999978172,49.39024390243805,44.145658263303915,0.3633985507668797,0.0014670028060206858,1.9207142857143091,NEUTRAL,0.34425661063129115,1.0
0.0002745489958883444,-0.0004220362504313007,0.012452551953903787,,,1.4100000000003092,,0.25999999999976353,56.81995323460642,39.1596638655432,0.26342294182668236,0.0012342128901332455,1.8214285714286038,NEUTRAL,0.23612997807288416,1.0
0.0005392459526176411,-0.00012657348211088916,0.012744212365484743,,,0.2699999999999818,,0.2899999999999636,55.71542765787476,39.62014931495551,0.5208014241447138,0.0010857575025604253,1.7542857142857429,NEUTRAL,0.4689539774725798,-1.0
0.0006327878620323486,-7.444612086016373e-06,0.01286180814738356,,,0.04000000000041837,,0.2699999999999818,45.845552297163245,40.28397970066565,0.5872781671136311,0.0010479040310469856,1.6464285714285845,NEUTRAL,0.46383104005740855,-1.0
0.0002593188574882355,-0.00039223377132769326,0.012481970900226205,,,1.1700000000000728,,0.30999999999994543,34.92063492063424,36.50843847642467,0.2725248622247199,0.0010485518719289444,1.6900000000000546,NEUTRAL,0.37968225299612574,1.0
0.00032007106959933455,-0.00031525225144717707,0.012557961732844852,,,0.6999999999998181,,0.2300000000000182,43.4917355371912,35.41701212606579,0.38289353924031283,0.0010469989322717174,1.621428571428591,NEUTRAL,0.4945789518080239,1.0
-3.759699066659293e-05,-0.0006903384893505964,0.012187702538608144,,,2.199999999999818,,0.38999999999987267,42.95918367347095,28.881457164003166,0.08533208666426426,0.0011369705053271442,1.6007142857143077,NEUTRAL,0.34913648459919333,1.0
9.162328234512589e-05,-0.0005512008481540481,0.012325049595661981,,,1.5900000000001455,,0.36999999999989086,41.34312696747002,33.86386411325781,0.16989369234852414,0.0010172962904913068,1.5971428571428663,NEUTRAL,0.42542121733381344,1.0
0.0005392444765282341,-5.211461244100784e-05,0.012817713012274254,,,0.03999999999996362,,0.38000000000010914,49.411764705881815,45.567375886526065,0.6443548466817661,0.000989481280536273,1.6600000000000168,NEUTRAL,0.4350941579792904,1.0
0.0006276276950149114,6.45153285939922e-05,0.012932842024292587,,,0.10999999999967258,,0.2699999999999818,48.94977168949757,64.44484513362886,0.727066280933825,0.0009673560453725677,1.6121428571428689,NEUTRAL,0.42551520056428527,1.0
0.0006773898217416016,0.0001339840658209039,0.01300141675743676,,,0.23999999999978172,,0.30999999999994543,54.84515484515396,80.53318374270346,0.8127221902310848,0.0008535991287499576,1.5757142857143143,NEUTRAL,0.5128945087693229,1.0
0.0008085598841699555,0.0003076136868245179,0.013172811911595885,,,1.0199999999999818,,0.2300000000000182,56.704980842912285,87.34908987805842,0.9788886284101745,0.0009339351969816224,1.6364285714285935,NEUTRAL,0.6060075496215741,1.0
0.0006674177395383145,0.0001811180691325234,0.01304794418586191,,,0.8299999999999272,,0.2600000000002183,58.15324165029375,86.80833120170695,0.8773670785913028,0.0009858751585013177,1.619285714285752,NEUTRAL,0.5318353376750276,1.0
0.0009724310676125602,0.0005530726534094618,0.013415112028214183,,,2.369999999999891,,0.2300000000000182,66.60714285714427,89.71165825757697,1.100818158430214,0.00119501662634213,1.7064285714286274,NEUTRAL,0.35446345506323285,-1.0
0.0011405481223985148,0.0007761125933567016,0.013635281632167321,,,3.069999999999709,,0.2300000000000182,67.89699570815537,91.699266636823,1.0941939214687435,0.0014354996050810302,1.7457142857143222,NEUTRAL,0.1372522354371201,-1.0
0.0009021591863707898,-7.440310112062315e-06,0.013432239855757264,,,2.2799999999997453,,0.31999999999970896,66.92047377326608,94.15604961992226,0.9094880470421415,0.0015453976469851781,1.7392857142857403,NEUTRAL,0.3933126383498817,-1.0
0.0011543359245842963,0.0003396562282291244,0.01377467156234426,,,3.849999999999909,,0.2800000000002001,68.08163265306123,87.88408793277661,1.0395226726202162,0.0017896501702519439,1.960000000000004,NEUTRAL,0.7043065619966278,-1.0
0.0009539352393907023,0.00019093007743825938,0.013627944228580506,,,3.3399999999996908,,0.2800000000002001,64.72466081404627,78.28912517066799,0.9092162609908242,0.0019373788304453278,1.9921428571428805,NEUTRAL,0.7583992797422209,-1.0
0.0009440012250980826,0.00023059471119879274,0.013667075786315652,,,3.1599999999998545,,0.3599999999996726,71.89716312056723,71.6928769657728,0.8436020553778073,0.0020331754178908273,1.8892857142857338,NEUTRAL,0.6967790645577828,-1.0
0.0013450195067728954,0.0006988951508573024,0.014129082464671152,,,5.299999999999727,,0.2899999999999636,75.52123552123462,76.16404563675592,1.0057901598813999,0.0022677373877650897,2.0400000000000285,NEUTRAL,0.5409789396105453,-1.0
0.0013834104285020408,0.0008128066610497596,0.014241463051989952,,,1.050000000000182,,0.36000000000012733,86.01340033500783,83.09084415508408,0.9747199283263696,0.0024919908735833197,1.9592857142857352,NEUTRAL,0.48141859880095483,-1.0
0.0013181149581754324,0.0008251867821432374,0.014253676789453464,,,0.9099999999998545,,0.330000000000382,84.21970357453976,86.42940054416181,0.9055787378996664,0.002605534585730312,2.0464285714286103,NEUTRAL,0.5402229443824513,-1.0
0.00101940931647538,0.0005874348430656393,0.014019120136621965,,,0.13999999999987267,,0.3400000000001455,72.76190476190473,77.5306176278494,0.7756584741731184,0.002655414866996928,1.9721428571428663,NEUTRAL,0.6197560835750235,-1.0
0.0004633586751257363,2.9760133325370234e-05,0.013468940340852715,,,2.149999999999636,,0.24000000000023647,59.70755483346974,58.8917907890974,0.5670951705128041,0.0026191945830781583,2.097857142857135,NEUTRAL,0.5590507849655085,-1.0
-0.0005645498837726165,-0.0010551482545365168,0.012398612666247932,,,1.4400000000000546,,0.36000000000012733,43.15600717274388,32.5498424789587,0.14019146467794075,0.0026388888138627097,2.3607142857142986,NEUTRAL,0.4138593844996176,-1.0
-0.0006367162335531928,-0.0011471135940409412,0.01230788330229675,,,1.0,,0.23999999999978172,39.63076923076846,15.644243382424378,0.12707736750861762,0.002711075798462373,2.3971428571428532,NEUTRAL,0.3974267007776055,-1.0
-0.000965424416711324,-0.0014927560349815984,0.011966886150651694,,,2.4399999999996,,0.2300000000000182,36.80000000000031,4.112303562471025,0.016246601876068145,0.0028032159119711023,2.4021428571428323,NEUTRAL,0.1462449034411895,-1.0
-0.0011719645309858512,-0.0017515223337730094,0.0117115975622785,,,3.3899999999998727,,0.2300000000000182,28.976936723832054,4.429260773247285,-0.01449626069603199,0.0030325893715490377,2.372857142857096,NEUTRAL,0.19650387919626794,-1.0
-0.001529966927497946,-0.0021648303304908118,0.011303844251517996,,,2.1100000000001273,,0.3700000000003456,23.359288097887443,1.3177644177965597,-0.047599030501532094,0.003507954205554744,2.440714285714226,NEUTRAL,0.32816178880327307,-1.0
-0.0012783254564277342,-0.001953154120260538,0.01151267562235054,,,0.5399999999999636,,0.22999999999956344,27.022471910113637,5.092359167415246,0.05914394064496244,0.003845264916921614,2.538571428571361,NEUTRAL,0.1637157483460918,-1.0
-0.0011956864580090038,-0.001953154120260538,0.01151267562235054,,,0.15999999999985448,,0.22999999999956344,21.794099939796624,9.6779924083624,0.1272157189581917,0.004103157429760528,2.294285714285674,NEUTRAL,0.21996721034382938,-1.0
-0.0014079569336698146,-0.0022320873745383003,0.011237491113906062,,,1.199999999999818,,0.3400000000001455,21.12018669778459,11.667737101262944,0.11519914795269295,0.004401632602274939,2.2907142857142326,NEUTRAL,0.27573291481672285,-1.0
-0.0015497118547032516,-0.0024538504568338347,0.011018708434334057,,,0.7799999999997453,,0.38999999999987267,20.579874928938153,10.264203798107337,0.12739796655877542,0.0046987089355189585,2.3392857142856167,NEUTRAL,0.3432806442156307,-1.0
-0.001538408068107484,-0.002506190888205967,0.010967071436385548,,,1.349999999999909,,0.38999999999987267,9.238451935083589,6.8786285165352,0.14312242644920295,0.0049505171383357905,2.1742857142856207,NEUTRAL,0.21868719913177778,-1.0
-0.0015811298787794842,-0.0026059020698023737,0.010868700331208174,,,1.849999999999909,,0.38000000000010914,6.175920149720497,5.956927990331802,0.1598192576752968,0.005145706140838756,2.2107142857141753,NEUTRAL,0.21875411188081453,1.0
-0.0014374432416199684,-0.002521146301075558,0.010952317017986211,,,1.5,,0.38000000000010914,8.251231527094376,6.358649457210274,0.20903389717827564,0.005283490715406894,2.134285714285592,NEUTRAL,0.22436041669418383,-1.0
-0.0010942729587836604,-0.0022121584203697764,0.01125715223129731,,,0.1999999999998181,,0.3900000000003274,16.00970285021357,11.250051312405512,0.2922567335402318,0.005222260231331705,2.1971428571427754,NEUTRAL,0.23605319200402303,-1.0
-0.0010005826733405733,-0.002149885546555608,0.01131858818383136,,,0.0500000000001819,,0.3900000000003274,19.740437158471124,17.77952172295246,0.32401086163062987,0.005128198536624701,2.0964285714285325,NEUTRAL,0.2586910637545122,-1.0
-0.0007237721006898879,-0.001893402907193413,0.01157162380419932,,,0.09000000000014552,,0.2300000000000182,35.599284436495594,31.568847708111065,0.3938219675342754,0.00496554361706241,1.9607142857142403,NEUTRAL,0.3704010149193351,-1.0
-0.0010098921788881836,-0.002224613923846076,0.011244864124558553,,,0.2300000000000182,,0.38999999999987267,32.489795918368785,37.17857127233221,0.34385246412087983,0.0046065871966493345,1.9014285714285637,NEUTRAL,0.2169159565568662,-1.0
-0.0014767333388780962,-0.0027555060382388457,0.010721106977299437,,,1.4899999999997817,,0.38999999999987267,30.804953560372837,33.10471984982201,0.24411246736191008,0.004154200580568367,1.9764285714285765,NEUTRAL,0.14976376489496995,1.0
-0.001311254734348848,-0.002640805669526269,0.010834265821211032,,,0.05999999999994543,,0.38999999999987267,35.564516129033194,24.293677993682795,0.27589378066201525,0.003492973126561113,1.8885714285714326,NEUTRAL,0.12437579728857769,1.0
-0.0010805401572758196,-0.002438897051694162,0.011033460871986523,,,0.17000000000007276,,0.38999999999987267,46.00694444444428,25.949135387731403,0.3456096650633104,0.002670304931249126,1.8035714285714286,NEUTRAL,0.17867892311742944,-1.0
-0.0009480262556415444,-0.0023367273884337195,0.01113425741786651,,,0.13999999999987267,,0.3500000000003638,44.563279857396495,37.366099558915074,0.38348047545400626,0.0018514309399433719,1.7150000000000156,NEUTRAL,0.140629105140578,-1.0
-0.0005736057887986416,-0.001978052562522374,0.01148811180469962,,,0.13999999999987267,,0.3000000000001819,50.080256821829785,55.13547574038918,0.6450927535687533,0.0015836759007774323,1.7600000000000233,NEUTRAL,0.20694782167950088,-1.0
-0.00014641255411371081,-0.0015350452316725625,0.011925165303010035,,,2.069999999999709,,0.38999999999987267,60.1844734819354,73.23183867246142,0.9594340620853352,0.0014025201504148934,1.7835714285714468,NEUTRAL,0.21676172690631126,-1.0
-0.0002258882441303738,-0.001639539736481227,0.011822075160476198,,,0.4800000000000182,,0.3400000000001455,60.98130841121369,83.97905008287216,0.8982293374914665,0.0013490829506772463,1.7671428571429064,NEUTRAL,0.14232371889097417,-1.0
-0.0003551694105533058,-0.0017938333871648487,0.01166985515168085,,,0.25,,0.33999999999969077,60.230769230768665,80.83703101150208,0.7716199989199353,0.0013264017456877872,1.7985714285714818,NEUTRAL,0.12513116218588674,-1.0
-0.0002752544077872202,-0.0017241464977963855,0.011738605478512763,,,0.2800000000002001,,0.3200000000001637,64.15963161933998,74.43267776096789,0.8347854928807619,0.001397579404251778,1.6985714285714753,NEUTRAL,0.1273688616102789,-1.0
-0.00038778008074321,-0.001856062017815164,0.011608462847701105,,,0.18999999999959982,,0.38999999999987267,60.912547528518346,71.05395864851401,0.7383628720789447,0.0014279957769964705,1.6635714285714909,NEUTRAL,0.11193186732727851,-1.0
-0.0006625702793071345,-0.002169812024188562,0.011298929509692085,,,0.5700000000001637,,0.30999999999994543,50.22455089820339,63.74180534543893,0.48434393071052134,0.0014129159478869786,1.6150000000000415,NEUTRAL,0.14952512657547018,-1.0
-0.000797624845571949,-0.0023417107912596198,0.011129340989882414,,,0.6999999999998181,,0.3900000000003274,47.11889132020437,50.73121533031095,0.3846573599409956,0.0014211409433236887,1.602142857142878,NEUTRAL,0.16950766848295762,-1.0
-0.0013122683172799745,-0.002927605805464694,0.01055132015869267,,,1.150000000000091,,0.2800000000002001,36.08870967741836,28.693898134142206,0.05171882882052441,0.0015572134700007287,1.615000000000009,NEUTRAL,0.12686956648854114,-1.0
-0.0012450348060386016,-0.00290764918180395,0.010571008573709777,,,0.6900000000000546,,0.38000000000010914,40.92888243831623,17.894742053600055,0.12543266453952517,0.001638742808050937,1.6292857142857105,NEUTRAL,0.10286938701650487,-1.0
-0.0015152234120339068,-0.0032719826224132283,0.010211571621584627,,,2.4299999999998363,,0.2800000000002001,42.05816554809794,7.8954370066358335,-0.04514754103447866,0.0018596543076057999,1.5814285714285299,NEUTRAL,0.2775536378949009,-1.0
-0.001392575025539424,-0.0032020899421533596,0.010280524973564761,,,2.150000000000091,,0.2899999999999636,41.40271493212579,10.39233793187221,0.05164525495213329,0.0020313933465224768,1.6057142857142546,NEUTRAL,0.19284908382763458,-1.0
-0.0018726465530839894,-0.003778995952142635,0.009711372338147997,,,4.569999999999709,,0.38999999999987267,31.102096010818528,6.269623699811767,-0.0878237963552326,0.002437440743437776,1.710000000000004,NEUTRAL,0.32990802345098924,-1.0
-0.0016380675754311812,-0.003611599931302382,0.009876518626745824,,,0.0,,0.27999999999974534,33.702016916070434,10.475129608759639,0.07068179018403374,0.002655131964612489,1.7835714285714468,NEUTRAL,0.16623176477981613,-1.0
-0.0016810525289656768,-0.0037190267799799997,0.009770535549813551,,,0.36999999999989086,,0.3200000000001637,25.212464589233335,12.49753026896861,0.09426144608147459,0.0028148973237942638,1.7507142857143012,NEUTRAL,0.11199174883739729,-1.0
-0.0016635724070721309,-0.0037764970935660323,0.009713837613114423,,,0.7300000000000182,,0.36000000000012733,15.28316524437463,16.461628588168562,0.11559387792067027,0.003003034452904065,1.6628571428571572,NEUTRAL,0.1694497451287906,-1.0
-0.0013525664086432426,-0.0034967036413003573,0.00998987075884699,,,0.1999999999998181,,0.25999999999976353,21.70658682634584,17.812212929595674,0.21621677157094002,0.0031137623523708738,1.6471428571428532,NEUTRAL,0.10884642360613077,-1.0
-0.001200815728128312,-0.0033918213060129825,0.010093343519580725,,,0.4499999999998181,,0.2300000000000182,26.399394856278022,22.516218731133574,0.2802509458418819,0.0031827145739243947,1.6257142857142688,NEUTRAL,0.09981536086905508,-1.0
-0.0009946773926885655,-0.003217066125264005,0.01026575006406769,,,1.3599999999996726,,0.36000000000012733,28.455882352939128,31.345861260824396,0.36375833521430806,0.0031988690427319556,1.669285714285739,NEUTRAL,0.18451074808104892,-1.0
-0.0012890612804826228,-0.003579126573645908,0.009908555556108645,,,0.010000000000218279,,0.330000000000382,26.689655172411577,32.74565261028615,0.2789212317603573,0.0032493686428136967,1.730714285714287,NEUTRAL,0.1507538306385427,-1.0
-0.0011270489042798377,-0.0034592431474633274,0.010026827799373843,,,0.18999999999959982,,0.2300000000000182,30.85670962850385,34.2224501556313,0.3146838864868779,0.003198958205351081,1.7392857142857079,NEUTRAL,0.1262838976724319,-1.0
-0.0010246548447575337,-0.0034068031544658125,0.01007856302088129,,,0.32999999999992724,,0.2899999999999636,33.07148468185292,33.58362749638967,0.3442573990574462,0.0029802423897938224,1.788571428571426,NEUTRAL,0.17094904432554744,-1.0
-0.0011207802873729612,-0.003559144013420145,0.009928269559114227,,,0.07999999999992724,,0.2699999999999818,38.41240875912333,37.898159419617166,0.3216134146506219,0.0027569747750366452,1.710000000000004,NEUTRAL,0.12889222195310343,-1.0
-0.0019139142082191625,-0.004464152259478869,0.00903542424393403,,,3.4700000000002547,,0.2699999999999818,27.47559274755794,27.283207079311968,0.04339003767744321,0.0027799700067697116,1.8657142857142779,NEUTRAL,0.11873310229584268,1.0
-0.0013563355235004684,-0.003938948783706324,0.009553569205487724,,,0.07999999999992724,,0.27999999999974534,40.35812672176214,28.237799012445503,0.22774434753957554,0.0024918555070880875,1.8857142857142921,NEUTRAL,0.08610014354513916,1.0
-0.001569778997483489,-0.004221489999178072,0.009274825225332984,,,1.069999999999709,,0.2899999999999636,36.638214051215286,23.324432863835188,0.13503638132275406,0.0022058247504456382,1.919285714285739,NEUTRAL,0.08189536270571464,1.0
-0.0011626947931297322,-0.0038464698369544466,0.009644805274020578,,,0.24000000000023647,,0.2300000000000182,48.79603399433376,38.3575834882747,0.29482750061697743,0.0019220124235445042,1.8550000000000182,NEUTRAL,0.06592249394054306,-1.0
-0.0012647418893337165,-0.003996444285084604,0.009496846419509701,,,0.1999999999998181,,0.2300000000000182,43.89173372348184,38.39235525576193,0.2426108344975525,0.0016361726651186934,1.7700000000000142,NEUTRAL,0.08804009845771613,1.0
-0.0010757341899942702,-0.0038489690439320323,0.009642339655335532,,,0.45000000000027285,,0.3400000000001455,47.67025089605706,46.93648116919592,0.36020954601267524,0.001522396754639708,1.7971428571428791,NEUTRAL,0.08944330732240109,-1.0
-0.0015449534725977877,-0.004401599222807626,0.009097136594053977,,,1.75,,0.2300000000000182,42.11526282457198,35.75042158515917,0.03782406629995377,0.0014781847725234593,1.9142857142857597,NEUTRAL,0.05731121341612701,1.0
-0.0012950755979664898,-0.004191478075058072,0.00930443380179268,,,0.5300000000002001,,0.32999999999992724,40.76474400518545,30.24170882518182,0.17052501544989088,0.0014956396073781276,1.8950000000000793,NEUTRAL,0.05699422596568138,1.0
-0.0012892539295297544,-0.00012203990954108922,0.009252617631529158,,,0.01999999999998181,,0.3200000000001637,40.45602605863296,23.946037099494152,0.277047361152336,0.0014359591607827525,1.8485714285715014,NEUTRAL,0.21309486717570858,1.0
-0.0008940976787177651,0.0002439904893503176,0.009615217039499158,,,0.27000000000043656,,0.3599999999996726,40.57217165149726,35.57937708563225,0.44278372824632833,0.00143802792982866,1.9292857142857625,NEUTRAL,0.08249203981936257,1.0
-0.001069964467891739,2.2412256017613737e-05,0.00939571577274969,,,0.04999999999972715,,0.3900000000003274,41.935483870968234,39.034398842222764,0.3112056246713007,0.001446585739165299,1.9407142857143558,NEUTRAL,0.2430200401691933,1.0
-0.0008156048839172627,0.0002614138255547518,0.009632477057824752,,,0.3700000000003456,,0.3900000000003274,44.79233226837235,45.16866781018092,0.48435171275719247,0.001439833650733733,1.8878571428572286,NEUTRAL,0.08158792059095098,1.0
-0.0005480554293954378,0.0005276663953664645,0.009896233905552748,,,0.009999999999763531,,0.3400000000001455,48.014440433212215,52.08690680388931,0.6679207131614878,0.0014566487422040207,1.8935714285715417,NEUTRAL,0.09047051591831301,1.0
-0.00021109955677066909,0.0008633902623511585,0.01022881086030498,,,1.0799999999999272,,0.36999999999989086,53.534777651083644,73.81039683131837,0.8790489983611316,0.0015312990752511665,1.8864285714286584,NEUTRAL,0.05519400797879908,-1.0
-6.007459335647296e-05,0.0010125284851379003,0.010376551133932401,,,0.8100000000004002,,0.2899999999999636,69.05089408528167,86.51655859408243,0.9458872045036355,0.0016289167503557539,1.7214285714286948,NEUTRAL,0.12591987531779092,-1.0
0.00010076673847750288,0.0011814979902097344,0.010543936801050743,,,0.6100000000001273,,0.30999999999994543,65.6226126814355,95.03444384252332,0.9880893065582206,0.0017063583209413467,1.5864285714287039,NEUTRAL,0.07776337227505604,-1.0
0.0003126000957258372,0.0014075295369824295,0.010767849638046115,,,1.6300000000001091,,0.2899999999999636,73.24695121950963,93.2256714374469,1.036054572421292,0.0019522918233345402,1.577142857142982,NEUTRAL,0.05066870775707874,-1.0
1.8612108610004512e-05,0.0011044748644904003,0.010467635652647725,,,0.32999999999992724,,0.22999999999956344,63.31045003813648,89.10270922948989,0.8433944700715934,0.0020424541157074904,1.5735714285715403,NEUTRAL,0.07729329918433203,-1.0
-0.0002576208681439451,0.0007937771850023526,0.010159850302083323,,,0.20999999999958163,,0.34999999999990905,59.79827089337196,77.43658210947929,0.6923221050399933,0.0020560687975931294,1.610000000000095,NEUTRAL,0.05417257442724866,-1.0
-0.00025398103156431596,0.0007937771850023526,0.010159850302083323,,,0.2300000000000182,,0.29999999999972715,57.73584905660196,66.17712505562918,0.6826173390498226,0.0020801160058158082,1.5485714285714818,NEUTRAL,0.04656684345244828,-1.0
-0.0002289148504188371,0.0008236125487697929,0.01018940600366278,,,0.01999999999998181,,0.31999999999970896,69.91150442477684,61.783582929849764,0.6921845186433863,0.0019926382276606986,1.4392857142857534,NEUTRAL,0.0298545187452326,-1.0
-0.0002661840971588476,0.0007788588349465386,0.010145071789384622,,,0.20999999999958163,,0.38000000000010914,66.87956204379611,60.79062424675223,0.6474994624656147,0.001988723719961185,1.4907142857142779,NEUTRAL,0.039320276162888905,-1.0
-0.0002649965560429855,0.0007614535301831583,0.010127829633482126,,,0.33999999999969077,,0.23999999999978172,64.46124763705026,59.264067765314515,0.6136319046774854,0.001917663790450163,1.4721428571428663,NEUTRAL,0.052135298943359026,-1.0
-0.00032414813774035234,0.0006793917825946341,0.010046537092800524,,,0.669999999999618,,0.30999999999994543,58.97693079237671,53.34723668902345,0.5596244785000412,0.001897212866988461,1.3071428571428376,NEUTRAL,0.04214552089981555,1.0
-0.0001681129214778763,0.0008385295625214337,0.010204183192583174,,,0.05999999999994543,,0.38999999999987267,66.8383110195681,52.01219732644788,0.6231089994447909,0.0018619202920780815,1.2664285714285402,NEUTRAL,0.02556828904527448,-1.0
-0.00048646934163052834,0.0004903498160565421,0.00985926711370643,,,0.1299999999996544,,0.38000000000010914,55.144855144854226,41.19567162703284,0.44634616018583323,0.0018391980836642745,1.322857142857109,NEUTRAL,0.026266227617223515,1.0
-0.0003272245102186984,0.0006445736356938725,0.010012045314273205,,,0.7099999999995816,,0.32999999999992724,52.63713080168788,35.01316589890258,0.49954494455187043,0.0016406762869101456,1.2685714285713792,NEUTRAL,0.028437281118092964,1.0
-0.0002795493016336605,0.000676904852561612,0.010044073474039985,,,0.6899999999995998,,0.38000000000010914,44.77244772447758,26.650779270228778,0.48232041188877184,0.0014638944373612346,1.2199999999999949,NEUTRAL,0.022282563045423236,1.0
-0.00025930164328761825,0.0006868524984259042,0.010053927875510496,,,0.6399999999998727,,0.32999999999992724,39.290407358737326,27.48782185107758,0.4310305065101325,0.0013097373449398996,1.1821428571428376,NEUTRAL,0.019020447737189448,1.0
0.00031362803538632125,0.001293284619612616,0.010654675596962808,,,1.0900000000001455,,0.32999999999992724,52.469135802469275,44.954766875435524,0.8810638801848172,0.0013099205723918373,1.3285714285713897,NEUTRAL,0.06315213423657906,-1.0
0.0004051377547286085,0.0014025629101687982,0.01076292956597646,,,1.5199999999999818,,0.3400000000001455,49.39759036144506,68.14588385798464,0.9463652410382508,0.0012040523695363,1.3485714285713715,NEUTRAL,0.05037054977601287,-1.0
0.000652900694412703,0.0016905456235999491,0.011048212869527183,,,1.3800000000001091,,0.3400000000001455,63.83442265795459,91.80014723348307,1.1129014557078967,0.001305089938709162,1.3357142857142077,NEUTRAL,0.015571473649369264,-1.0
9.330049651384997e-07,0.0010100432129325199,0.010374089157459835,,,0.03000000000020009,,0.33999999999969077,54.20906567992516,80.85034629710286,0.5550774434546519,0.0012535128673782229,1.4464285714285066,NEUTRAL,0.07010623868806994,-1.0
-0.00013788689146062506,0.0008658762642913171,0.010231273559672148,,,0.33999999999969077,,0.30999999999994543,51.53913808267531,60.47085500867198,0.44037984505257705,0.0012539816295130534,1.4971428571428274,NEUTRAL,0.029562584875466,-1.0
0.00012696270012000241,0.0011491994159479753,0.010511940977914034,,,0.6900000000000546,,0.2300000000000182,55.420711974110766,47.562358276642385,0.6788344004301782,0.0012687632837045677,1.5099999999999585,NEUTRAL,0.10814120991761057,-1.0
-0.0001878792396696746,0.0008062088031033519,0.010172165392243004,,,0.6799999999998363,,0.3000000000001819,49.96353026987521,40.98853955996651,0.3830375735337663,0.001261401242990412,1.4957142857142571,NEUTRAL,0.05205123785470377,-1.0
-0.00034767329361571735,0.0006296508299942125,0.009997262387695695,,,0.6499999999996362,,0.3400000000001455,48.82394868139725,34.99999999999907,0.31397900954366453,0.0011964081672453893,1.545714285714244,NEUTRAL,0.08799321417973989,-1.0
-0.0003084450809358508,0.0006495478052251697,0.01001697285835876,,,0.34999999999990905,,0.2300000000000182,49.422799422798306,21.02102102102033,0.3009733793380522,0.0012038877124413367,1.572857142857109,NEUTRAL,0.10051536631682889,-1.0
-0.0005082998912016234,0.00042317295078494056,0.009792719931694943,,,1.2199999999998,,0.38999999999987267,44.192634560907116,17.68899334116618,0.15545021210101753,0.0012698993469270425,1.6735714285713843,NEUTRAL,0.23135716748546123,-1.0
-0.0006839284442614937,0.00022158816470221855,0.009593024703345781,,,2.019999999999982,,0.23999999999978172,45.71428571428562,13.573284712181392,0.06279075151565723,0.0013914919630592442,1.7328571428570936,NEUTRAL,0.3431107111231596,-1.0
-0.0012323665783338705,-0.0004011001604400959,0.008976173155686704,,,4.679999999999836,,0.36999999999989086,35.98219961856414,11.300023547791616,-0.1714688545032137,0.001795877481440196,1.9507142857142168,NEUTRAL,0.23069894293817117,1.0
-0.0009571457900848176,-0.00015691392648460727,0.009218070506657688,,,0.0,,0.2899999999999636,39.337349397589044,11.820126399591103,0.03674369329435955,0.0019956223920170628,1.9492857142856141,NEUTRAL,0.24781610814392913,1.0
-0.0010002038309659203,-0.0002416180939571202,0.009134160314850813,,,0.2699999999999818,,0.2800000000002001,39.00836320191058,14.919354838706695,0.06936909763716351,0.0021827558649560514,2.0164285714284427,NEUTRAL,0.26192371723516933,1.0
-0.0012201925924576033,-0.000523237996048398,0.008855180180741344,,,1.2799999999997453,,0.2300000000000182,26.038233355305977,13.743279569889802,0.03427168530830505,0.002428794508920265,1.92785714285703,NEUTRAL,0.2340194705461058,1.0
-0.0012653344611583844,-0.0006154842889537402,0.008763798559716946,,,1.5599999999999454,,0.2300000000000182,23.435419440745576,9.20122319780965,0.07261656035801743,0.002643109435009451,1.9292857142856323,NEUTRAL,0.13151838536888624,1.0
-0.001144125333184929,-0.0005332097482702644,0.008845301898874528,,,1.1799999999998363,,0.2300000000000182,18.14946619216923,7.430568426630296,0.1485762426634257,0.002800934862682341,1.9171428571428026,NEUTRAL,0.17304059099207406,1.0
-0.000632559354407877,-3.237503237505956e-05,0.009341442033749781,,,0.650000000000091,,0.2300000000000182,33.58895705521334,17.655961313314062,0.32585816885861696,0.0028345064587592134,1.834999999999939,NEUTRAL,0.28152221844915437,1.0
-0.0006311076137346233,-4.98086104145503e-05,0.00932417186959111,,,0.0,,0.3400000000001455,35.124298315957375,28.080978810293242,0.33913270459331335,0.0028596160474908287,1.829285714285626,NEUTRAL,0.5323303785338687,1.0
-0.0005348832074749964,2.7392620925888663e-05,0.009400649454139773,,,0.5299999999997453,,0.2899999999999636,31.207482993195867,38.83374689826464,0.39523085662579327,0.002865494254577193,1.7971428571427819,NEUTRAL,0.363006260804442,1.0
-0.00041278877484037565,0.00013445846851803451,0.009506711718553598,,,0.5799999999999272,,0.31999999999970896,36.363636363635955,44.63925974415039,0.4168216432731238,0.0027460418344577926,1.7178571428570584,NEUTRAL,0.5275717230775859,1.0
-9.06781359047003e-05,0.0004754224040940725,0.009844479624042978,,,1.0899999999996908,,0.2300000000000182,45.98930481283375,58.00493793957771,0.5690545595275871,0.0025615536826970463,1.7592857142856246,NEUTRAL,0.33059162451657403,1.0
-8.72444698526359e-05,0.0004779103370511484,0.009846944236326649,,,0.5600000000004002,,0.29000000000041837,47.17994628469259,69.74456562902792,0.6221153225509541,0.0021826056804856446,1.7664285714285077,NEUTRAL,0.1290037857464067,1.0
-0.00015663091625060555,0.0003982903387210173,0.009768070557133563,,,0.21000000000003638,,0.2300000000000182,49.48356807511678,76.88389934130318,0.6024182705347194,0.0020566730914824373,1.6299999999999468,NEUTRAL,0.11474029792722094,1.0
0.00020828094818918622,0.0007813452575577419,0.010147534905479668,,,0.20000000000027285,,0.2300000000000182,59.753954305800676,84.65138905323609,0.7938395725834894,0.0020302570800067943,1.642857142857078,NEUTRAL,0.2440503679949818,1.0
0.0005563201831979326,0.0011566531184859625,0.010519324813069922,,,1.5099999999997635,,0.29000000000041837,81.26829268292612,90.97803514376903,0.9848479794522983,0.002018960341711606,1.4849999999999324,NEUTRAL,0.10187685919372248,1.0
0.0003877664165829416,0.0009752481036150402,0.010339620200572696,,,0.6599999999998545,,0.24000000000023647,73.55864811133331,94.98421325051754,0.8792567931499844,0.002071272058257596,1.537142857142791,NEUTRAL,0.0919811221072065,1.0
0.0004885067394954964,0.0010995052226497127,0.01046271259381241,,,1.1900000000000546,,0.2300000000000182,76.84108527131943,93.03804347826168,0.9095860968756126,0.002188058241120942,1.448571428571378,NEUTRAL,0.09276326508077526,1.0
0.0002488229227023792,0.0008534461308782872,0.010218959940283693,,,0.15999999999985448,,0.2300000000000182,76.69245647968889,87.70186335403838,0.7821554665356365,0.0022302834427108064,1.4278571428570948,NEUTRAL,0.20554982724956614,1.0
0.00016667219095909636,0.0007713994928670204,0.010137682367549522,,,0.0500000000001819,,0.25999999999976353,77.21518987341727,84.76190476190578,0.7445197605113189,0.0022833250704788898,1.3557142857142221,NEUTRAL,0.2200409758646457,1.0
0.00027622129842850575,0.0008882497250654889,0.010253437302507511,,,0.02999999999974534,,0.2699999999999818,77.17073170731666,80.32509581075797,0.7610184884283382,0.002355443193376207,1.3485714285713715,NEUTRAL,0.2107192189319844,1.0
0.0005217185254421143,0.0011690757088453805,0.010531630960109681,,,1.1400000000003274,,0.2300000000000182,75.59958289885299,85.44138542403353,0.8455198299018646,0.002388418054779007,1.297857142857083,NEUTRAL,0.18571691322890496,1.0
0.0005799364880317248,0.0012560251901447357,0.01061776541926371,,,1.4500000000002728,,0.2300000000000182,76.44084934276847,92.40371750336317,0.8375323244236414,0.002456928436856144,1.3014285714285247,NEUTRAL,0.08504735169607455,1.0
0.0009243228164050553,0.0016483516483515625,0.011006414400079554,,,1.5799999999999272,,0.2600000000002183,78.72146118721254,94.49409876728343,0.935055718200271,0.0025945299508662143,1.4164285714285012,NEUTRAL,0.022868605785715975,1.0
0.0008545366795787241,0.0016086364133623236,0.010967071436385548,,,0.6000000000003638,,0.2300000000000182,77.27682596934221,90.29007623475457,0.8794488680503951,0.0025694242176609794,1.4342857142856766,NEUTRAL,0.013015654176801074,1.0
0.0006354557546849163,0.0014050462297510796,0.010765389608128869,,,0.1799999999998363,,0.2300000000000182,68.36049856183999,81.57696775790983,0.7854109716046122,0.002384642250322616,1.4071428571428442,NEUTRAL,0.06351075182140353,1.0
0.0006854667729838829,0.0014845059355370828,0.010844104497282167,,,0.21000000000003638,,0.24000000000023647,69.18767507002642,78.80434782608882,0.8105898261760514,0.002180689895856452,1.395714285714283,NEUTRAL,0.057730150273103374,1.0
0.00100093002311517,0.0018568048043270263,0.01121291361756287,,,1.6300000000001091,,0.30999999999994543,74.95755517826925,83.24856001486447,0.9245181660968796,0.0022033601660666493,1.497857142857161,NEUTRAL,0.061537658191866074,1.0
0.0005589521495513593,0.0014273955502062219,0.010787529436924811,,,0.08999999999969077,,0.2300000000000182,60.98579782790415,79.13136380527732,0.7118819861895779,0.0020459656822046216,1.437142857142882,NEUTRAL,0.06011144014894186,1.0
0.001174834264498209,4.224557601844709e-05,4.224557601844709e-05,,,2.5100000000002183,,0.38999999999987267,64.18711656441876,86.19658119658173,0.9729039888752479,0.0020735760418057127,1.5750000000000455,NEUTRAL,0.9451320225585705,-1.0
0.001133342905966682,5.2185192824296524e-05,5.2185192824296524e-05,,,2.680000000000291,,0.2899999999999636,68.48436246992864,83.67766674413261,0.9515380884911245,0.0020411966058338387,1.557857142857204,NEUTRAL,0.9423204773459914,-1.0
0.001131270347149183,9.442635986385437e-05,9.442635986385437e-05,,,3.1900000000000546,,0.29999999999972715,68.43373493975874,94.09896456886224,0.9524127608517468,0.0021195291054254576,1.6007142857143404,NEUTRAL,0.815248051415007,-1.0
0.0011902434080696001,0.00019628743437414463,0.00019628743437414463,,,3.3200000000001637,,0.2699999999999818,74.89177489177646,88.05341591461791,0.9185292107275403,0.002153658611713813,1.6514285714286285,NEUTRAL,0.8528717284174283,-1.0
0.0012884339978051305,0.00035276523225369105,0.00035276523225369105,,,3.6600000000003092,,0.32999999999992724,76.96917808219399,86.78935006234843,0.9191888822889697,0.0021171352889088964,1.685000000000043,NEUTRAL,0.9290884254128285,-1.0
0.0010651488831097818,0.00017144518350847772,0.00017144518350847772,,,3.3600000000001273,,0.32999999999992724,74.26850258175622,82.65010351966885,0.8463687521369426,0.002128457500983398,1.7071428571428637,NEUTRAL,0.9327925360977043,-1.0
0.0013678905410296905,0.0005464318003437101,0.0005464318003437101,,,4.700000000000273,,0.2300000000000182,74.6395250212052,86.6876200453999,0.9342132935643246,0.0022963738632503067,1.7664285714285728,NEUTRAL,0.8515072481235664,-1.0
0.0005935810829180324,-0.0002286850608998441,-0.0002286850608998441,,,1.4200000000000728,,0.2300000000000182,57.520325203251474,71.62112793487745,0.5631402793806838,0.0022168229033018095,1.911428571428587,NEUTRAL,0.7271939131368195,1.0
0.00040518703093613483,-0.00040026750797430514,-0.00040026750797430514,,,0.8600000000001273,,0.2800000000002001,50.25491624180687,55.62535403102157,0.48729845808271005,0.0021530451774255045,1.8178571428571948,NEUTRAL,0.803741821670652,1.0
0.0005810037596812182,-0.00019387841337865452,-0.00019387841337865452,,,0.3100000000004002,,0.3400000000001455,54.175293305726576,39.989434759639586,0.5778313112002625,0.002005853964805279,1.8400000000000156,NEUTRAL,0.7573653792372848,1.0
0.0008326534850356912,0.00010188031299616445,0.00010188031299616445,,,0.9800000000000182,,0.2300000000000182,60.93333333333367,48.86423666138447,0.7209024793111718,0.0018353394543017662,1.8864285714285611,NEUTRAL,0.7929149451102973,-1.0
0.00021973333893312406,-0.0005271271569943535,-0.0005271271569943535,,,0.14000000000032742,,0.2300000000000182,49.800796812749844,45.06075013206695,0.28120234377854264,0.0016473098837527823,2.047142857142847,NEUTRAL,0.7243066685006981,1.0
0.000754774448628386,5.9639775754388925e-05,5.9639775754388925e-05,,,0.599999999999909,,0.25,52.909770421783556,49.867934495512905,0.651771217623444,0.0015370010122422357,2.0657142857142583,NEUTRAL,0.7522157942455292,1.0
0.000550371729267057,-0.00013670132252320365,-0.00013670132252320365,,,0.1000000000003638,,0.24000000000023647,55.95708639186776,44.162704701533016,0.5171452378241007,0.0014134328368560955,2.032857142857113,NEUTRAL,0.7354034646526906,1.0
0.0007466393995711065,9.691102325612905e-05,9.691102325612905e-05,,,0.819999999999709,,0.2600000000002183,51.34123518402934,55.953997007216515,0.6610283258233521,0.001404564169622842,1.8435714285713922,NEUTRAL,0.8672035104130623,1.0
0.0010855238730973762,0.000484367354137073,0.000484367354137073,,,2.2899999999999636,,0.3000000000001819,54.99134448932455,63.877085424809366,0.8734552633053279,0.0014570963605174808,1.8971428571428208,NEUTRAL,0.6252343790647306,1.0
0.0011284269258997146,0.0005762199968207829,0.0005762199968207829,,,0.16000000000030923,,0.3400000000001455,54.19847328244322,73.15268542554664,0.8736713984409143,0.0014362146606936683,1.907857142857113,NEUTRAL,0.534745485894271,-1.0
0.0010824579931344722,0.0005662907952907817,0.0005662907952907817,,,0.38000000000010914,,0.2300000000000182,54.43925233644821,81.845903262676,0.8739253889978942,0.0014275138894103059,1.8042857142856974,NEUTRAL,0.5152968946858358,-1.0
0.0009355728799134815,0.000454573681922605,0.000454573681922605,,,0.06999999999970896,,0.3400000000001455,51.99768384481766,77.93263646922169,0.7608196328131115,0.001450075836114822,1.81785714285713,NEUTRAL,0.6627711641071392,1.0
0.000972290607301698,0.0005265720161746755,0.0005265720161746755,,,0.599999999999909,,0.38000000000010914,54.80769230769172,80.48780487804619,0.8607292686808005,0.0013600795498832064,1.7664285714285728,NEUTRAL,0.54086403947463,-1.0
0.0004627971916098769,1.9880715705747325e-05,1.9880715705747325e-05,,,0.4499999999998181,,0.2300000000000182,44.34413170472619,67.30545876887147,0.40518566601441475,0.0013588233217199373,1.8014285714285572,NEUTRAL,0.711655740703643,1.0
0.0005493128817753272,0.00013169501422548307,0.00013169501422548307,,,0.43000000000029104,,0.3900000000003274,55.11221945137134,59.81416957026307,0.4912927505498765,0.0013554977558021002,1.6235714285713974,NEUTRAL,0.7314439826087967,1.0
0.0006931722199600522,0.0003080622882071226,0.0003080622882071226,,,0.15000000000009095,,0.2300000000000182,58.65504358655109,51.56794425086958,0.5931376748010085,0.0013605939528007114,1.6449999999999494,NEUTRAL,0.6573391272136117,1.0
0.0007195613650591462,0.0003726319241222034,0.0003726319241222034,,,0.2199999999997999,,0.30999999999994543,57.62603701340241,61.033681765387826,0.684617435627768,0.0013808727209577197,1.6292857142856778,NEUTRAL,0.6740815531143889,1.0
0.0006753791145171225,0.00035773197925155877,0.00035773197925155877,,,0.15000000000009095,,0.2899999999999636,52.72479564032608,65.91173054587628,0.6279749799471236,0.001386279657534108,1.5385714285713934,NEUTRAL,0.6915533548474307,1.0
0.000818841210488667,0.0005439493704841781,0.0005439493704841781,,,0.0,,0.2300000000000182,67.58957654723045,70.4237275765909,0.7140969933918466,0.0014147018157306757,1.3864285714285285,NEUTRAL,0.1647285723082256,1.0
0.0009480540805158498,0.0007127265141713104,0.0007127265141713104,,,0.9900000000002365,,0.2300000000000182,62.76894293732462,76.57744933080629,0.8685755937458504,0.0014638648647004085,1.322857142857109,NEUTRAL,0.47340697754785444,1.0
0.0007846457265818315,0.0005762199968207829,0.0005762199968207829,,,0.3000000000001819,,0.3000000000001819,62.827715355806546,78.55471956021367,0.7282005256661155,0.0014311780175017793,1.3049999999999662,NEUTRAL,0.19926850317731182,1.0
0.0008913245709980062,0.0007251343485214394,0.0007251343485214394,,,0.900000000000091,,0.2300000000000182,61.67953667953741,82.30958500921953,0.8095677169415114,0.0013559009385050488,1.3085714285714078,NEUTRAL,0.3111972074652072,1.0
0.001224612403785487,0.0011220224205896034,0.0011220224205896034,,,2.599999999999909,,0.2300000000000182,62.51180358829003,85.7111336318133,1.0256778326997162,0.001477764825415457,1.276428571428531,NEUTRAL,0.23589547236437244,-1.0
0.001185747798786138,0.0011145836694874112,0.0011145836694874112,,,0.5299999999997453,,0.2699999999999818,61.75337186897779,93.86550928793262,0.9499535442387583,0.001617064862479747,1.2235714285713715,NEUTRAL,0.03532369839200471,-1.0
0.0006522204036458845,0.0005960778080232299,0.0005960778080232299,,,0.42000000000007276,,0.2300000000000182,50.16207455429484,82.22639083063392,0.5959271230683665,0.0013258021499465136,1.3585714285713297,NEUTRAL,0.07094157952149927,1.0
0.0005049286126794207,0.0004595394173039963,0.0004595394173039963,,,0.03999999999996362,,0.2300000000000182,50.121457489877514,62.6033057851227,0.48609837931435756,0.00126862754965937,1.3357142857142077,NEUTRAL,0.074318109612457,1.0
0.0008980995041881599,0.000913695501042764,0.000913695501042764,,,0.30999999999994543,,0.30999999999994543,54.30267062314655,56.8181818181823,0.8250699248998361,0.0011912088048022969,1.4199999999999429,NEUTRAL,0.09705196629299302,1.0
0.0006658108776810975,0.0006978367062107331,0.0006978367062107331,,,0.24000000000023647,,0.30999999999994543,61.46095717884109,59.710743801654075,0.6147462123621047,0.0011277301887810994,1.3192857142857,NEUTRAL,0.09375397638529587,1.0
0.0006129007481778889,0.0006730193735207944,0.0006730193735207944,,,0.2600000000002183,,0.2300000000000182,59.877622377622885,64.55005656651156,0.6088743615730546,0.0011303657021034467,1.289999999999996,NEUTRAL,0.04928577620843187,1.0
0.000663011073060685,0.000742504798964909,0.000742504798964909,,,0.44000000000005457,,0.2300000000000182,58.42391304347681,55.70565126159761,0.6377092213449036,0.0011389548813772288,1.2507142857143012,NEUTRAL,0.07464102673753664,1.0
0.0009971543215685954,0.0011344200928883302,0.0011344200928883302,,,0.4499999999998181,,0.3200000000001637,61.62207357859422,66.67638693427037,0.9042278909190192,0.0012315851154840825,1.2914285714285987,NEUTRAL,0.10286257349006535,1.0
0.000790328750620733,0.0009558639147716749,0.0009558639147716749,,,0.11000000000012733,,0.34999999999990905,60.310965630114666,72.63932895562546,0.7638185391749793,0.0012623998947430902,1.3321428571428962,NEUTRAL,0.062470283532306874,1.0
0.0008125898211357544,0.0010178698218975847,0.0010178698218975847,,,0.04999999999972715,,0.2899999999999636,58.96785109983056,81.06566108318064,0.7710626396206673,0.0013056010387584075,1.3492857142857377,NEUTRAL,0.04272989760079796,1.0
0.000731916242790458,0.0009608246706009724,0.0009608246706009724,,,0.13999999999987267,,0.2899999999999636,54.264972776770115,74.20264357832008,0.7192202897079942,0.001182672332024995,1.3142857142857207,NEUTRAL,0.08139391892870107,1.0
0.0006253286944714559,0.000881446665027853,0.000881446665027853,,,0.0500000000001819,,0.2300000000000182,56.20300751879597,70.92517439855587,0.6361020046457905,0.0010637325112377335,1.2735714285714235,NEUTRAL,0.08083881307958753,1.0
0.0005955736654014329,0.000881446665027853,0.000881446665027853,,,0.0500000000001819,,0.2300000000000182,53.585657370517104,66.19585687382126,0.6171682051484098,0.0009770266074852047,1.2392857142857079,NEUTRAL,0.0800890329310623,1.0
0.0008612980290661834,0.0012013622057407602,0.0012013622057407602,,,0.8099999999999454,,0.22999999999956344,51.45833333333439,71.94646220069525,0.8926747121399665,0.0009890132870848391,1.2542857142857429,NEUTRAL,0.0669096929697348,1.0
0.0009619024231635123,0.0013500903369269696,0.0013500903369269696,,,1.4200000000000728,,0.2300000000000182,54.3584720861916,82.71464859757843,0.989981626588629,0.000999064346653181,1.376428571428635,NEUTRAL,0.05797474032852671,-1.0
0.0006062889626143839,0.001007949393989033,0.001007949393989033,,,0.01999999999998181,,0.3400000000001455,58.85471898197254,80.96569607375746,0.6233273118814933,0.0009402055724397746,1.3450000000000923,NEUTRAL,0.054905231620601895,1.0
0.0006834997533063243,0.0011220224205896034,0.0011220224205896034,,,0.4699999999997999,,0.2699999999999818,63.9658848614065,72.55299766105865,0.7196438887100497,0.0009489829837641628,1.412857142857222,NEUTRAL,0.12623030380530006,1.0
0.0009265129570728569,0.0014070910440020133,0.0014070910440020133,,,1.5799999999999272,,0.32999999999992724,60.92485549132862,70.40267747231563,0.9499562675449013,0.0009832776816685626,1.3528571428572118,NEUTRAL,0.03553265628285282,-1.0
0.000935234981213818,0.0014492178194235252,0.0014492178194235252,,,0.38000000000010914,,0.25999999999976353,68.86075949367078,82.30935127674108,0.9287229476092032,0.0010458371418700391,1.3092857142857741,NEUTRAL,0.04722039850840036,-1.0
0.0008230299849537858,0.0013674390670640173,0.0013674390670640173,,,0.13000000000010914,,0.3000000000001819,66.66666666666666,89.94565217391268,0.8417734292854216,0.0010950572899951173,1.291428571428631,NEUTRAL,0.018612576204699256,-1.0
0.0005823057290175038,0.0011418585485488241,0.0011418585485488241,,,0.4699999999997999,,0.2300000000000182,58.351893095767934,79.31010592437383,0.6090810273886341,0.0010936095943681395,1.329285714285756,NEUTRAL,0.038628292023615785,1.0
0.0007735331378846781,0.0013723957363907593,0.0013723957363907593,,,0.13000000000010914,,0.2300000000000182,56.15474794841794,76.86086135402454,0.8133498740762365,0.0010719374155548846,1.2935714285714701,NEUTRAL,0.03573100661927118,-1.0
0.0007416870509631301,0.0013699174078780133,0.0013699174078780133,,,0.11000000000012733,,0.2699999999999818,59.949937421777264,76.48725212464497,0.7959159239297832,0.0009660001543714776,1.2435714285714832,NEUTRAL,0.029548011334068015,-1.0
0.0006608863506273461,0.0013129124567843233,0.0013129124567843233,,,0.03999999999996362,,0.2699999999999818,58.0200501253136,84.60812086874394,0.7333248849703804,0.0009782805576098162,1.2014285714286157,NEUTRAL,0.07270241930246568,-1.0
0.0004541460138437107,0.0011195428491992572,0.0011195428491992572,,,0.4299999999998363,,0.2300000000000182,53.27963176064222,74.50424929178357,0.4824878993376427,0.0009001176578938122,1.1821428571429027,NEUTRAL,0.06635478604000968,1.0
0.0005696510695439825,0.001255900997274731,0.001255900997274731,,,0.03999999999996362,,0.2300000000000182,57.48299319727894,68.74409820585257,0.5835330455864115,0.0008097683160027406,1.192142857142926,NEUTRAL,0.05871833822032308,-1.0
0.0007346920405241555,0.0014616073710670906,0.0014616073710670906,,,0.5,,0.2300000000000182,61.81262729124191,73.84324834749499,0.8673441633318821,0.0007618691086932986,1.2378571428572027,NEUTRAL,0.046140875462195766,-1.0
0.0006582857258091929,0.0014095691880086948,0.0014095691880086948,,,0.1799999999998363,,0.2300000000000182,54.350282485875205,84.45348059967505,0.748398496086194,0.0007804281734689513,1.1435714285714442,NEUTRAL,0.06327526921360499,-1.0
0.0008593601403792412,0.0016548445761042608,0.0016548445761042608,,,1.2799999999997453,,0.38999999999987267,56.745182012846264,90.26027025397417,1.0060797735637375,0.0008541228255488478,1.1099999999999974,NEUTRAL,0.012735357506649789,-1.0
0.0009436985910139503,0.0017960090891951156,0.0017960090891951156,,,0.9600000000000364,,0.3900000000003274,69.12280701754233,90.75698060351556,1.0580950544855747,0.0009737223588857543,1.038571428571426,NEUTRAL,0.013164233728175824,-1.0
0.000609906499309999,9.925878502275165e-06,0.0014764744272147286,,,0.44000000000005457,,0.2699999999999818,57.47368421052598,80.31594465504713,0.6810103066608917,0.0009433493629275035,1.0614285714285805,NEUTRAL,0.12465480174121767,-1.0
-1.7924404433356006e-05,-0.0006381510009285988,0.000829347993424846,,,1.599999999999909,,0.27999999999974534,39.653600729262365,52.380299635947786,0.017163819973390417,0.0009663773976495459,1.1900000000000222,NEUTRAL,0.09194727656627652,1.0
-1.9889872365494853e-05,-0.0006555439400673603,0.000811980562128924,,,0.8299999999999272,,0.34999999999990905,38.31347387717688,25.506131485982166,0.010311063742116556,0.0009997405924362178,1.2742857142857247,NEUTRAL,0.06038157100889911,1.0
-0.00010101290138849632,-0.0007474880923407959,0.0007201712517569921,,,1.1799999999998363,,0.38999999999987267,37.96548592188951,14.218398907927506,0.008633065450870447,0.0011236411911715676,1.3800000000000117,NEUTRAL,0.05236711273225277,1.0
0.00017599465168239678,-0.00044438486211655385,0.001022829961966587,,,0.17000000000007276,,0.38999999999987267,48.80847308031786,28.766162612315867,0.32237841521583527,0.001136762037107815,1.378571428571474,NEUTRAL,0.07097066071448517,1.0
0.00035692129527112467,-0.00025069375152023755,0.0012162370123262123,,,0.6400000000003274,,0.38999999999987267,46.14670380687143,40.79772079772061,0.4163957648945098,0.0011162560063576244,1.3700000000000208,NEUTRAL,0.08329172785570241,1.0
0.0007321650522471845,0.0001687131405207507,0.0016350288176930823,,,0.21000000000003638,,0.2899999999999636,54.1996830427889,59.907305170463154,0.798868322012325,0.0011547399556280681,1.5535714285714286,NEUTRAL,0.7643643395117349,1.0
0.0007273447578377931,0.00019351909512460894,0.0016597983927991184,,,0.21000000000003638,,0.2300000000000182,55.210819411296455,71.8562139614774,0.7977162874560652,0.0011983746987274792,1.6107142857142986,NEUTRAL,0.7246130713086157,1.0
0.0007721702896490631,0.0002679295742152336,0.0017340997442264357,,,0.4600000000000364,,0.2699999999999818,60.318791946308814,82.45614035087617,0.8234931645246102,0.0012509412779228568,1.6078571428571584,NEUTRAL,0.7607261172575444,-1.0
0.0007918451405534218,0.000317530407257604,0.001783627834517057,,,0.680000000000291,,0.2300000000000182,59.572649572650356,85.48644338118008,0.8337226146635918,0.0013163160619404867,1.6357142857142921,NEUTRAL,0.8181389207607166,-1.0
0.0007636261313532847,0.00030761063439737745,0.0017737226096297238,,,0.7100000000000364,,0.27999999999974534,55.91798695246961,86.95498549613255,0.8046601356472632,0.001357525042173311,1.6157142857142779,NEUTRAL,0.8660622804141422,-1.0
0.0008851194168034508,0.00047622000372048683,0.0019420847026725186,,,1.3699999999998909,,0.2300000000000182,59.999999999999176,89.28146406853607,0.8778499705880558,0.001452490562183139,1.6807142857143,NEUTRAL,0.40920501472170456,-1.0
0.0006870937080672584,0.0002976906646688992,0.0017638171881628583,,,0.6400000000003274,,0.27999999999974534,51.81733457595686,86.84936478035958,0.7337062497421597,0.0014887263906647697,1.6007142857142753,NEUTRAL,0.8042006250022474,-1.0
0.0009123720488524447,0.0005654607637192934,0.0020311945854651916,,,1.680000000000291,,0.2300000000000182,53.67383512544896,90.56047197640494,0.8614891339150406,0.0015809601022941154,1.6071428571428572,NEUTRAL,0.4500633774160713,-1.0
0.0010780669444780528,0.0007835377722235499,0.0022489517702745875,,,0.9899999999997817,,0.24000000000023647,65.12488436632873,90.78018016071427,0.9521099826811129,0.0017104869564723002,1.5542857142856974,NEUTRAL,0.293760624725456,-1.0
0.001120750296956102,0.0008776779715225639,0.0023429539070305523,,,1.099999999999909,,0.24000000000023647,86.03286384976843,95.7691767426284,0.9274998504825535,0.0018442578741453709,1.4178571428571038,NEUTRAL,0.10542186225898185,-1.0
0.0009357917774510745,0.0007339831729398348,0.002199469845937897,,,0.5100000000002183,,0.2300000000000182,81.44444444445094,91.36386115791113,0.8137759442488058,0.0019278356214197838,1.4007142857142298,NEUTRAL,0.11586939183621142,-1.0
0.0006081153374276347,0.00041671730939531117,0.0018826692728035265,,,0.7899999999999636,,0.2899999999999636,72.35932872655854,80.73373068864092,0.6116770569323273,0.001928421707445589,1.4142857142856624,NEUTRAL,0.4190061165240818,-1.0
0.0003872223334354246,0.00020592161085279515,0.0016721827194553205,,,0.3000000000001819,,0.2300000000000182,63.414634146344056,63.52071021475195,0.5277225691280448,0.0019286782222870623,1.405714285714209,NEUTRAL,0.24904324865618568,1.0
0.00035597171688167973,0.00018855800267460055,0.0016548445761042608,,,0.20000000000027285,,0.3599999999996726,60.816777041944505,47.0975558320802,0.5191851862483766,0.0019204807887796545,1.4571428571427987,NEUTRAL,0.608001647837656,1.0
0.00031154888157433917,0.00016375180189005667,0.0016300747551785785,,,0.2300000000000182,,0.2300000000000182,50.83102493074734,32.443252760035506,0.5181313976620862,0.00191576457020566,1.3364285714285091,NEUTRAL,0.18519485081601425,1.0
0.0005321215002607126,0.00041671730939531117,0.0018826692728035265,,,0.38999999999987267,,0.22999999999956344,55.90062111801498,30.301630255430563,0.6197045937654482,0.001774129321282287,1.3321428571427987,NEUTRAL,0.13131805227408316,-1.0
0.0007015798051513377,0.0006199889393973211,0.0020856427921325522,,,0.07999999999992724,,0.25,58.136792452832125,36.850152905199316,0.6990270364316475,0.0015986018472017311,1.4664285714285208,NEUTRAL,0.3465444745442663,-1.0
0.0006329924923454354,0.0005828112832264208,0.002048519659340546,,,0.04999999999972715,,0.3400000000001455,56.67870036101,47.0702897028285,0.6849328276484683,0.0012930910605922516,1.4492857142856792,NEUTRAL,0.20349072980636498,-1.0
0.0005122684302088458,0.00048613643071688666,0.0019519865866029459,,,0.12000000000034561,,0.24000000000023647,53.91705069124661,46.78762907455658,0.5878111339629504,0.0010819215586019067,1.4899999999999767,NEUTRAL,0.19560307953351483,-1.0
0.0003352342150762477,0.0003125705454356559,0.0017786752466454662,,,0.5399999999999636,,0.2699999999999818,46.313364055299814,35.70822731128254,0.3858896195280127,0.0008727574615848987,1.4928571428571493,NEUTRAL,0.6119011288104069,-1.0
3.1528780191562566e-05,0.0,0.0014665631056396558,,,1.300000000000182,,0.2300000000000182,43.412526997838306,19.677692960137914,0.050967798677577676,0.0009263870317672613,1.5264285714285961,NEUTRAL,0.596770724080093,1.0
0.00036927722492345356,0.0003621669490411348,0.001828198913995245,,,0.1999999999998181,,0.25,46.090534979422486,18.377732772498362,0.44171097208900356,0.000904284711304802,1.5835714285714337,NEUTRAL,0.6259503792695367,-1.0
0.0005775392953585852,0.000602639710733011,0.0020683190072069125,,,0.009999999999763531,,0.22999999999956344,45.755693581781976,30.158730158732936,0.6930943578289217,0.0009056174653696921,1.5914285714285856,NEUTRAL,0.30598891770410724,-1.0
0.0008322994955871295,0.0009049257712942895,0.002370161746184423,,,1.5300000000002,,0.2699999999999818,50.42573320719086,58.0498866213193,0.9471967130750437,0.0009892058572805557,1.66571428571433,NEUTRAL,0.20919187102433345,-1.0
0.000447397371454974,0.0005282790503874317,0.001994067401462307,,,0.03999999999996362,,0.3000000000001819,46.027633851467705,62.91356852819066,0.5363472781549737,0.0009792371159205954,1.7442857142857844,NEUTRAL,0.4480257158610342,-1.0
0.0006225902885064042,0.0007414166761720673,0.0022068924474685434,,,1.150000000000091,,0.32999999999992724,57.86219081271992,69.75162157886437,0.8135177024107422,0.0010248867636630638,1.7178571428571883,NEUTRAL,0.18688827866292543,-1.0
0.000536195356435259,0.0006794674363991787,0.002145034060165128,,,0.36000000000012733,,0.30999999999994543,57.15532286212885,61.39534883720726,0.6078340398441913,0.0010131729123869957,1.7142857142857468,NEUTRAL,0.38987760690111667,-1.0
4.43061917995361e-05,0.0001687131405207507,0.0016350288176930823,,,0.5599999999999454,,0.31999999999970896,49.84779299847806,50.93023255813864,0.20279480003670788,0.0010544368188987751,1.7385714285714715,NEUTRAL,0.6422576252835167,1.0
-8.187624603242254e-05,2.977704438017615e-05,0.001496296480105149,,,0.8600000000001273,,0.2800000000002001,47.52186588921339,28.452807345004217,0.10837267350201389,0.0010858837864636537,1.7292857142857818,NEUTRAL,0.6335356863777057,1.0
0.00013064378662689757,0.0002580088169551396,0.0017241935363829194,,,0.04999999999972715,,0.34999999999990905,47.44525547445145,18.679311910408085,0.3351460271519399,0.0010178904009300555,1.751428571428635,NEUTRAL,0.6646137243318972,-1.0
6.811229673645183e-06,0.00013894437014778854,0.0016053037051004494,,,0.14000000000032742,,0.2899999999999636,44.057532172595714,21.33044107013549,0.3095798641848352,0.0009880683421588355,1.6021428571429428,NEUTRAL,0.6964584644974384,1.0
-0.00034747065399938455,-0.00025317649628549916,0.0012137579086628242,,,1.9900000000002365,,0.2800000000002001,38.774150566288995,19.302564183612013,-0.037513203764215255,0.0011454352342285625,1.6907142857143558,NEUTRAL,0.6166814496387698,1.0
-0.0003157679470206966,-0.00022090177565311784,0.0012459852963806813,,,0.7600000000002183,,0.25,40.406779661015364,11.544818884527901,0.05351459522302014,0.0012528715576807727,1.6485714285714883,NEUTRAL,0.6533880671828977,1.0
0.0001345647378956322,0.00025552859687515817,0.001721716953702201,,,0.11000000000012733,,0.31999999999970896,49.62825278810442,17.710395712889298,0.4550952992946864,0.0012457181789498535,1.710000000000004,NEUTRAL,0.6426235152806538,1.0
0.000326139705339739,0.0004712617164344068,0.0019371336870276396,,,0.2199999999997999,,0.2800000000002001,56.225930680359824,35.63890868773047,0.5934373912620616,0.001242464885947887,1.6857142857142793,NEUTRAL,0.371502865235728,1.0
0.0006308454026880318,0.0008132681727005214,0.002278638569243104,,,0.9100000000003092,,0.2899999999999636,55.161078238002,59.54106280193059,0.7941792795368443,0.0012913879577378373,1.7571428571428507,NEUTRAL,0.24010458553558425,-1.0
0.0008558197187711413,0.0010857144273600306,0.00255068526427726,,,1.449999999999818,,0.2300000000000182,56.28205128205035,74.89298599645169,0.986125320529454,0.001433834262969254,1.7849999999999844,NEUTRAL,0.06515956384689142,-1.0
0.0009180893731996039,0.0011872245713350858,0.002652046537220313,,,0.6300000000001091,,0.3900000000003274,53.605442176870724,85.82594334884773,0.9678539158182375,0.0015857481069985512,1.7242857142856727,NEUTRAL,0.07840326038614165,-1.0
0.0007757003641233022,0.0010782860457391364,0.0025432677768467853,,,0.24000000000023647,,0.3500000000003638,58.413639733136,87.97444488993364,0.8647303918676881,0.001687553347626918,1.663571428571361,NEUTRAL,0.10530423187263299,-1.0
0.0008162917647867256,0.0011401858502935753,0.002605076801431618,,,0.6300000000001091,,0.38000000000010914,55.687203791469685,88.08446455505502,0.8726981016871181,0.001796481743282088,1.6035714285713507,NEUTRAL,0.04361935203035693,-1.0
0.0013162432596425932,0.0017142503251378145,0.0031782993744967924,,,2.9100000000003092,,0.38999999999987267,65.9363957597185,90.7297141403642,1.0623794220963536,0.0020409046985883253,1.715714285714187,NEUTRAL,0.06362653755267987,-1.0
0.0006208750805862537,0.001023807871173762,0.002488869497962291,,,0.25,,0.2699999999999818,62.0758483033919,83.89789082053173,0.7181454532352143,0.0020741542127395833,1.8085714285713104,NEUTRAL,0.33537509438751556,-1.0
0.00025848995427875946,0.0006645984758872987,0.0021301869059221538,,,0.2300000000000182,,0.33999999999969077,58.23970037453145,69.03087164559254,0.5251617576383041,0.0020746887796658235,1.836428571428444,NEUTRAL,0.4226122604749187,-1.0
0.00014907883820415758,0.0005431520676980904,0.0020089186065545086,,,0.7100000000000364,,0.3000000000001819,54.00898011545859,49.69627942292945,0.4759638877412646,0.00205839182537336,1.8671428571427506,NEUTRAL,0.4190048099724746,-1.0
0.000308401143796703,0.0007339831729398348,0.002199469845937897,,,0.07000000000016371,,0.36000000000012733,56.48379052369056,44.229309035685354,0.5480122301313345,0.002058359817739962,1.8985714285712934,NEUTRAL,0.3726094808382498,-1.0
3.093275489483137e-05,0.00044399025701826156,0.001909902222927711,,,0.8799999999996544,,0.2300000000000182,59.56607495068983,40.964312832191986,0.43342452341634335,0.0020543934446090374,1.9071428571427143,NEUTRAL,0.5391216249146494,-1.0
-0.00012522228377851601,0.0002803302439121473,0.0017464822275586867,,,0.09999999999990905,,0.3400000000001455,56.277602523660086,36.560364464690515,0.3491950916740098,0.0020754092659504507,1.9542857142855934,NEUTRAL,0.32516660837132505,-1.0
-4.173778876890432e-05,0.0003745652810232375,0.0018405790630410912,,,0.2699999999999818,,0.25,51.90839694656554,26.967324515227332,0.41490019409852597,0.002045799323741418,1.9128571428570271,NEUTRAL,0.26799058584480095,-1.0
0.0003328000869485643,0.0007785825334678594,0.002244003798689236,,,0.09999999999990905,,0.2300000000000182,53.86151797603159,27.595928272600116,0.5639175567642483,0.001976799017973403,1.9564285714284648,NEUTRAL,0.2807374598507289,-1.0
5.629045991927056e-05,0.0004935736218383351,0.001959412870614286,,,0.06000000000040018,,0.2300000000000182,46.276595744679575,25.816993464051574,0.4127555842113202,0.0019499347123387828,1.862142857142739,NEUTRAL,0.3956169916725975,-1.0
-1.82210109197257e-05,0.0004117584317460429,0.001877717667661264,,,0.42000000000007276,,0.3000000000001819,39.80028530670553,25.116713352006315,0.36023004004555476,0.0019215169716596478,1.819999999999904,NEUTRAL,0.47116230835343925,-1.0
0.00044862517380949845,0.0009197875811322155,0.0023850017602403575,,,0.38999999999987267,,0.2300000000000182,46.784363177805695,28.05788982259511,0.6176031885371167,0.001730069808098401,1.9128571428570271,NEUTRAL,0.1756170073212838,-1.0
0.0003236486571678479,0.000790970538207114,0.0022563736356377875,,,0.06999999999970896,,0.2300000000000182,46.374999999998934,33.89355742296869,0.5145655631130435,0.0014895773195794074,1.9071428571427467,NEUTRAL,0.3046589119788614,-1.0
0.00025619643082841253,0.0007339831729398348,0.002199469845937897,,,0.009999999999763531,,0.2300000000000182,44.43742098609403,40.42950513538754,0.4629250892145617,0.0014211875862617182,1.8942857142856155,NEUTRAL,0.38645433341735097,-1.0
0.0005494545362843445,4.461939654740967e-05,0.002528432471022136,,,0.01999999999998181,,0.2300000000000182,40.20408163265196,42.3902894491134,0.6478240207890514,0.00140391603272169,1.7764285714284986,NEUTRAL,0.5429825822186292,-1.0
0.00043177868513756833,-5.7019468429812304e-05,0.002427046069251375,,,0.2199999999997999,,0.2899999999999636,48.08787632221377,55.95638713151383,0.5960255807712915,0.0014085232826168545,1.6292857142856454,NEUTRAL,0.5622171170125396,-1.0
0.00016900364811348831,-0.00032485003583268123,0.0021598807725975444,,,0.15000000000009095,,0.30999999999994543,50.340715502555085,62.49372365269568,0.4242050730554773,0.0013886806633946144,1.6314285714284844,NEUTRAL,0.6631980583396756,-1.0
0.00028634905459996613,-0.00018843691578362937,0.002295955052836661,,,0.19000000000005457,,0.3000000000001819,54.39045183290826,67.20061022120646,0.5215599266630729,0.0013455849291571151,1.5785714285713246,NEUTRAL,0.6036646519065599,-1.0
-6.22467560413227e-06,-0.0004885949052200921,0.0019965426330056345,,,0.15999999999985448,,0.3100000000004002,46.8954248366021,54.00457665903971,0.328565989103446,0.0013357470914702957,1.6235714285713325,NEUTRAL,0.4589453876136704,-1.0
-4.424713503811808e-05,-0.0005332619010414955,0.0019519865866029459,,,0.009999999999763531,,0.3400000000001455,50.48372911169804,47.67353165522621,0.32088003888658656,0.0012971632250686452,1.5778571428570558,NEUTRAL,0.3522323246232457,-1.0
-0.0001657641111668964,-0.000664804552422775,0.0018207706771580462,,,0.6300000000001091,,0.22999999999956344,51.11308993766701,32.816009909098455,0.15580720524045835,0.0009326736932610552,1.5842857142856377,NEUTRAL,0.5393991007487562,-1.0
-0.0002320976788085713,-0.0007367953619104719,0.0017489586873630236,,,0.9700000000002547,,0.2800000000002001,46.806569343064325,26.261476247333835,0.10056402112345901,0.0009114361589806968,1.6014285714285117,NEUTRAL,0.6874378628391199,-1.0
-0.0002709611396498071,-0.0007914159895801165,0.0016944737331761898,,,1.3100000000004002,,0.32999999999992724,37.927565392353735,18.444879461359438,0.0741606088330824,0.000992680979187399,1.5442857142856414,NEUTRAL,0.46837234175355386,-1.0
-0.0004872414309341087,-0.0010497033285273676,0.0014368279603246793,,,2.25,,0.3000000000001819,38.7461459403921,14.467426127586924,-0.04141048602400332,0.0011534564849468496,1.5599999999999454,NEUTRAL,0.6107755888486028,-1.0
-0.0007913346524495002,-0.0014025802511735974,0.0010848275571023662,,,3.519999999999982,,0.38999999999987267,35.43233082706793,8.091343757656128,-0.12527375251904704,0.001414513852545322,1.6435714285713792,NEUTRAL,0.5034942572388628,-1.0
-0.0010437744545646784,-0.0017009801121901692,0.0007871688986340193,,,1.5099999999997635,,0.2300000000000182,16.786817713698284,7.1284467465446,-0.13752474049877156,0.0017681131986909686,1.6278571428571078,NEUTRAL,0.4117661415232054,-1.0
-0.0011729982996821567,-0.001890058688681784,0.0005985599789386003,,,1.7300000000000182,,0.2600000000002183,16.414904330313547,5.3669359637428515,-0.09226046705212004,0.0021211413437955003,1.6607142857142858,NEUTRAL,0.5322199360770994,-1.0
-0.000715914354217592,-0.0014448427554293725,0.0010426700296912253,,,0.01999999999998181,,0.2300000000000182,29.46817785527493,13.311604788873238,0.15276444164206723,0.002244281282576609,1.7435714285714181,NEUTRAL,0.30982449053752387,-1.0
-0.0007320462127084332,-0.0014920815406425183,0.0009955485820259448,,,0.14000000000032742,,0.330000000000382,21.20343839541647,17.624071903089355,0.1738853754934775,0.0023220771219537827,1.7614285714285611,NEUTRAL,0.30359481590951637,-1.0
-0.0010597481786006856,-0.001870152319311794,0.0006184169024018373,,,1.5399999999999636,,0.25,19.104991394149636,18.401626379354514,0.08633949883938331,0.0025135818047846356,1.7721428571428532,NEUTRAL,0.3163486101890841,-1.0
-0.0006802016499789968,-0.0015020271159341943,0.0009856277107864913,,,0.25,,0.2600000000002183,32.60694108151739,20.935595619066973,0.28512882274452245,0.002561634232551188,1.8307142857142935,NEUTRAL,0.3230168710923368,-1.0
-0.0008535434216079651,-0.0017183922602818146,0.0007698000009932677,,,1.0600000000004002,,0.2699999999999818,26.9230769230752,18.482214050246196,0.18904928800643794,0.002578996941741445,1.8857142857142921,NEUTRAL,0.2501525566715784,-1.0
-0.0010508043285793005,-0.001969692077267527,0.0005191243936304543,,,2.0600000000004,,0.22999999999956344,27.23112128146299,17.242197873921807,0.1373712500007129,0.0026564524477603385,1.9050000000000051,NEUTRAL,0.1468999515693256,-1.0
-0.000899519773994844,-0.0018502467409580734,0.000638273036813629,,,1.400000000000091,,0.24000000000023647,31.05726872246734,14.963918030662086,0.22770077792193752,0.002657103219270698,1.9392857142856883,NEUTRAL,0.1522242032193271,-1.0
-0.0009751977199931635,-0.001967203342258626,0.0005216069468109719,,,1.7000000000002728,,0.2300000000000182,31.85240963855388,17.051251274581045,0.2229784334192206,0.0025408283663795267,1.9699999999999622,NEUTRAL,0.13759023015980032,-1.0
-0.0014520726796524706,-0.002517514494968726,-2.733727487136006e-05,,,4.039999999999964,,0.38999999999987267,27.683246073299003,16.1309230871707,0.04499814604332572,0.0025596447427275125,2.003571428571409,NEUTRAL,0.36096713888016113,-1.0
-0.0018725306807838773,-0.0030335128576189094,-0.0005420539368532752,,,2.3399999999996908,,0.2300000000000182,24.394463667820617,7.938577124342687,-0.07251479637840076,0.0028360804515053925,2.127857142857173,NEUTRAL,0.19926518292183487,-1.0
-0.0018062433235123295,-0.003048477253287238,-0.0005569811621014692,,,1.0899999999996908,,0.2800000000002001,25.97323600973216,4.682454365826147,-0.001228191018300133,0.002936244168244981,2.1735714285714494,NEUTRAL,0.25702593771994886,-1.0
-0.0025663540968884056,-0.003947158842034038,-0.0014534304941664043,,,4.629999999999654,,0.3400000000001455,22.822020309994514,4.541211427972096,-0.13479791191356613,0.0034327518386011655,2.2849999999999846,NEUTRAL,0.46951405407766544,-1.0
-0.0025438727611241585,-0.004024620622882861,-0.0015306998658460018,,,0.7100000000000364,,0.2699999999999818,24.17893544733809,5.365226337447936,-0.04369999966005888,0.003765119770413824,2.1964285714285388,NEUTRAL,0.19996862088864586,-1.0
-0.0027977609262686528,-0.004407107144991403,-0.0019122363205386858,,,2.3899999999998727,,0.2800000000002001,22.96933835395346,2.2365005192099505,-0.04601348773598304,0.004175257336804132,2.227142857142813,NEUTRAL,0.3681537652469323,0.0
-0.0028408114689673467,-0.004574693007468402,-0.002079405912485627,,,3.149999999999636,,0.36999999999989086,14.318181818181785,2.561094776388752,-0.003814598498146217,0.0045228739309135044,2.2478571428571286,NEUTRAL,0.7216929056530319,0.0
-0.0026205958076886146,-0.004462129172663501,-0.0019671216776809106,,,2.6799999999998363,,0.2300000000000182,16.694584031266785,3.914131652745455,0.07837931334412493,0.00470091976607738,2.2478571428571286,NEUTRAL,0.2175679572181644,0.0
-0.0025551664994625848,-0.004497146329073564,-0.002002051854139059,,,2.7399999999997817,,0.2300000000000182,18.044659022328503,5.38605485009256,0.12176178982279082,0.0048325751360317306,2.2749999999999937,NEUTRAL,0.5327101307320339,0.0
-0.002212561667920301,-0.004234577152203354,-0.0017401348791241662,,,1.7699999999999818,,0.2899999999999636,13.613231552162205,9.85779705953172,0.20396392861477192,0.004882582737858976,2.219999999999995,NEUTRAL,0.1549554232346209,0.0
-0.002305274692085272,-0.00442961542771061,-0.00193468869439637,,,2.4600000000000364,,0.32999999999992724,14.200398142003408,10.593229623339782,0.2020918269761274,0.004974818641771146,2.253571428571409,NEUTRAL,0.2737577694187762,0.0
-0.0016410450147562347,-0.0038097560611452023,-0.0013163690113297227,,,0.11000000000012733,,0.34999999999990905,28.305288461538908,18.804781092885793,0.3480079796122726,0.004929827462330194,2.3728571428571286,NEUTRAL,0.5438239768528149,
0.00016059658507035197,-0.004329586336532565,-0.001834908067869164,,,0.0,,0.3599999999996726,50.0,50.0,0.5,0.0,0.0,NEUTRAL,0.766302811469937,
6.917572917705295e-05,-0.0044221125547162276,-0.0019272044579675804,,,0.38999999999987267,,0.3000000000001819,50.0,50.0,0.5,0.0,0.0,NEUTRAL,0.7701841757961168,
-0.00058493336604047,-0.00513288183906669,-0.002636208245501235,,,3.4299999999998363,,0.2899999999999636,50.0,50.0,0.5,0.0,0.0,NEUTRAL,0.7444484811645562,
-0.00031570653990128,-0.004864973931412138,-0.002368965800703022,,,0.7199999999997999,,0.2800000000002001,50.0,50.0,0.5,0.0,0.0,NEUTRAL,0.7356013599716537,
0.00040272855883993053,-0.0040945963773401485,-0.0016005018058539763,,,1.1100000000001273,,0.36000000000012733,50.0,50.0,0.5,0.0,0.0,NEUTRAL,0.7186444319609916,
0.0005442135057553603,-0.003924672176637619,-0.001430999683935722,,,1.4700000000002547,,0.3400000000001455,50.0,50.0,0.5,0.0,0.0,NEUTRAL,0.6838362917867126,
0.0003668091617029652,-0.0040945963773401485,-0.0016005018058539763,,,0.900000000000091,,0.330000000000382,50.0,50.0,0.5,0.0,0.0,NEUTRAL,0.7075618539061252,
0.0003892184226062845,-0.004052109934638621,-0.0015581208962431412,,,1.3200000000001637,,0.2699999999999818,50.0,50.0,0.5,0.0,0.0,NEUTRAL,0.7178728688931321,
0.0004890084438624509,-0.003924672176637619,-0.001430999683935722,,,1.8099999999999454,,0.2300000000000182,50.0,50.0,0.5,0.0,0.0,NEUTRAL,0.7415330357458177,
